,complex_filename,alphafold_iptm,alphafold_rosetta_score,alphafold_interface_sasa,alphafold_interface_dG,alphafold_interface_delta_hbond_unsat,alphafold_packstat,alphafold_distance_score,alphafold_n_contacts,alphafold_peptide_plddt,alphafold_interface_peptide_plddt,alphafold_peptide_pae,boltz_iptm,boltz_confidence_score,boltz_complex_plddt,boltz_complex_iplddt,boltz_complex_pde,boltz_complex_ipde,boltz_ligand_iptm,boltz_protein_iptm,boltz_chain_0_ptm,boltz_chain_1_ptm,boltz_rosetta_score,boltz_interface_sasa,boltz_interface_dG,boltz_interface_delta_hbond_unsat,boltz_packstat,boltz_distance_score,boltz_n_contacts,boltz_peptide_plddt,boltz_interface_peptide_plddt,boltz_peptide_pae,boltz_peptide_pde,intra_alphafold_mean_rmsd,intra_boltz_mean_rmsd,intra_all_mean_rmsd,inter_model_rmsd,length,molecular_weight,aromaticity,instability_index,isoelectric_point,gravy,helix_fraction,turn_fraction,sheet_fraction,hydrophobic_aa_percent,polar_aa_percent,positively_charged_aa_percent,negatively_charged_aa_percent,delta_net_charge_frac,uHrel,alphafold_ipsae_max,boltz_ipsae_max,alphafold_ipsae_min,boltz_ipsae_min
0,2ll6_LKVLVKAVLFACMLMRK,0.8,-141.99235942836708,2938.690797662594,-92.80050948919056,3,0.5574941707753399,6.612991784586501,48,74.8864705882353,74.8864705882353,6.826099821746892,0.8850834965705872,0.9353964924812316,0.9479747414588928,0.950954020023346,0.52020663022995,1.4405940771102903,0.0,0.8850834965705872,0.8519347310066223,0.9746991395950316,-93.74416237402797,2894.28277980119,40.89500650748296,12,0.5807914976608933,6.699442926541277,41,0.9401332420461318,0.9401332420461318,4.205535982934337,1.1296061131618451,0.2737636,0.27979746,0.46019945,0.5862609,17,1963.6058000000005,0.0588235294117647,38.31764705882353,10.318696784973142,1.4294117647058826,0.6470588235294118,0.0,0.4705882352941176,0.7058823529411765,0.0588235294117647,0.2352941176470588,0.0,0.2352941176470588,0.34163743832772,0.488950143678842,0.6929573271616111,0.1196754750613497,0.2259633119358353
1,3l81_TYKFFEQ,0.93,-492.2679063091476,1021.3358518739818,-40.38911246434191,4,0.6148848584697588,5.975181320031775,14,86.96285714285715,76.94571428571429,9.099371873262925,0.9433102011680604,0.918241322040558,0.9119741320610046,0.9228086471557616,0.5580911636352539,1.208179235458374,0.0,0.9433102011680604,0.8779944777488708,0.957423448562622,-152.36691241805113,889.6176761254108,-28.274491402164088,4,0.563589843053162,6.118476527102446,14,0.8805979916027614,0.7800180997167315,10.573449728371637,1.4250361266038098,0.5280904,0.6549957,3.3457425,5.9256115,7,962.0555,0.4285714285714285,36.08571428571429,5.663459968566895,-1.042857142857143,0.2857142857142857,0.0,0.5714285714285714,0.4285714285714285,0.2857142857142857,0.1428571428571428,0.1428571428571428,0.0,0.6037079096520875,0.6310193572125274,0.6238902079544089,0.3279817668038727,0.4342329324883053
2,3e5a_SSYSYDAPSDFINFSSGDTQNIDSWFEEKANLE,0.89,-594.9427455190951,2894.2878451345296,-95.78389013490346,16,0.6325108335229778,6.283692623426006,35,83.20545454545456,67.62212121212121,9.222205897357382,0.5192667841911316,0.7972075343132019,0.8666927218437195,0.8055750727653503,0.6169347167015076,5.249675750732422,0.0,0.5192667841911316,0.955600380897522,0.6014759540557861,208.9856711412056,2884.6765806824405,323.7210188718634,29,0.541830352554852,6.425451402134203,32,0.5581860840320587,0.4311097481034018,17.683527354177997,5.107601483574742,24.936344,17.24245,21.93708,7.1278205,33,3764.834,0.1818181818181818,55.56969696969697,4.0500284194946286,-0.8909090909090908,0.2121212121212121,0.4848484848484848,0.303030303030303,0.3333333333333333,0.3636363636363636,0.0303030303030303,0.2121212121212121,-0.1818181818181818,0.2934023156882745,0.761340107663469,0.0134529744558216,0.3440331844946033,0.0127167442288476
3,2ncz_EIKLKITKTIQN,0.64,63.07715446276652,1489.2636974240204,-43.29598527898818,3,0.5973711231647401,5.851789929907152,23,67.27083333333333,61.54999999999999,10.27802631578947,0.8011882901191711,0.8699426054954529,0.8871311545372009,0.891051709651947,0.5002847909927368,1.449723482131958,0.0,0.8011882901191711,0.9229084849357604,0.8587712645530701,-104.9009087891594,1463.789779233123,-41.65382873395399,7,0.5484800664067754,5.964147228710308,20,0.8207304279009501,0.7643614212671915,6.551682860025188,1.355431112071924,1.6512617,1.3178828,2.6074307,4.1490912,12,1428.7161999999998,0.0,-3.083333333333333,9.705344581604006,-0.525,0.4166666666666666,0.0833333333333333,0.5,0.3333333333333333,0.3333333333333333,0.25,0.0833333333333333,0.1666666666666666,0.4434338193711438,0.4663805121568191,0.5089076420870867,0.1784748185163672,0.2116773168811606
4,6e5x_FVPVPPPPLYPPP,0.83,-271.78536832597297,1252.6128596581034,-40.66233247359233,3,0.665291542342814,6.798007754095197,19,84.59,78.82538461538462,7.295934065934072,0.9256669878959656,0.9545713663101196,0.9617974162101746,0.9664044976234436,0.3609907627105713,0.6002308130264282,0.0,0.9256669878959656,0.9508928656578064,0.9309800267219543,-178.90065714871508,1219.194125141938,-32.442297935921914,1,0.5744841174242088,6.827752239294076,19,0.9077227253180284,0.7195541583574735,4.710097053663416,0.6925889522655979,2.0124278,0.59532106,1.5804651,0.8199805,13,1416.7034999999998,0.1538461538461538,137.24615384615385,5.524318122863768,0.0692307692307693,0.0769230769230769,0.6153846153846154,0.3846153846153846,0.3846153846153846,0.0,0.0,0.0,0.0,0.2523950307357636,0.6510007485352147,0.8061179713124034,0.2525459920007062,0.5258283029866772
5,3b1m_PSLLKKLLLAP,0.91,-537.6960821162212,1131.2258695285038,-45.88942553554813,1,0.5698625618987985,7.234411207113647,15,89.02181818181819,80.5109090909091,7.715243206977534,0.9714560508728028,0.9572827219963074,0.9537394046783448,0.9665222764015198,0.3784972727298736,0.560318648815155,0.0,0.9714560508728028,0.95297110080719,0.9819583892822266,-474.6083073599103,1086.7392575516285,-34.05680841084046,2,0.5406878617123761,7.292256517731549,15,0.9328011274337769,0.8434401046146046,5.418535329868873,0.8085718619587516,13.804736,0.30597436,7.382371,0.92283815,11,1192.5335,0.0,28.67272727272728,10.01866092681885,0.8181818181818182,0.7272727272727273,0.2727272727272727,0.4545454545454545,0.5454545454545454,0.0909090909090909,0.1818181818181818,0.0,0.1818181818181818,0.3093399945283376,0.6808294845422467,0.8771920426437331,0.2114194830728905,0.6354610294781703
6,3tei_PQLKPIESSILAQRRVR,0.92,-585.4951239433859,1541.725160903335,-39.97603100364472,17,0.7073332946170617,6.709602304425808,26,89.4564705882353,70.09588235294119,7.311619299405139,0.8858657479286194,0.912082016468048,0.9186360239982604,0.9147340059280396,0.4868898689746856,1.765756130218506,0.0,0.8858657479286194,0.9535479545593262,0.887554943561554,-265.3634322821759,1591.1069560109213,54.00113624689385,18,0.5678799911890533,6.772291783460984,25,0.8476634621620178,0.6991786220494438,9.622350680669529,1.6844188089913985,0.32841617,1.0516045,1.1818204,1.1822348,17,1991.3414,0.0,104.84117647058824,11.711600685119633,-0.5941176470588234,0.2941176470588235,0.2352941176470588,0.2941176470588235,0.3529411764705882,0.2352941176470588,0.2352941176470588,0.0588235294117647,0.1764705882352941,0.1168779505580005,0.6580368936782496,0.6383423980243013,0.222616503593981,0.1737795292992836
7,1xh7_TTYADFIASGRTGRRNAIHD,0.92,-759.308446233022,1996.2343721727195,-56.38009050362086,8,0.6720526590096322,6.401312100652432,31,88.454,70.11300000000001,5.531313725490197,0.965856671333313,0.9678326845169068,0.9683266878128052,0.9589782953262328,0.3352017700672149,0.9107565879821776,0.0,0.965856671333313,0.9702216386795044,0.9557547569274902,-225.47423498494305,1995.0949979659608,-1.4850025184994138,12,0.6287743635110212,6.778380091410113,29,0.9382424682378768,0.7930105537176132,5.337921116578312,0.6929983367814737,0.33912128,0.3683587,0.6752324,1.077939,20,2222.3766,0.1,50.06,8.43563976287842,-0.75,0.15,0.3,0.35,0.35,0.25,0.2,0.1,0.1,0.2883373133912657,0.7468644051425359,0.8852627313366483,0.2102800821405455,0.5148672788822748
8,1p4u_DFGPLVGA,0.93,-329.12267842600943,1016.1361436953838,-43.20024110289711,3,0.6115146764215545,6.02881416672408,20,93.53125,93.53125,5.189517973856218,0.9853199124336244,0.9836940169334412,0.983287513256073,0.9846175909042358,0.2849143743515014,0.3415195941925049,0.0,0.9853199124336244,0.9755734205245972,0.9835076332092284,-244.0395972297975,1041.1296929770008,-35.52935010821528,3,0.5509553765670088,6.106920271667081,20,0.9769000634551048,0.9769000634551048,3.073667598876104,0.3689697554541958,0.15976624,0.15564628,0.26560035,0.5215562,8,774.8607999999999,0.125,-21.90000000000001,4.0500284194946286,0.8374999999999999,0.25,0.5,0.375,0.5,0.0,0.0,0.125,-0.125,0.5177901811042929,0.7296805801275236,0.9091684134603396,0.4314487409764601,0.8314586470974605
9,2m41_VFPWHSLVPFLAPSQ,0.81,-222.0557993789568,2002.3288447241544,-79.84886162147225,14,0.6607954626290071,6.592735392294722,37,81.84666666666665,81.84666666666665,6.689178743961364,0.8959881663322449,0.948068618774414,0.96108877658844,0.9586445689201356,0.4462794065475464,0.8240180015563965,0.0,0.8959881663322449,0.9296013116836548,0.9062170386314392,-119.11618890949993,2039.472631584341,7.522368902689323,8,0.6541510891007144,6.350956600821932,32,0.9267388542493183,0.9267388542493183,4.464211674660876,0.9253541885078818,0.3532274,3.0561974,3.8395677,6.997235,15,1724.9966000000004,0.2,100.24,6.711116218566894,0.6266666666666667,0.2,0.3333333333333333,0.4666666666666667,0.5333333333333333,0.2,0.0666666666666666,0.0,0.0666666666666666,0.1921320955268093,0.7269452195911051,0.8352800267723038,0.2676184390529881,0.4329680764809734
10,1gj8_PPEELKFQCGQKT,0.88,-512.037806268451,1224.935568006317,-33.95059682086668,14,0.7014967087322638,6.124322384092052,23,85.60999999999999,73.34076923076924,8.26592426952893,0.8974303603172302,0.967514991760254,0.9850361347198486,0.9815590977668762,0.2793560326099396,0.5381691455841064,0.0,0.8974303603172302,0.9866031408309937,0.8825827240943909,154.5948370793516,1168.6658814263587,104.24438352744104,6,0.6048871946342294,6.104132253453604,19,0.9293650021919836,0.738804280757904,9.498421551138785,0.9504962013317988,0.49372977,2.1084867,3.5849874,5.242912,13,1504.7062,0.0769230769230769,50.16153846153847,6.516840553283691,-1.3076923076923077,0.3846153846153846,0.2307692307692307,0.2307692307692307,0.1538461538461538,0.3076923076923077,0.1538461538461538,0.1538461538461538,0.0,0.1585883567115858,0.6007323554528071,0.8830294899177874,0.2387834224235101,0.5206160697732999
11,5h5q_CRVDLQGWRRCRR,0.9,-400.4822363465956,997.5856441234096,-32.55284661162597,3,0.7160786357449919,5.811107269588973,17,92.77846153846156,72.94692307692308,4.812272924815292,0.6180744767189026,0.9006162881851196,0.9712517261505128,0.9348949790000916,0.4355543255805969,4.787189960479736,0.0,0.6180744767189026,0.9802845120429992,0.9201738238334656,-312.17751535609614,1044.7727458742545,23.61732880329862,14,0.6839580338037203,5.7481907341149725,18,0.8380523094764123,0.6417749569966242,12.452800986223872,3.6367979679015447,18.336048,17.970127,19.812687,0.92530775,13,1703.996,0.0769230769230769,120.36153846153849,11.402281379699708,-1.3692307692307693,0.0769230769230769,0.1538461538461538,0.2307692307692307,0.2307692307692307,0.2307692307692307,0.3846153846153846,0.0769230769230769,0.3076923076923077,0.3441331263751383,0.7479963264748811,0.0621436456784906,0.327341837708465,0.0153617796836408
12,5iz6_AGEALYE,0.94,-732.175441717765,1281.110968021574,-50.0766305787655,3,0.701264881762979,6.30836985375821,22,90.91,90.91,6.71491969568892,0.9703456163406372,0.969803750514984,0.9696682095527648,0.9698154926300048,0.3286843299865722,0.8716189861297607,0.0,0.9703456163406372,0.9661641120910645,0.9839413166046144,-571.8619865018929,1274.3650998082,-21.497305198668528,4,0.6567873193766279,6.38019664149282,22,0.9178318466459002,0.9178318466459002,5.780958316508532,0.863955070936166,14.054056,0.4346826,11.757575,0.6210765,7,751.7812,0.1428571428571428,-12.971428571428572,4.2404390335083,-0.1857142857142857,0.7142857142857142,0.1428571428571428,0.2857142857142857,0.5714285714285714,0.0,0.0,0.2857142857142857,-0.2857142857142857,0.7665685012926436,0.6721964135390828,0.8422577680801997,0.2739909235154976,0.5280729508948462
13,5wa1_EDDDIKQLAAWTT,0.94,-803.9021174042815,1184.9409370748658,-39.38097880164946,0,0.5952078403666129,7.098283962325442,17,89.24538461538462,68.60615384615384,6.165079825834537,0.9608601927757264,0.9528436064720154,0.9508394002914428,0.954922378063202,0.3227578103542328,0.976556360721588,0.0,0.9608601927757264,0.9707946181297302,0.9816114902496338,-586.5898227143389,1091.1070564815182,-22.689441372407373,2,0.5684310637326266,7.065711887023013,17,0.920718055505019,0.4986721644034752,6.286254779891604,0.9063888207995592,0.24885173,0.3964346,0.42769143,0.48934624,13,1505.5817000000002,0.0769230769230769,24.13846153846154,4.0500284194946286,-0.9076923076923074,0.3846153846153846,0.2307692307692307,0.3846153846153846,0.3846153846153846,0.2307692307692307,0.0769230769230769,0.3076923076923077,-0.2307692307692307,0.2717857462931256,0.7077364381491623,0.7985975986719978,0.2544744392122668,0.4339858349977682
14,3kj0_GRPEIWYAQELRRIGDEFNAYYAR,0.91,-399.1882411367209,2090.310364839904,-72.00436896564219,5,0.6202064399108165,6.280259931762203,31,91.56208333333332,88.89291666666666,4.77317449355433,0.9664732813835144,0.9456454515457152,0.940438449382782,0.9501890540122986,0.3121476769447326,0.4474431276321411,0.0,0.9664732813835144,0.9679644107818604,0.9735507369041444,-346.63543197862964,2074.061225391534,-62.56519052048782,3,0.6859159008646489,6.379980936909162,28,0.9270700241128604,0.7421814848979315,3.214421849018632,0.535967550684679,0.20261045,1.039926,0.8194175,0.93594944,24,2974.246900000001,0.2083333333333333,97.66666666666669,6.255324363708497,-1.05,0.2916666666666667,0.2083333333333333,0.3333333333333333,0.4583333333333333,0.0833333333333333,0.1666666666666666,0.1666666666666666,0.0,0.2970542360880238,0.8367544224567973,0.9377621513820806,0.3747786042921714,0.7134667840597443
15,1wlp_GPLGSKQPPSNPPPRPPAEARKKPS,0.69,-85.61084932995502,1916.9332975123868,-43.26871608494052,6,0.7136511089129399,6.823253146968132,33,65.5744,53.5312,12.706137423312846,0.8841542601585388,0.9029504656791688,0.9076495170593262,0.9315099716186525,0.4245710074901581,0.962188720703125,0.0,0.8841542601585388,0.904449999332428,0.8785492181777954,-172.00881997887743,1922.340979124652,0.9744849711704262,14,0.6687851191373644,6.890961301101067,29,0.865629677772522,0.7036410331726074,6.347557655360801,1.1112625526284878,1.5717967,3.1730618,3.07407,3.5774462,25,2590.9341,0.0,81.20800000000001,11.097152519226071,-1.656,0.28,0.6,0.04,0.12,0.2,0.2,0.04,0.16,0.1260503169782705,0.6076666284725812,0.7769070596916939,0.1207970953763003,0.4001099509137104
16,3l6x_DEEGGGEEDQDFDLSQLH,0.95,-892.65412322129,2449.0860791580694,-76.24136494101367,15,0.611850985231314,6.426025016300487,41,91.04555555555557,91.04555555555557,6.572815880039351,0.5690435171127319,0.8434270024299622,0.912022829055786,0.8820177912712097,0.6662532687187195,7.774188995361328,0.0,0.5690435171127319,0.893613338470459,0.6777955889701843,-550.7897073649586,1861.7546899395293,66.60240657157055,26,0.5578772478650339,6.4383000159133,30,0.6538741787274679,0.4382693005932702,21.221382454543164,7.5652215835164895,33.119263,4.711659,21.439531,8.671603,18,2019.9388,0.0555555555555555,89.95555555555555,4.0500284194946286,-1.6555555555555557,0.3333333333333333,0.4444444444444444,0.1666666666666666,0.1666666666666666,0.1666666666666666,0.0555555555555555,0.4444444444444444,-0.3888888888888888,0.0605580300432431,0.7065683120570931,0.0138844819066033,0.2783552729650387,0.0109047454779714
17,2mg5_FKEVANAVKISASLM,0.49,-183.23406689146108,2446.135456552722,-59.51942474118623,6,0.6563141747098361,6.8486551098086,41,52.706,52.706,12.743406952965262,0.9349911212921144,0.856351375579834,0.8366914391517639,0.8011200428009033,0.4050055146217346,0.9202913641929626,0.0,0.9349911212921144,0.8690477609634399,0.980437397956848,-8.650684671867062,2338.259750537494,65.09816859255737,3,0.6024116247625092,6.475951282066109,38,0.734777041276296,0.734777041276296,2.903192754635294,0.8007054223848511,0.5201689,1.354185,2.168122,2.9661405,15,1607.9118,0.0666666666666666,-8.266666666666666,8.591073036193851,0.6933333333333334,0.5333333333333333,0.2,0.3333333333333333,0.6,0.2,0.1333333333333333,0.0666666666666666,0.0666666666666666,0.4755775980509834,0.0248852861866449,0.791319234312542,0.0141375566092423,0.4464786114710785
18,1mv0_LLPTPPLSPSRRSG,0.48,47.82236209486733,1156.119966070833,-1.0281476111266628,7,0.6515175008238882,6.775634575747613,19,55.67357142857143,49.430714285714295,13.793007518797026,0.8856790661811829,0.9276677370071412,0.9381648302078248,0.9422600865364076,0.392503410577774,0.8937171697616577,0.0,0.8856790661811829,0.9400173425674438,0.8795255422592163,73.3123373991242,1426.6776487670563,77.64590676221421,10,0.6479547657598462,6.652926022279385,22,0.9131761619022916,0.7836224053587232,4.856586369177452,0.8634583366768701,6.288274,1.0944974,5.3117614,4.118623,14,1477.7074,0.0,168.00000000000003,11.999967765808105,-0.5357142857142858,0.2142857142857142,0.5714285714285714,0.2857142857142857,0.2142857142857142,0.2857142857142857,0.1428571428571428,0.0,0.1428571428571428,0.0743231355991937,0.105589248043894,0.6326089619829535,0.0528892805493263,0.3608164206338652
19,1c5y_LKFQCGQKT,0.93,-516.6554435895962,1183.1422162617982,-34.014705208642,10,0.7132378726664945,6.167381369046243,22,88.11999999999999,88.11999999999999,6.603467358408991,0.9797649383544922,0.9838449358940125,0.9848649501800536,0.979891836643219,0.275959700345993,0.4652427732944488,0.0,0.9797649383544922,0.985877811908722,0.9726656079292296,-68.57144815076794,1119.4316636033025,-8.680664034725154,5,0.610182978528497,6.154841409101401,21,0.9466720157199436,0.9466720157199436,4.995678574838939,0.4526049056534534,0.35863957,0.2383552,0.5179449,0.63763577,9,1052.2478,0.1111111111111111,-8.922222222222224,9.314085960388184,-0.7555555555555555,0.3333333333333333,0.1111111111111111,0.3333333333333333,0.2222222222222222,0.4444444444444444,0.2222222222222222,0.0,0.2222222222222222,0.1308102367662194,0.6534168257609455,0.896720144290697,0.3135877551465229,0.7267941728385662
20,4yj4_IWIAQELRRRGDFNAYY,0.84,-297.10898458287755,1842.941429109413,-41.33993351233482,16,0.5906356169622744,6.598375105641954,25,81.93588235294116,78.37529411764706,7.68312769010044,0.9587535858154296,0.9542455673217772,0.9531185626983644,0.9516456127166748,0.3931804001331329,0.7223302125930786,0.0,0.9587535858154296,0.9624979496002196,0.9655743837356568,-101.37843914806383,1784.8881944453517,134.51800241907262,10,0.65255291510349,6.469857874546196,23,0.9280543888316436,0.8717225193977356,3.8039845923012607,0.6615941445403325,0.2930229,0.54812354,0.7237443,1.0817413,17,2171.4156000000007,0.2352941176470588,97.28823529411764,8.587656211853027,-0.7176470588235294,0.2352941176470588,0.1764705882352941,0.411764705882353,0.5294117647058824,0.1176470588235294,0.1764705882352941,0.1176470588235294,0.0588235294117647,0.2683233198003012,0.6200590003751957,0.8765514095172652,0.2279173546127119,0.6492317393025238
21,4js0_SNLVISDPIPGAKPLPVPPELAPFVGRMS,0.88,-412.0280441245535,2655.449512525409,-90.28158598601811,12,0.656199010617805,6.0961174297252905,42,87.71862068965517,74.67862068965516,6.840326503414946,0.9333195090293884,0.9410774111747742,0.9430168867111206,0.9110347628593444,0.347977876663208,0.8065335154533386,0.0,0.9333195090293884,0.9796074628829956,0.9073801636695862,-338.73188961879816,2440.914090777362,-37.75985789982002,13,0.6938012653377924,6.160318988726906,31,0.8611955046653748,0.7670399752156488,5.278720015915914,0.757886492245876,0.43261194,2.2507355,1.8571455,1.6006502,29,2999.5248,0.0344827586206896,61.2,5.7889604568481445,0.2758620689655172,0.2758620689655172,0.4827586206896552,0.3103448275862069,0.4137931034482759,0.1379310344827586,0.0689655172413793,0.0689655172413793,0.0,0.1804026684338395,0.7692950970933298,0.8939151156462438,0.3260037579781532,0.5737508926139286
22,3wp1_KKSLRQFRRMR,0.54,-396.3135644907833,1429.5870117888858,-27.008744457813293,7,0.68120790794564,6.665785168608337,17,50.18818181818181,50.18818181818181,15.835207044264632,0.900876760482788,0.9528053402900696,0.965787410736084,0.9502670764923096,0.3108184933662414,0.9736577868461608,0.0,0.900876760482788,0.963949739933014,0.946144700050354,-253.6968473177822,1297.974315983286,53.77589982178708,12,0.629204866112225,6.997834138156421,15,0.8541391600262035,0.8541391600262035,6.266168688263909,0.9880131438679494,3.8566272,2.4688191,4.1836133,6.8286657,11,1505.8366,0.0909090909090909,82.47272727272727,11.999967765808105,-1.963636363636364,0.3636363636363636,0.0909090909090909,0.1818181818181818,0.2727272727272727,0.1818181818181818,0.5454545454545454,0.0,0.5454545454545454,0.4294628615622884,0.0306414839831652,0.6666087698886729,0.0141300165439164,0.2980328443777211
23,2kbs_TPLEITEL,0.74,-167.05950391197325,1004.5423170823492,-42.116748109931606,0,0.637466600612035,6.231963856787928,19,79.96374999999999,72.40125,7.061037499999998,0.905878722667694,0.9253627061843872,0.9302337169647216,0.9381482005119324,0.3748871684074402,0.7511573433876038,0.0,0.905878722667694,0.94471937417984,0.9031826257705688,-195.0481072049364,1011.2645108740468,-33.843648283137725,2,0.7042585631740628,6.178685042342368,17,0.8296577632427216,0.6863225549459457,5.082303375117481,0.7839320463687182,10.590744,0.47025985,6.502215,0.6277396,8,915.0391,0.0,56.900000000000006,4.0500284194946286,0.2624999999999999,0.5,0.125,0.625,0.375,0.25,0.0,0.25,-0.25,0.2536728901271323,0.5500683286584366,0.8744762779431577,0.1916361038870204,0.5642120433754096
24,4uu5_MWNLMPPPAERLI,0.72,-126.940022120409,1119.5448772941152,-43.492359764117225,3,0.6146091343048301,6.104770260255695,19,65.35538461538462,38.39846153846154,12.773719193427958,0.8825395703315735,0.9361595511436462,0.949564516544342,0.9612581729888916,0.4024471044540405,0.9090163707733154,0.0,0.8825395703315735,0.9223695397377014,0.7348001003265381,-154.16241988329182,1075.3340040679982,-34.94743599636671,3,0.6219839063756005,6.106402611225955,18,0.9162764182457556,0.4334851824320279,9.187489152755909,1.6798421720723058,3.4531085,2.0113695,3.7824233,3.542571,13,1567.9158,0.0769230769230769,96.9692307692308,5.75320873260498,0.0384615384615383,0.4615384615384615,0.3076923076923077,0.3076923076923077,0.5384615384615385,0.0769230769230769,0.0769230769230769,0.0769230769230769,0.0,0.4925598285742062,0.6483325089229516,0.8558192648474314,0.2467433179050837,0.3218303558629268
25,2kri_TCGPASFQCNSSTCIPQLWACDNDPDCEDGSDEWPQRC,0.28,-47.96910805181731,791.0403474480121,-4.253883140778569,10,0.6866462500408261,7.239171391986736,10,79.29684210526317,32.80263157894736,10.43386403508771,0.3129362463951111,0.7362424731254578,0.8420689702033997,0.7844516634941101,1.3468796014785769,5.645871162414551,0.0,0.3129362463951111,0.89326411485672,0.450192928314209,951.0766871691524,1548.1881461515468,289.9800818431255,23,0.5650683933085692,6.496061364430312,12,0.6868224018498471,0.307714946960148,17.824457185538975,4.959120450345309,12.467668,11.020352,14.2253065,9.681072,38,4180.4612,0.0789473684210526,45.30526315789473,4.0500284194946286,-0.8000000000000002,0.131578947368421,0.4473684210526315,0.1842105263157894,0.1842105263157894,0.4473684210526316,0.0263157894736842,0.1842105263157894,-0.1578947368421052,0.1369938288192706,0.0174646140695182,0.0129076645978612,0.0151365953091409,0.0
26,2hsq_AIYEKAKEVSSALSKVLSKIDDT,0.93,-504.3122608022147,2490.147005421243,-88.97903138786364,4,0.5714618690961806,6.381645754351687,38,91.65739130434784,87.42652173913044,6.511950398040412,0.957842230796814,0.89710533618927,0.8819210529327393,0.8971413373947144,0.453173279762268,0.8279460072517395,0.0,0.957842230796814,0.8730295896530151,0.9722391963005066,326.91652891406574,2412.4707469673094,97.23132725510168,3,0.5656172443275866,6.423063547136036,34,0.8981178869371829,0.7922637177550275,5.639474162981324,0.9723268764849754,0.917428,1.0004246,1.4032687,1.6219666,23,2495.8197,0.0434782608695652,0.7434782608695671,6.255608558654786,-0.1913043478260869,0.4782608695652174,0.2608695652173913,0.3478260869565217,0.4347826086956522,0.217391304347826,0.1739130434782608,0.1739130434782608,0.0,0.5926988876984546,0.7973224546279897,0.8077731298584688,0.3716166824469263,0.5531237618470708
27,1xow_GAFQNLFQSV,0.94,-558.2250106604209,1047.8904469096394,-45.526354874402045,2,0.5803070779238158,6.916273993069194,15,93.581,83.981,4.811490118577093,0.9853169322013856,0.9799124002456664,0.978561282157898,0.9797502160072328,0.2784933745861053,0.4310424625873565,0.0,0.9853169322013856,0.981492280960083,0.9942458868026732,-409.953905241434,999.7080110359486,-29.91358929673408,0,0.5695268072755256,6.828478662570061,15,0.9716492593288422,0.777360737323761,3.605553545275696,0.4156066955667239,0.14332692,0.2483656,0.26217526,0.2394764,10,1110.2189999999998,0.2,44.45,5.525000190734862,0.3699999999999999,0.2,0.3,0.4,0.5,0.4,0.0,0.0,0.0,0.7312630548576715,0.7862735964145446,0.9326852285464486,0.3375697350644638,0.7521157169115773
28,4k75_RWQDTRL,0.87,-210.86127194878,1062.0140390677225,-39.21797310574618,4,0.5757882714950915,6.170737420307574,20,91.17857142857144,91.17857142857144,5.566543778801851,0.9636989235877992,0.9769499897956848,0.9802627563476562,0.9824352860450744,0.2731930017471313,0.3447957336902618,0.0,0.9636989235877992,0.9766080379486084,0.9621192216873168,-200.65611998890063,1106.9316077435003,-28.351360455073262,10,0.7337535214067543,6.178417818784038,20,0.9511699676513672,0.9511699676513672,2.784834151443798,0.3928259759912476,0.30725002,0.45760784,0.4486587,0.5669459,7,974.0747,0.1428571428571428,96.44285714285716,9.598713874816896,-1.9714285714285715,0.1428571428571428,0.1428571428571428,0.4285714285714285,0.2857142857142857,0.2857142857142857,0.2857142857142857,0.1428571428571428,0.1428571428571428,0.1751692597849306,0.7405325168497394,0.9484926490727638,0.4097529030572148,0.793330577510692
29,1s5q_RMNIQMLLEAADYLER,0.87,-193.0948321582784,1996.62437956886,-68.1479195883165,6,0.6308017614969406,6.393806920211299,26,88.10125,77.2725,4.597922619047623,0.9654861688613892,0.9276083111763,0.9181388020515442,0.9212736487388612,0.3537612557411194,0.5653034448623657,0.0,0.9654861688613892,0.924898624420166,0.9797529578208924,-120.41647637265076,1739.8435270149334,-21.975441746440268,4,0.6241750239912821,6.445834421144201,24,0.9233484491705894,0.8100012876093388,2.176956333557055,0.5520768783099594,1.0597076,0.8741249,1.0941234,0.93294376,16,1966.2853,0.0625,31.53125,4.679122352600097,-0.28125,0.5625,0.125,0.3125,0.5625,0.125,0.125,0.1875,-0.0625,0.4515136478803579,0.7042257932169284,0.8814666895826954,0.3585688377531236,0.728181459213342
30,4x8n_EREEFDIED,0.36,-312.2193006074567,766.6341751513705,-5.518621870123809,5,0.7482408260333171,7.000112853645021,11,34.65,28.06222222222222,21.75060060060057,0.8771414756774902,0.9488489031791688,0.9667757749557496,0.9308005571365356,0.3004612326622009,1.0330709218978882,0.0,0.8771414756774902,0.9838740825653076,0.9210860729217528,-254.38230753008312,951.1415018855732,80.2545198829421,11,0.7339292259101268,6.823275234394751,13,0.7458088133070204,0.6560359795888265,7.461547493558746,0.9794553173017932,4.4323196,1.9337566,5.029024,6.534898,9,1181.1632,0.1111111111111111,129.04444444444445,4.0500284194946286,-2.022222222222222,0.4444444444444444,0.2222222222222222,0.2222222222222222,0.2222222222222222,0.0,0.1111111111111111,0.6666666666666666,-0.5555555555555556,0.2208954737428948,0.0178813263308582,0.5617401182142046,0.0,0.23186187959207
31,3gj3_GTWDCDTCLVQNKPEAVKCVACETPKP,0.9,-392.080302921307,992.0859254819222,-28.14855444050096,10,0.7023219564975643,6.442558142105045,16,94.79592592592591,49.14333333333333,4.214884360342874,0.8407562375068665,0.9168031811714172,0.9358149170875548,0.9361867308616638,0.433516263961792,3.5835065841674805,0.0,0.8407562375068665,0.9733310341835022,0.9838123321533204,-138.52225341786394,954.5878135125232,-17.391232846760346,10,0.6476180801572042,6.561562665189667,14,0.9383598786813242,0.346642255783081,5.866246193122,1.963178721905603,0.3275991,0.47005367,0.76280236,1.2457904,27,2936.3633,0.037037037037037,31.655555555555555,4.78273983001709,-0.4037037037037037,0.2962962962962963,0.2592592592592592,0.2962962962962963,0.2592592592592592,0.3333333333333333,0.1111111111111111,0.1481481481481481,-0.037037037037037,0.225373436249869,0.7311833011465511,0.5624074320972438,0.242520495088217,0.0557854073716203
32,5awt_YDPFGGDPFK,0.92,-540.4455253442801,1063.827622328998,-22.69898575356752,5,0.6977114282312158,6.899398594228682,17,89.08200000000001,89.08200000000001,7.479782608695652,0.758434534072876,0.9253156781196594,0.967035949230194,0.967932403087616,0.4484466910362243,3.4060275554656982,0.0,0.758434534072876,0.9371966123580932,0.8744561672210693,-282.7662481571688,977.2688248063048,-10.89527191890602,6,0.7403602313411034,7.059644829182511,17,0.9140158593654631,0.8307988584041596,12.699031256787157,2.902613259031289,16.668446,0.38254455,8.907454,0.951303,10,1142.2161999999998,0.3,68.51,4.207813453674317,-1.06,0.1,0.6000000000000001,0.3,0.3,0.0,0.1,0.2,-0.1,0.314771182425786,0.6455054977973506,0.3025493392293762,0.251450430734908,0.039973777489209
33,1iwq_KKRFSFKKSFKLSGFSFK,0.4,-110.03659210309382,3093.645930249349,-41.10654989289709,11,0.5564778927938616,6.688977390788646,43,39.574444444444445,39.574444444444445,17.755414012738882,0.8846378922462463,0.933138072490692,0.945263147354126,0.9288163781166076,0.3661685883998871,0.9102828502655028,0.0,0.8846378922462463,0.9113935232162476,0.904144525527954,131.50667143654877,2872.704242575272,198.82474950280084,19,0.5491465467027045,6.513902474518123,42,0.8679308858182695,0.8214906023608314,5.072595141337683,0.9263972565373544,1.4795071,7.684105,7.5666375,8.332479,18,2197.6219,0.2777777777777778,-2.2111111111111104,11.433484077453612,-0.7611111111111112,0.3888888888888888,0.2777777777777778,0.3333333333333333,0.3333333333333333,0.2222222222222222,0.3888888888888888,0.0,0.3888888888888888,0.1554779084538666,0.0250295058461941,0.7986228629320938,0.0107200878592983,0.2820579922165657
34,5z2w_NGGQEALEERARNELSMTRPGETFYRLVPDASKRA,0.89,-375.593320131198,1936.6278410164955,-47.04697101387262,2,0.6190024277063506,5.765663212426643,23,88.30771428571427,69.17685714285714,8.317382903981267,0.6124839782714844,0.8253471255302429,0.8785629272460938,0.8384888172149658,0.7666257619857788,5.231522560119629,0.0,0.6124839782714844,0.8474318385124207,0.5661143064498901,25.12644476066456,1677.5545023685831,36.09439082821768,8,0.6718095909032011,6.21791713737692,21,0.6557496309280395,0.3895053914615086,19.37197418675629,5.344383139814091,3.0287483,10.184041,7.7333245,4.839439,35,3950.313000000002,0.0571428571428571,50.486,6.357236671447754,-1.1171428571428577,0.4,0.2857142857142857,0.2285714285714285,0.3142857142857143,0.1999999999999999,0.1714285714285714,0.1714285714285714,0.0,0.3719622412686804,0.6387055438968054,0.3649480833912808,0.3564157010283027,0.0356004137485903
35,1x8s_HREMAVDCP,0.89,-233.21754496702624,1273.0244852601777,-65.3534363294867,1,0.6330476066095468,6.2028602646134905,21,89.81222222222222,89.81222222222222,4.949802699896155,0.9646814465522766,0.9740158915519714,0.9763495326042176,0.9780101776123048,0.3150519132614136,0.4599775671958923,0.0,0.9646814465522766,0.9468496441841124,0.9593108892440796,-106.4617756652843,1290.6486804204756,-40.29966519381634,1,0.7453847531714716,6.212334509360524,20,0.9664079613155788,0.9664079613155788,3.269971134042443,0.4800394589655867,0.16969763,0.16207929,0.30426478,0.33089536,9,1057.2047,0.0,27.3,5.3203229904174805,-0.6555555555555554,0.3333333333333333,0.2222222222222222,0.1111111111111111,0.3333333333333333,0.1111111111111111,0.2222222222222222,0.2222222222222222,0.0,0.1433210951286429,0.7510672653998962,0.8687084385644834,0.4278318782563578,0.7540556881416539
36,4x3h_RIPSYRYRY,0.83,-202.13139034793747,1627.6363559463312,-66.30614634497135,3,0.61904852141189,5.929357652809,23,86.18111111111111,86.18111111111111,5.437499999999999,0.9735191464424132,0.9704939126968384,0.9697375893592834,0.9742316007614136,0.3039844930171966,0.3749040067195892,0.0,0.9735191464424132,0.9514283537864684,0.9767627716064452,-137.72393400032846,1598.553523498348,-47.283992746696896,7,0.5518653177525635,5.930404923909865,23,0.9689488609631856,0.8681164781252543,1.8640050365768297,0.3995942015464258,9.267725,0.2166528,5.5342693,0.6640517,9,1273.4421,0.3333333333333333,-27.24444444444444,10.267057609558105,-1.7000000000000002,0.0,0.2222222222222222,0.4444444444444444,0.4444444444444444,0.1111111111111111,0.3333333333333333,0.0,0.3333333333333333,0.2656409944486044,0.6444271084806694,0.9255861101065844,0.3286311022706236,0.82677139811941
37,5gp7_SLSRTPADGR,0.85,-380.81083988653137,1276.985816399825,-36.67669495275288,6,0.6592980874156918,6.779433331300773,21,83.386,83.386,7.742976878612712,0.974511742591858,0.9811224937438964,0.9827752113342284,0.980955183506012,0.2634757459163666,0.3638883829116821,0.0,0.974511742591858,0.9885194301605223,0.968656361103058,-358.44367631482913,1196.9094277006618,-21.72995244482616,8,0.7033087531134042,6.7406467834769925,17,0.9498297691345214,0.8582887053489685,3.856806169372762,0.4403104130760094,1.2664926,0.35330933,1.0324515,0.9596951,10,1059.1346,0.0,39.03,9.314408302307127,-1.12,0.2,0.5,0.2,0.2,0.3,0.2,0.1,0.1,0.2691884101067577,0.6809228331156798,0.9435210499658532,0.2395706346389882,0.7533801820307795
38,1d4t_KSLTIYAQVQK,0.89,-243.7383557358788,1674.650452904699,-67.76258327943935,8,0.6028783207987195,5.951909854446076,26,92.7218181818182,92.7218181818182,4.797162055335974,0.8804805278778076,0.949889361858368,0.9672415256500244,0.9691276550292968,0.3596170842647552,1.0490365028381348,0.0,0.8804805278778076,0.9690380096435548,0.9034759402275084,-197.46826109351795,1693.6463992868762,-31.955906107794533,9,0.6743530017686203,5.95460660297916,25,0.945551953532479,0.8690814484249462,5.587536366843423,0.9091022653070834,0.1973371,0.1924188,0.32245067,0.38227153,11,1278.4968,0.0909090909090909,23.76363636363636,9.703023719787598,-0.3,0.3636363636363636,0.0909090909090909,0.4545454545454546,0.4545454545454546,0.3636363636363636,0.1818181818181818,0.0,0.1818181818181818,0.2840579703213246,0.8108090683561844,0.6113130196470326,0.4197482694204476,0.3235768193934002
39,2rol_PPVPNPDYEPIR,0.62,-108.91734546644813,1138.542980127546,-34.62741849511424,4,0.7400969859803229,6.800989176645234,14,72.25750000000001,68.11166666666668,9.004166666666675,0.8725086450576782,0.9021353125572203,0.9095419049263,0.8760905265808105,0.3482077419757843,0.7568777799606323,0.0,0.8725086450576782,0.9486881494522096,0.8912362456321716,-16.979782851992827,1318.3552703326382,59.80533381330052,14,0.6049918975893758,7.033017603443703,17,0.7607408910989761,0.7607408910989761,3.848883033386971,0.7311442965935719,14.591164,2.6097188,9.62106,5.5382233,12,1393.5428,0.0833333333333333,58.4,4.370713996887207,-1.3,0.0833333333333333,0.5833333333333334,0.25,0.25,0.0833333333333333,0.0833333333333333,0.1666666666666666,-0.0833333333333333,0.4359515324234138,0.2031333659295776,0.51005379082973,0.130032945091902,0.380522024008348
40,1jd5_AIAYFIPD,0.9,-198.9227294699961,1077.3585317011791,-44.97463175051888,2,0.731977872525,5.812177175910016,18,90.82125,81.32875,4.668772123893801,0.9774601459503174,0.968882977962494,0.9667387008666992,0.973467230796814,0.2939680516719818,0.4098910689353943,0.0,0.9774601459503174,0.9662067294120787,0.9767082929611206,-110.37705858195052,1000.0560529598528,-38.858593040545614,2,0.6958987181869802,5.859534581610696,18,0.956235446035862,0.8513275235891342,2.3858039350768108,0.4571854963041512,0.1813413,0.20839508,0.49084806,0.6955265,8,909.0359,0.25,-4.275,4.299494743347168,1.125,0.25,0.25,0.5,0.75,0.0,0.0,0.125,-0.125,0.6075273789037321,0.6390848301214302,0.9108940871661388,0.4134682856562832,0.8234754354618973
41,1jd6_AVPFYLPE,0.91,-201.48882043840328,1027.0820497909458,-46.87236207405397,3,0.7603662023093265,5.767248186290271,18,93.0775,83.27250000000001,3.6822159090909072,0.9784294366836548,0.981671929359436,0.9824824929237366,0.9857289791107178,0.2867287695407867,0.3345159590244293,0.0,0.9784294366836548,0.972798764705658,0.976736307144165,29.734701049606848,967.9837042137704,-38.83584892494984,2,0.8164648142655639,5.826671432502276,18,0.970085620880127,0.8621618896722794,2.241681734912775,0.4033346606249159,2.7504456,0.37829316,1.6145434,0.6253359,8,935.0732,0.25,143.45125000000002,4.599093055725096,0.575,0.375,0.25,0.5,0.625,0.0,0.0,0.125,-0.125,0.3343659457860259,0.7442221747358243,0.9344494920618178,0.4649664441762497,0.8394804024224054
42,2l75_ARTKQTARST,0.74,25.952273652727754,1214.081272303938,-30.31405098892516,10,0.6063313336039703,5.616317929023255,24,85.86699999999999,79.476,6.354015151515149,0.9347862601280212,0.9397596716880798,0.9410030245780944,0.9501150250434875,0.318999320268631,0.3792575895786285,0.0,0.9347862601280212,0.9114936590194702,0.9289214611053468,-25.395766577965144,1285.1601629142765,-28.928909226363388,6,0.7029537877258746,5.808678654560627,22,0.9252386450767516,0.9252386450767516,3.1740307195620105,0.5733282600839933,3.5589874,0.75425375,2.6980393,1.6367651,10,1119.233,0.0,76.58,11.999967765808105,-1.5699999999999998,0.3,0.1,0.3,0.2,0.5,0.3,0.0,0.3,0.3028304167215911,0.4873515966343699,0.8229670760613496,0.2890500623602404,0.7486878946730147
43,4pas_EEEKSRLLEKENRELEKIIAEKEERVSELRHQLQS,0.82,-146.30318891759865,2093.5155883195102,-67.95370028263254,0,0.6263739331067896,6.589644173123304,21,97.09885714285716,63.88828571428573,2.836494208494212,0.9513214230537416,0.9793901443481444,0.9864072799682616,0.9881871342658995,0.2660095989704132,0.2927149534225464,0.0,0.9513214230537416,0.9577804803848268,0.9685500264167786,-99.5433794526714,2021.646777203758,-57.7874341194669,1,0.6254875017050691,6.674834921416398,20,0.9862000925200326,0.5929923261914934,1.2140780525778252,0.2970398390960509,0.30094168,0.27686167,0.47128075,0.7357933,35,4306.7456,0.0,79.11142857142856,5.080803489685057,-1.5485714285714287,0.6,0.1142857142857142,0.2285714285714285,0.2571428571428571,0.1714285714285714,0.2571428571428571,0.3142857142857143,-0.0571428571428571,0.335702981409231,0.5882170215253765,0.8748266739865631,0.5770903133697004,0.8701566848773211
44,5gow_YVGEDDEEDDDFNENDEDD,0.42,60.47190706677787,1799.1815877471056,-26.86187930528351,16,0.6892010810317319,6.388535301463633,27,43.48578947368421,40.548421052631575,18.957637795275627,0.7546818852424622,0.825232207775116,0.8428698182106018,0.8163025975227356,0.5409033298492432,1.5642045736312866,0.0,0.7546818852424622,0.8983603715896606,0.7362551689147949,19.4367927699526,1695.212665514635,10.44319894173013,28,0.6974342241898484,6.377485915888933,20,0.637242632476907,0.6017828693515376,9.0166140878492,1.895343152717392,12.732662,12.59363,13.302107,9.356406,19,2279.019,0.1052631578947368,44.63684210526316,4.0500284194946286,-2.4842105263157896,0.2631578947368421,0.5789473684210527,0.1578947368421052,0.1578947368421052,0.1052631578947368,0.0,0.6842105263157894,-0.6842105263157894,0.1419177390340334,0.0434924076322732,0.3640484181819131,0.0390494277775357,0.1366207144045937
45,1n4h_HKILHRLLQE,0.92,-602.1183619589301,1131.1076448034837,-40.69828981705598,0,0.5202914256113836,6.93968115712619,14,90.619,81.275,5.807586614173228,0.9737418293952942,0.9763337969779968,0.97698175907135,0.9711322784423828,0.282416969537735,0.5552395582199097,0.0,0.9737418293952942,0.9823192954063416,0.9858995676040648,-389.6294651934614,1107.0241644929883,-26.03087619310668,1,0.6325873343202082,7.084026822988394,14,0.9240277111530304,0.8271857917308807,4.773586800424602,0.5478675547312564,0.1742572,0.2226573,0.30253628,0.35887492,10,1286.5255,0.0,95.31000000000002,8.762365531921386,-0.5900000000000001,0.5,0.0,0.4,0.4,0.1,0.4,0.1,0.3,0.5747786824472394,0.6856472508990743,0.8937925906545966,0.2705036658019653,0.6198274258827099
46,3ul1_SAVKRPAATKKAGQAKKKKLD,0.95,-988.6914676520024,2892.412244507168,-72.28984410356975,10,0.5958551105064414,6.489062750652531,54,91.59952380952382,91.59952380952382,5.989618621497801,0.9058068990707396,0.9667725563049316,0.982014000415802,0.968827486038208,0.3419335782527923,2.413007974624634,0.0,0.9058068990707396,0.9753284454345704,0.9006062150001526,-765.0189813138668,2850.17672717144,6.153711281240248,20,0.6418227303280936,6.606663432083763,49,0.8833170220965431,0.843745265688215,8.994045513683556,1.925455053567988,17.609974,0.55813926,9.779378,0.5774931,21,2224.6495,0.0,37.97619047619048,10.751730918884276,-1.2047619047619045,0.6190476190476191,0.1904761904761904,0.1428571428571428,0.3333333333333333,0.1428571428571428,0.3809523809523809,0.0476190476190476,0.3333333333333333,0.1085711218610529,0.7877273938049468,0.7487175927283048,0.268938682455262,0.1244686059305696
47,2jq9_EDQLSRRLAALRN,0.81,-206.7431739241244,1041.4701873215174,-40.39701706428565,2,0.637367516648398,7.270691362783031,15,89.78923076923078,71.23615384615384,4.850366300366295,0.963922917842865,0.9724413752555848,0.9745710492134094,0.9768515825271606,0.2749519050121307,0.3480142056941986,0.0,0.963922917842865,0.9715861082077026,0.9843822121620178,54.04886375630555,1128.7534205960908,132.24948163069607,0,0.6278052153728396,7.315730703790024,15,0.9649325746756332,0.5964545699266287,1.6295801686607438,0.3470428170356558,14.000165,0.2939814,8.015349,1.7569543,13,1541.7115,0.0,107.23076923076924,9.609866905212405,-1.0230769230769228,0.4615384615384615,0.2307692307692307,0.2307692307692307,0.3846153846153846,0.2307692307692307,0.2307692307692307,0.1538461538461538,0.0769230769230769,0.3461148106381362,0.741470769243201,0.9470299440536872,0.3422777939656703,0.7808400570285372
48,2ksp_LESKPYNPFEEEEED,0.6,11.060603306318354,972.0700319559364,-19.48440780133452,4,0.6252690658535506,6.048722218983553,16,59.65466666666667,41.25,14.39658333333331,0.8210504055023193,0.8902170062065125,0.9075086116790771,0.9169902205467224,0.4235714077949524,0.7609516382217407,0.0,0.8210504055023193,0.929671585559845,0.7748942375183105,-143.16337654652452,853.7855778897767,-18.13367868116113,1,0.5866966978262559,6.245283193592987,13,0.7696225086847941,0.4059504230817159,10.016506498389774,1.4000197243028216,2.5145123,2.9756668,4.3552804,4.7355027,15,1854.8739000000005,0.1333333333333333,127.84,4.0500284194946286,-2.04,0.5333333333333333,0.3333333333333333,0.2,0.2,0.1333333333333333,0.0666666666666666,0.4666666666666667,-0.4,0.2238416594375966,0.4824703664286381,0.7502404817294612,0.1165693847683015,0.3264325299117335
49,5vko_GVPYSNESGLVNADLDVKDELMFPLVDSG,0.84,-448.1779576320488,3313.36390940721,-89.65490301992867,14,0.626382090267514,6.352590204081994,49,82.1710344827586,79.62999999999998,8.3534512743628,0.4921165406703949,0.7876847982406616,0.8615768551826477,0.7477429509162903,0.7616587281227112,5.892332553863525,0.0,0.4921165406703949,0.9472784399986268,0.4745250940322876,-171.0637035247538,3350.4935164368526,169.40598217930622,38,0.6242018686430668,6.382669061412533,40,0.4449248951056908,0.4157127059739211,18.86760209033872,5.825923410084831,0.5744829,11.430965,7.840403,6.9888773,29,3081.3619,0.0689655172413793,27.117241379310347,4.0500284194946286,-0.0517241379310345,0.3103448275862069,0.4827586206896551,0.3448275862068966,0.4137931034482759,0.1724137931034483,0.0344827586206896,0.2068965517241379,-0.1724137931034483,0.1270872636740156,0.6155797913083356,0.0138319536835746,0.2106568407869418,0.0123406128368913
50,5ybe_PKNKARRRTTTQMELLYAD,0.94,-544.3431404881852,1882.6415803324496,-56.23209503300416,6,0.646807554024393,6.904990142682001,29,93.31263157894738,79.03315789473685,5.000306535569688,0.9291170239448548,0.9578186273574828,0.9649940133094788,0.960956573486328,0.3079728186130523,0.7821246981620789,0.0,0.9291170239448548,0.9596017599105836,0.9248028993606568,-507.5477946531846,1896.2347087532096,-36.68239958088992,14,0.6613449651364376,6.80648493868723,30,0.8869926960844743,0.797355520097833,6.634721864653342,0.940903367266757,0.3424,0.84741765,1.160997,1.575152,19,2292.6173000000003,0.0526315789473684,86.2578947368421,10.273182106018066,-1.431578947368421,0.4210526315789473,0.1578947368421052,0.3157894736842105,0.3157894736842105,0.2631578947368421,0.2631578947368421,0.1052631578947368,0.1578947368421052,0.1355941697594918,0.8383932829475617,0.8761627046727745,0.3432297703553212,0.4197452528039722
51,1rkc_YTKKELIESARKVSEKVSHVLAALQA,0.92,-591.4720286589578,2550.3688388304745,-83.49694441842064,2,0.4587282080545278,6.607782097423461,35,90.73307692307692,85.26423076923076,5.75064192849403,0.955979824066162,0.9312147498130798,0.9250234961509703,0.938873529434204,0.4142199754714966,0.9235112071037292,0.0,0.955979824066162,0.9137582182884216,0.9748284816741944,-182.25416342619857,2508.158787787787,-47.45084802121875,7,0.6097256567228255,6.335244163381399,30,0.9413181245326996,0.7569274627245389,5.064242889251023,0.899332868478151,0.64707834,0.71690136,1.2555114,1.93031,26,2899.344699999999,0.0384615384615384,44.073076923076925,9.403439140319826,-0.2307692307692307,0.5384615384615385,0.1153846153846153,0.3461538461538461,0.4615384615384615,0.1923076923076923,0.2307692307692307,0.1153846153846153,0.1153846153846153,0.4597352007967618,0.8098162556988487,0.8363468607104655,0.3355220602161056,0.4841701620910061
52,4xhv_DSKDVKEWYV,0.77,-187.7874305364126,1092.4897140719668,-43.484927046983216,1,0.6517927687250838,5.930910417400875,23,74.69500000000001,62.851,9.17741346153847,0.9153788089752196,0.9564585089683532,0.966728448867798,0.9658748507499696,0.359857439994812,0.8191251158714294,0.0,0.9153788089752196,0.9511429071426392,0.8629871010780334,-182.0703351451373,1046.4698419827423,-39.51938536556472,8,0.6641726080280516,6.053397029508642,20,0.905022382736206,0.6568905055522919,5.236757748889235,0.9171207249737704,0.7158488,0.5448563,1.0697817,1.3155007,10,1268.3711,0.2,10.350000000000003,4.558112144470216,-1.2899999999999998,0.3,0.3,0.4,0.4,0.1,0.2,0.3,-0.1,0.2006221124868453,0.7178876081678921,0.8958319088561061,0.2619669973254949,0.4757937692897491
53,2yq6_WIAQELRIGDFNAYYA,0.57,-223.4592863604225,1931.4015805622105,-52.062618213387935,7,0.6307588092071903,6.257257643477459,25,57.806875000000005,54.135000000000005,13.644083850931676,0.9022231698036194,0.935842514038086,0.944247305393219,0.930943250656128,0.4313825368881225,1.909333109855652,0.0,0.9022231698036194,0.9249737858772278,0.935417115688324,-216.28547813837625,1679.8238260041394,6.572583299942323,10,0.5797139982796368,6.632002971855632,20,0.8861770108342171,0.6704898774623871,5.258397594105846,1.352965616175662,3.401297,0.69416726,3.5649452,4.530232,16,1930.1221,0.25,51.25,4.3702592849731445,-0.0875,0.3125,0.1875,0.4375,0.625,0.125,0.0625,0.125,-0.0625,0.2414591445590201,0.048322902312444,0.5452100455259514,0.039120483187335,0.210636649466244
54,2qbw_PQPVDSWV,0.87,-371.830432206465,1320.4277983987588,-68.31634348685645,8,0.7407938965372256,5.965181866419707,32,81.93,81.93,10.017189086294415,0.9058401584625244,0.9320537447929382,0.9386071562767028,0.9203706979751588,0.4908426105976105,1.3807663917541504,0.0,0.9058401584625244,0.7795078754425049,0.9075731635093688,-17.558801068151343,1366.1044922149274,31.72888601577917,8,0.7356088603441008,5.959660781105151,28,0.8573767319321632,0.7737225815653801,9.048054790890156,2.2263262809873536,10.615953,1.3295333,7.495482,4.4978676,8,927.0115,0.125,75.65,4.0500284194946286,-0.4374999999999999,0.0,0.5,0.375,0.375,0.25,0.0,0.125,-0.125,0.5475764838088376,0.4879091871010934,0.6821470355778756,0.1886672634237796,0.5108041389184076
55,1sl3_DFEEIPEELA,0.85,-384.3976249613629,1055.5873876960288,-33.26913617396633,10,0.6502080620756207,6.650001177005112,14,77.302,62.69,10.758269230769208,0.927132487297058,0.9574934840202332,0.9650837182998656,0.9569389224052428,0.4980814754962921,1.1237605810165403,0.0,0.927132487297058,0.9584217071533204,0.954792857170105,850.4299481511239,1083.040020566498,-28.81122386041364,9,0.5301103542772602,6.5796034168086575,14,0.8998613715171814,0.7251529276371003,8.396373703909086,1.2437951414214148,0.47057414,0.36041957,0.8057284,0.62101907,10,1191.2408,0.1,100.42000000000002,4.0500284194946286,-0.62,0.6,0.2,0.3,0.4,0.0,0.0,0.5,-0.5,0.525820187840885,0.5025002650563707,0.6814995321509032,0.131234748035341,0.3015866833310091
56,1gjd_PPEELKFQCGQKT,0.89,-517.4721991723499,1174.5689805645677,-32.2599514487336,2,0.6341910928200342,6.140197642267086,23,88.2746153846154,75.51461538461538,6.834725700655936,0.9063645005226136,0.9694463610649108,0.9852168560028076,0.9811874032020568,0.2759658694267273,0.5183143615722656,0.0,0.9063645005226136,0.9881711006164552,0.8886499404907227,53.85447205337147,1241.0842773310178,12.036618567754644,11,0.7206648598537013,6.133228889634155,19,0.937747400540572,0.8120955320504996,9.0640422308381,0.9460187494026172,0.5628098,2.401473,3.554572,6.1426373,13,1504.7062,0.0769230769230769,50.16153846153847,6.516840553283691,-1.3076923076923077,0.3846153846153846,0.2307692307692307,0.2307692307692307,0.1538461538461538,0.3076923076923077,0.1538461538461538,0.1538461538461538,0.0,0.1585883567115858,0.6700309407111512,0.8848978587244728,0.2344467978112674,0.5464534521874783
57,3o40_TWEWDAIAYAARIEALIRAAQQQKNEAL,0.91,-497.01889347819554,2024.001932253418,-53.84824010239771,10,0.5982187515501667,6.991137412401907,30,89.23357142857142,63.77428571428571,4.923470290771157,0.95791357755661,0.9300865530967712,0.9231297373771667,0.9182766675949096,0.3922549784183502,0.7549828290939331,0.0,0.95791357755661,0.9589889049530028,0.9697373509407043,-476.0087199764904,2061.724369452321,-45.24648938902533,10,0.715733209397404,6.822519669818406,28,0.870112589427403,0.5960049842085157,3.537953950752011,0.6813219894764547,0.36512542,2.9652061,1.9759341,0.6748734,28,3230.5867,0.1071428571428571,36.81428571428572,4.865724754333496,-0.3285714285714285,0.5,0.0714285714285714,0.3214285714285714,0.5714285714285714,0.1785714285714285,0.1071428571428571,0.1428571428571428,-0.0357142857142857,0.1961620733252178,0.8234073951169106,0.909766175267092,0.3275615186914873,0.610293866561312
58,3wp0_LSRVKLKKSLRQSF,0.38,-342.32074703791847,1560.7437888087695,-24.185855697874047,11,0.699073788459864,6.367313351196231,17,36.13142857142857,36.13142857142857,20.54634065934067,0.7496007680892944,0.9130050539970398,0.9538561701774596,0.9147351980209352,0.3920307457447052,2.698694467544556,0.0,0.7496007680892944,0.9671260118484496,0.8983884453773499,-103.27534050478036,1682.1363484779376,139.72695471769373,8,0.6731586393815969,6.292559101154482,13,0.7791675967829568,0.6635129707200187,9.899622821884275,2.2770540521913394,4.3164854,3.3078618,4.662688,5.2022214,14,1690.0422999999998,0.0714285714285714,67.75714285714285,11.999967765808105,-0.5857142857142856,0.4285714285714285,0.2142857142857142,0.3571428571428571,0.3571428571428571,0.2857142857142857,0.3571428571428571,0.0,0.3571428571428571,0.1623158865500576,0.0211624981583896,0.2721128280493709,0.0116956456674228,0.0594588392359593
59,2nm1_EDMFAKLKDKFFNEINK,0.93,-934.8717917705044,1392.4040674973023,-46.72603798161731,1,0.623815380001986,6.822131846964073,21,87.91117647058822,63.1835294117647,8.859580207922075,0.943289041519165,0.9493957757949828,0.950922429561615,0.9497292041778564,0.5856993198394775,1.7270828485488892,0.0,0.943289041519165,0.9238886833190918,0.9775837063789368,-325.8524058807771,1252.0243191202933,-28.20675983463149,8,0.6151983895623026,6.613035021857789,19,0.9406350815997404,0.5624112977701075,9.079478069247658,1.7762941826266794,6.931619,1.0213671,8.519873,1.6614695,17,2117.423,0.1764705882352941,31.01764705882353,6.309662437438965,-0.9529411764705882,0.5294117647058824,0.2352941176470588,0.2941176470588235,0.4117647058823529,0.1176470588235294,0.2352941176470588,0.2352941176470588,0.0,0.4547104019648386,0.7541550541009194,0.6924325225450462,0.2424196066303986,0.2900674413627068
60,3upv_PTVEEVD,0.88,-307.3852520062299,1062.392876356651,-35.64813943096436,9,0.6746040592075393,6.758264587043116,15,85.42857142857143,85.42857142857143,5.526125541125541,0.9311466813087464,0.9762075543403624,0.9874727725982666,0.9849106669425964,0.2818032503128052,0.6793109774589539,0.0,0.9311466813087464,0.9785518050193788,0.9470849633216858,-264.3174890868344,1092.157349083255,-21.01460768477787,13,0.7234017416378004,6.716501676889306,15,0.9675581284931728,0.9675581284931728,4.407869430847498,0.6994330141515959,1.5672978,0.23351197,1.9510976,2.2051322,7,787.8118000000001,0.0,33.67142857142857,4.0500284194946286,-0.6285714285714284,0.2857142857142857,0.2857142857142857,0.4285714285714285,0.2857142857142857,0.1428571428571428,0.0,0.4285714285714285,-0.4285714285714285,0.5728085017935511,0.4946610129679947,0.8007149144536619,0.2758402315343882,0.5454583915163004
61,1zgi_DFEEIPEEL,0.88,-484.06594704174137,1079.3130910239026,-32.36410289012707,7,0.6380604915069933,6.822806391213392,14,82.93111111111112,74.14,8.612643274853802,0.9089551568031312,0.9639176726341248,0.977658212184906,0.9738896489143372,0.4475152492523193,1.25649094581604,0.0,0.9089551568031312,0.9640026092529296,0.9364503622055054,206.09296421367844,955.6024315843492,-18.51660460815364,8,0.5786676640007946,6.248125314948989,13,0.8841167820824517,0.7031358281771342,10.521455311972728,1.3528012989789655,0.52216876,0.57285064,1.2541122,1.7379223,9,1120.1629,0.1111111111111111,110.46666666666668,4.0500284194946286,-0.8888888888888888,0.5555555555555556,0.2222222222222222,0.3333333333333333,0.3333333333333333,0.0,0.0,0.5555555555555556,-0.5555555555555556,0.5587399049471179,0.587632555832169,0.7118026490415542,0.1726209003048081,0.2989001425741546
62,1gi7_LKFQCGQKT,0.93,-519.426585724201,1072.8300461248227,-32.70280379869848,4,0.730017486054463,6.0404506466847385,22,89.10444444444444,89.10444444444444,7.63252405949257,0.9811681509017944,0.9848950505256652,0.9858267307281494,0.9809643030166626,0.2727890014648437,0.4491150081157684,0.0,0.9811681509017944,0.9867005944252014,0.974025309085846,-106.5828186296455,1059.6481017617944,-13.830576679128557,7,0.6910539306018803,6.081334586637835,18,0.951680964893765,0.951680964893765,4.923539120785416,0.4375825923780339,0.40651935,0.21672976,0.52707016,0.6983763,9,1052.2478,0.1111111111111111,-8.922222222222224,9.314085960388184,-0.7555555555555555,0.3333333333333333,0.1111111111111111,0.3333333333333333,0.2222222222222222,0.4444444444444444,0.2222222222222222,0.0,0.2222222222222222,0.1308102367662194,0.6351259466880812,0.9004853441565546,0.3248699851711301,0.741056253363038
63,5h9b_QATLARQDTIDEGGEVD,0.91,-639.657530706231,1962.01149077848,-67.8937967061205,8,0.6428538952027494,6.274851606648117,33,85.05588235294117,81.38647058823528,7.01510695187164,0.9375157356262208,0.9566038250923156,0.9613758325576782,0.9593549370765686,0.3147297203540802,0.7794860005378723,0.0,0.9375157356262208,0.9684054851531982,0.9278156757354736,-433.78055029811344,1990.7840191994967,-4.177920899648541,7,0.6398528266353086,6.214275445123169,28,0.9078278506503386,0.8671098386540133,7.272992982449035,0.8861812077851905,0.23733361,0.7645317,0.9655428,1.447996,17,1817.862,0.0,17.211764705882352,4.0500284194946286,-0.8882352941176471,0.2941176470588235,0.2941176470588235,0.2941176470588235,0.2941176470588235,0.2352941176470588,0.0588235294117647,0.2941176470588235,-0.2352941176470588,0.1705712933149035,0.7460034572539295,0.9196047985093264,0.2480703673724563,0.5405748291041444
64,5vtb_RRKQGKPQHLSKRE,0.94,-619.4757208922181,1924.8672850392727,-37.36910960183309,15,0.7260995859555675,6.698013013112273,26,89.54071428571429,83.48285714285714,6.789795356158978,0.7640693783760071,0.9035274386405944,0.938391923904419,0.9102699160575868,0.4330593049526214,3.028867244720459,0.0,0.7640693783760071,0.95494943857193,0.8129644393920898,126.44452986442158,1955.558069934571,447.85468978715295,27,0.7184016471145305,6.662438939360142,22,0.7750549699578967,0.7750549699578967,13.450256529156029,2.920158817267521,0.32351962,2.1377869,4.3566656,5.733566,14,1748.0024,0.0,92.67857142857144,11.733971214294431,-2.7071428571428564,0.3571428571428571,0.2142857142857142,0.0714285714285714,0.0714285714285714,0.2142857142857142,0.5,0.0714285714285714,0.4285714285714286,0.1625512843559337,0.7373809736908543,0.258936603708307,0.2535836310687109,0.0435366936490565
65,2ke1_ARTKQTARKS,0.76,110.54711570030332,1273.65734164695,-31.350632456413507,6,0.7113232914601528,5.552097628378142,25,83.72999999999999,83.72999999999999,7.097486842105258,0.9273395538330078,0.8802953958511353,0.8685343861579895,0.9342297911643982,0.545191764831543,0.5982701182365417,0.0,0.9273395538330078,0.7815394997596741,0.9222853183746338,72.80040005661989,1322.471664280052,15.658895796918904,5,0.6995691334541357,5.561990863923405,22,0.9408003985881804,0.9408003985881804,5.416143462767726,1.4470096347363373,1.6739571,3.1274526,3.2309017,3.7972732,10,1146.3013999999998,0.0,32.64,11.999967765808105,-1.89,0.4,0.1,0.2,0.2,0.4,0.4,0.0,0.4,0.3609423970921158,0.5087307588370178,0.7101508518317559,0.3015100758708801,0.6778333733655759
66,3u9q_SLLKKLLLA,0.92,-586.2939712390679,1083.9008945237706,-43.21343342064199,0,0.4189413805502554,7.305309851800432,16,91.18777777777778,80.66000000000001,6.924431913116123,0.9744524955749512,0.9631876945495604,0.9603714942932128,0.969268262386322,0.4087550938129425,0.8442919850349426,0.0,0.9744524955749512,0.948231875896454,0.98974609375,-358.3451279027539,1059.4240557849705,-39.70009811642888,2,0.5331192922264101,7.279207329227837,16,0.9715581602520412,0.861839579211341,4.973911970081983,0.9327914243254348,13.160097,0.31568825,6.950553,0.69891137,9,998.3031,0.0,-9.977777777777778,10.000738716125486,1.3555555555555554,0.888888888888889,0.1111111111111111,0.5555555555555556,0.6666666666666667,0.1111111111111111,0.2222222222222222,0.0,0.2222222222222222,0.3838424747629277,0.6752969833704866,0.8389445114509484,0.2169803513278271,0.6013984147745423
67,5iza_GGEALAW,0.93,-751.1379769747642,1214.6824490255326,-38.3385723201086,1,0.6793519431218168,6.2811039741542,19,86.84857142857143,86.84857142857143,8.369072249589497,0.946712076663971,0.9643349647521972,0.968740701675415,0.973119020462036,0.3092525899410248,1.2596852779388428,0.0,0.946712076663971,0.9736868739128112,0.9839946031570436,-642.2477003197057,1221.8118397672492,47.35999006854343,6,0.6632316005528147,6.240338536205471,18,0.9448044896125792,0.9448044896125792,6.354002501209968,1.148186737411519,26.147045,0.42345586,14.229282,0.7560298,7,702.7552,0.1428571428571428,15.42857142857143,4.0500284194946286,0.3142857142857142,0.5714285714285714,0.2857142857142857,0.2857142857142857,0.5714285714285714,0.0,0.0,0.1428571428571428,-0.1428571428571428,0.5454851145381059,0.6091897699507236,0.7801280672521648,0.2447944739027518,0.3011750607266162
68,2kff_FNYESTNPFTAK,0.64,-46.789065459119215,667.5568678209172,-18.159144211136503,0,0.6242191184281538,6.257507061085123,12,66.10416666666667,34.8075,12.981239316239328,0.9062621593475342,0.923391342163086,0.927673637866974,0.9395171403884888,0.3615591526031494,0.5166195034980774,0.0,0.9062621593475342,0.9428099989891052,0.9290807247161864,-184.92935815827744,864.8591412453388,-20.884695920810856,3,0.5869183478182355,6.439420077196544,12,0.8339911450942358,0.5813669959704081,4.944313147256517,0.7752131998878599,0.9753731,1.4469743,2.5334194,3.5990837,12,1418.5058,0.25,20.058333333333337,6.000685691833495,-1.0083333333333333,0.25,0.3333333333333333,0.4166666666666666,0.3333333333333333,0.4166666666666666,0.0833333333333333,0.0833333333333333,0.0,0.0913798612534163,0.475148939569481,0.78146061802847,0.1385766586847083,0.4902101473078745
69,4gly_CCLGRGCENHRCL,0.89,-468.8293429263142,1458.662405255746,-29.944758574942284,21,0.6845792793598227,6.024954753098724,35,83.23692307692309,77.91000000000001,6.913586762075126,0.9432222247123718,0.9635865092277528,0.968677580356598,0.9433803558349608,0.2974715530872345,0.676876962184906,0.0,0.9432222247123718,0.9848549962043762,0.9485085010528564,-140.34093928240966,1392.2033546333232,-11.90117376186916,24,0.769050286197814,6.324463943394755,34,0.8214157957297105,0.7172974210519057,5.18912774124491,0.6588592325638787,20.473787,0.7120086,12.297045,0.7534167,13,1463.732,0.0,32.330769230769235,7.902228355407716,-0.1846153846153845,0.2307692307692307,0.2307692307692307,0.1538461538461538,0.1538461538461538,0.3846153846153846,0.2307692307692307,0.0769230769230769,0.1538461538461538,0.2010044730962659,0.642463910489845,0.8202487397804221,0.2253605097450351,0.4583418858274065
70,1azg_PPRPLPVAPGSSKT,0.53,-70.41487932095299,867.4458588231345,-20.75588779827977,6,0.6962714296268466,7.05767546570924,9,63.815000000000005,51.205714285714286,11.87915674603174,0.7562458515167236,0.8875572085380554,0.9203850626945496,0.9131881594657898,0.420920729637146,1.6769198179244995,0.0,0.7562458515167236,0.949650764465332,0.8080520033836365,-92.05361854630284,867.130093854864,-10.80197390338104,3,0.6539061528229752,6.945704671952921,9,0.7868722081184387,0.4813705810478755,7.061314113674656,1.3910952124685525,1.1836889,1.8774598,4.359884,5.630946,14,1403.6255999999998,0.0,86.44285714285716,11.005929756164551,-0.6642857142857144,0.2142857142857142,0.5714285714285714,0.2142857142857142,0.2142857142857142,0.2142857142857142,0.1428571428571428,0.0,0.1428571428571428,0.3228462829857925,0.2782026826235615,0.4184035834607946,0.1220675884188857,0.169131895204825
71,3uxg_PLYTSPSLPNITLGLP,0.92,-437.1344286429068,1696.7494395565448,-64.332453002519,3,0.6829477146684514,7.138849462272823,26,94.445,82.863125,4.479249301675986,0.8211113810539246,0.9078858494758606,0.929579496383667,0.8943110704421997,0.4221618771553039,1.891416072845459,0.0,0.8211113810539246,0.961792528629303,0.8476397395133972,-311.4654466821748,1783.5928265885586,-27.73933041422754,13,0.5999078704004609,7.026929624315988,26,0.74881886318326,0.6597396582365036,8.29315546347484,1.4851947863424957,0.18052056,2.6856756,1.9116092,1.822497,16,1682.9536,0.0625,95.10625,5.950042152404785,0.31875,0.25,0.5,0.5,0.375,0.3125,0.0,0.0,0.0,0.2348783470727893,0.8165088066018842,0.5484329532615966,0.3605813551901967,0.1487725408705164
72,6gev_KSLLQQLLTE,0.93,-632.3413787971036,1045.4939391922353,-41.13650481087871,0,0.5036712716619367,7.044383794490808,14,93.019,93.019,5.627863813229566,0.9712002277374268,0.9635633826255798,0.9616540670394896,0.9678759574890136,0.3192600309848785,0.5182042717933655,0.0,0.9712002277374268,0.9712479114532472,0.985852837562561,-397.1420494074308,1082.2529003449054,-20.03687689883316,0,0.6117057380575475,7.020541572757482,14,0.9429925739765168,0.7626960098743438,4.948086969884917,0.5780489090119818,0.1438803,0.39361098,0.39899546,0.45422152,10,1172.3716000000002,0.0,80.12,6.217469596862792,-0.0700000000000001,0.6,0.1,0.5,0.4,0.4,0.1,0.1,0.0,0.4875466167151874,0.7866740683719635,0.8843770032931736,0.3179775125928351,0.609287541075515
73,5ua4_SQEAVIRDIARHLARIGDRMEYGIRPGLVDSL,0.89,-334.3480015563525,1682.7477567074588,-64.62114743971983,2,0.6541134878849056,6.476959052994848,23,78.36062499999998,55.24,8.910746631736517,0.9637558460235596,0.9590265154838562,0.9578442573547364,0.9715706706047058,0.3198238313198089,0.5565524697303772,0.0,0.9637558460235596,0.981590449810028,0.8876715302467346,-300.5986379866393,1683.598864577939,-52.23890166670523,1,0.7040896465059533,6.484654615953389,23,0.8787370342761278,0.4739937353879213,5.120684530089671,0.7987894773717501,2.7786129,6.8499727,5.0142803,1.9726704,32,3608.0943000000007,0.03125,27.421875,6.489444160461425,-0.228125,0.28125,0.28125,0.3125,0.4375,0.09375,0.1875,0.15625,0.03125,0.3621046534081883,0.8574035880761379,0.9579145376845868,0.3103857946859024,0.6446035808839776
74,3bum_TNETEGPT,0.78,-634.9027000882712,1108.6484144370074,-26.39295767329338,5,0.6424753952689474,6.558593232047894,12,63.44624999999999,63.44624999999999,16.58123397435896,0.8638596534729004,0.94451504945755,0.9646788239479064,0.9186519384384156,0.3196175098419189,1.6535241603851318,0.0,0.8638596534729004,0.9724443554878236,0.928616464138031,-229.41779341797653,1012.9649269866236,71.95741219100961,12,0.5500564573339779,6.594088955955889,11,0.6268797293305397,0.6268797293305397,10.488525947340978,1.6204190481310854,7.7256165,10.567755,8.860691,2.5300634,8,847.8241,0.0,14.037500000000003,4.0500284194946286,-1.825,0.25,0.375,0.375,0.0,0.5,0.0,0.25,-0.25,0.1780114038283039,0.1513726016868947,0.3818703302592389,0.0633829700574249,0.1488765956695886
75,4poh_KHKILHRLLQD,0.89,-373.0654810061752,1227.727342378675,-47.40415376293584,5,0.5374218628740001,7.290602079029114,18,88.00545454545454,88.00545454545454,6.852282828282831,0.957377016544342,0.9429848790168762,0.9393868446350098,0.9401267170906068,0.4828525185585022,0.9862951040267944,0.0,0.957377016544342,0.9071474671363832,0.9771331548690796,-283.2629470913878,1131.5451484263356,-43.403600905021136,4,0.5834143732123135,7.222235662194789,18,0.8837824247100137,0.7950840104709972,6.635875785037725,1.224202121833358,1.8858757,1.2120714,3.748229,6.830263,11,1400.6712,0.0,87.55454545454546,9.994485282897951,-0.890909090909091,0.4545454545454545,0.0909090909090909,0.3636363636363636,0.3636363636363636,0.0909090909090909,0.4545454545454545,0.0909090909090909,0.3636363636363636,0.4295813480562456,0.6217976058527358,0.8263291132406024,0.1825980444146369,0.4946059341503812
76,1oqp_KKRELIESKWHRLLFHDKK,0.69,-115.94023796761152,1672.2937542082784,-52.047492977634256,5,0.5864035384968497,6.82766077240191,26,70.82736842105263,51.20315789473684,8.377982456140343,0.8493072986602783,0.908717930316925,0.9235706329345704,0.9214449524879456,0.4934372007846832,1.4579732418060305,0.0,0.8493072986602783,0.9119842648506165,0.8714582920074463,-129.2899891916877,1647.0497695715476,-15.228871577752033,4,0.5986958107304542,6.914472648693884,23,0.8489628779260736,0.6043876158563715,5.80725377464765,1.2794926297246365,1.0448353,1.2467846,2.0541697,2.6926808,19,2491.9336000000003,0.1052631578947368,67.88947368421053,10.166486930847167,-1.494736842105263,0.5263157894736842,0.1052631578947368,0.3157894736842105,0.3157894736842105,0.0526315789473684,0.4736842105263157,0.1578947368421052,0.3157894736842105,0.1654583098951706,0.5555419076505397,0.7023742080987007,0.1344848977529123,0.2286455414354855
77,1ta6_DFEEIPEALA,0.85,-363.2567349843831,1120.8420680503486,-33.22992170140071,9,0.6606433957511666,6.582129421516518,15,76.62899999999999,62.30499999999999,10.80645804195806,0.8608081340789795,0.9518246054649352,0.974578619003296,0.9517168402671814,0.4673661291599273,1.8866493701934808,0.0,0.8608081340789795,0.9624238014221193,0.9005584716796875,75.51328039505952,1187.1526260600117,-24.65441569349086,12,0.6453386945294066,6.383711719514907,14,0.8339545130729675,0.7528660774230957,12.048429409774034,1.8093706661692035,0.48330697,1.2258728,2.2844086,3.9752593,10,1133.2047,0.1,67.82000000000001,4.0500284194946286,-0.0900000000000001,0.6,0.2,0.3,0.5,0.0,0.0,0.4,-0.4,0.5173372431200838,0.5048457987533614,0.6494436465550422,0.1392702538795168,0.1743944166535261
78,3gj6_SWQCDTCLLQNKVTDNKCIACQAAKL,0.88,-410.8569112477484,1065.6129312563914,-25.19496404615171,4,0.6084634620977035,6.537934566234802,17,91.6926923076923,56.79115384615383,5.412796439368491,0.9298020601272584,0.9406013488769532,0.9433011412620544,0.95029479265213,0.3657191395759582,1.1013413667678833,0.0,0.9298020601272584,0.9692102670669556,0.9819546341896056,-284.65944755675974,1095.871254591121,37.80805264205492,14,0.6770019927467071,6.486932230799834,16,0.9355440598267776,0.4039386671323042,4.245471918166465,0.8549599359459552,0.28788465,0.37472647,0.4499127,0.6623845,26,2898.361499999999,0.0384615384615384,50.70769230769231,7.616674995422364,-0.1461538461538462,0.3461538461538461,0.1923076923076923,0.3076923076923077,0.3461538461538461,0.4615384615384615,0.1153846153846153,0.0769230769230769,0.0384615384615384,0.1185443704795336,0.6678686197759967,0.7888488451043504,0.2034596063820933,0.3154459967169911
79,1l2z_SHRPPPPGHRV,0.44,-104.29935130632664,820.86053108434,-14.46555794703798,8,0.7005191775607087,7.177199394227728,12,60.9909090909091,60.9909090909091,11.923586550435884,0.7287159562110901,0.8996520042419434,0.942386031150818,0.9332147240638732,0.3716348707675934,0.9998780488967896,0.0,0.7287159562110901,0.9415437579154968,0.8381865620613098,-12.904176259124103,806.6369044105516,66.74110344306577,7,0.7055567272432905,7.34380442762272,10,0.8198181824250654,0.623407472263683,6.566028996912361,1.124198403557389,9.184031,0.9046508,8.268826,8.410809,11,1236.3857,0.0,79.12727272727273,11.999967765808105,-1.7090909090909092,0.0,0.5454545454545455,0.0909090909090909,0.0909090909090909,0.0909090909090909,0.3636363636363636,0.0,0.3636363636363636,0.4245872541619158,0.1422032952636209,0.4580087983740934,0.0549848853092785,0.2032708404923756
80,6qtr_EIRRVPEFGGY,0.84,-563.6774529850283,1311.5426529716492,-30.40108889738485,4,0.6567715576236481,6.379897191477293,27,72.41181818181819,61.48,11.383274464389125,0.8941186666488647,0.9446678161621094,0.9573051333427428,0.9400290250778198,0.3704876005649566,1.2413164377212524,0.0,0.8941186666488647,0.9651674628257751,0.9123548269271852,-152.49538028810576,1501.4563658959617,76.57763026358217,16,0.7295358427788329,6.416157067356436,22,0.8008984110572122,0.6259636662223123,9.201720918508782,1.2073973633077149,11.388202,9.189721,10.065873,5.7618837,11,1322.4681,0.1818181818181818,115.4818181818182,6.241739845275879,-0.7454545454545456,0.1818181818181818,0.2727272727272727,0.3636363636363636,0.3636363636363636,0.0,0.1818181818181818,0.1818181818181818,0.0,0.5109370770073643,0.5483358443891166,0.6889780465246006,0.1334995814660972,0.2687851129357554
81,1gja_PPEELKFQCGQKT,0.89,-514.279622981758,1201.4521474066955,-30.386443768852075,9,0.65330826571061,6.155157987181194,24,85.77923076923078,73.44307692307693,7.691791890280284,0.9056648015975952,0.969137966632843,0.9850062727928162,0.9816155433654784,0.2767124772071838,0.5287118554115295,0.0,0.9056648015975952,0.9880448579788208,0.8880095481872559,73.31509664291114,1190.2929310484642,69.08778014634403,8,0.5864838657699252,6.053334073716679,20,0.9293414675272428,0.7391114051525409,9.10448084747642,0.9124844399284734,0.5350185,2.360941,3.1941419,5.3210363,13,1504.7062,0.0769230769230769,50.16153846153847,6.516840553283691,-1.3076923076923077,0.3846153846153846,0.2307692307692307,0.2307692307692307,0.1538461538461538,0.3076923076923077,0.1538461538461538,0.1538461538461538,0.0,0.1585883567115858,0.5909943072496424,0.8853369280183403,0.2473332099945332,0.5377469580148123
82,1oai_DSGFSFGSK,0.55,-109.73078934700489,699.1243354780015,-26.08632785127662,4,0.6931611190377988,6.289842524789066,13,66.89333333333333,50.03888888888889,11.782990196078444,0.896666944026947,0.9578475952148438,0.9731427431106568,0.9640073180198668,0.2734795808792114,0.407519668340683,0.0,0.896666944026947,0.9739215970039368,0.9010232090950012,-60.40426459530795,814.2074135459263,18.852709190962933,7,0.8000324565863465,6.496500968222303,14,0.8961487478680081,0.6073983973926969,4.48127032616754,0.5452446535814042,1.2753892,0.65576446,1.5300196,2.4005983,9,930.9571,0.2222222222222222,30.28888888888889,5.835682106018066,-0.5555555555555556,0.1111111111111111,0.6666666666666667,0.2222222222222222,0.2222222222222222,0.3333333333333333,0.1111111111111111,0.1111111111111111,0.0,0.4625812791631418,0.2981487411884026,0.8731353274976816,0.1448841331132312,0.6255633898366786
83,2n8j_TRKKTFKEVANAVKISASLMGT,0.74,-201.3449659166461,2918.653316353016,-68.84650165656592,6,0.5741148955642562,6.840737623016744,32,66.45181818181818,64.77136363636363,9.597352941176451,0.913548707962036,0.8726310133934021,0.86240154504776,0.8441820740699768,0.4347001612186432,1.0439326763153076,0.0,0.913548707962036,0.8675684928894043,0.9554914236068726,-153.47777225333778,2702.185923721275,30.01944290663576,8,0.6002700256046064,6.664812056539783,27,0.7936957207593051,0.7019693147052418,4.518128213111092,0.9632879361988388,0.9637245,1.4850721,2.249441,3.4405632,22,2380.8051,0.0454545454545454,-0.7045454545454545,10.461107444763185,-0.1999999999999999,0.4545454545454545,0.1818181818181818,0.3636363636363636,0.4090909090909091,0.2727272727272727,0.2272727272727273,0.0454545454545454,0.1818181818181818,0.3671966365408705,0.446699410251984,0.7940012950886655,0.1280221677335421,0.398948177278066
84,1doj_DFEEIPEELQ,0.88,-491.7627833702047,1137.0740412158975,-35.93152624575981,8,0.6567172562103868,6.526899489854216,16,82.63900000000001,66.47,9.180838283828384,0.952926218509674,0.9255704283714294,0.9187313914299012,0.9189106822013856,0.4257944524288177,0.9394342303276062,0.0,0.952926218509674,0.9664062857627868,0.9721428155899048,429.14255599482266,1116.00528751492,-29.77967856506808,8,0.6090727567950099,6.709338330249034,15,0.9036484599113463,0.7218817889690399,6.775338135644941,1.0324660868534554,0.4024132,0.5385154,1.0007405,1.2176872,10,1248.2921,0.1,133.02,4.0500284194946286,-1.15,0.5,0.2,0.3,0.3,0.1,0.0,0.5,-0.5,0.5194197875545226,0.605696304227742,0.748548575589141,0.1797581199291445,0.39267158270463
85,2n01_TKPAPDFGGRWKHVNHFDEAPTE,0.66,-11.43160706622957,1608.602919891821,-57.99594383451635,8,0.6898489369536278,5.91795352124256,26,60.273043478260846,47.39739130434781,14.944428715874654,0.8498818278312683,0.8400446176528931,0.8375853300094604,0.8117853403091431,0.5534836649894714,1.5035582780838013,0.0,0.8498818278312683,0.9063249826431274,0.7805711030960083,57.169331717755405,2326.3863454493458,2.860453829663676,11,0.6711984674001122,6.258832646049141,28,0.7115568570468737,0.7115568570468737,8.134424832540608,1.6962135566839835,6.5137587,2.661964,6.16434,8.247034,23,2636.8299,0.1304347826086956,64.35217391304349,5.985680198669433,-1.3347826086956522,0.2608695652173913,0.3478260869565217,0.2608695652173913,0.2608695652173913,0.1304347826086956,0.217391304347826,0.1739130434782608,0.0434782608695652,0.2806151207930492,0.5622011138483377,0.7965408608747635,0.1785386291146069,0.3301101207403841
86,5epp_SPEEMRRQRLHRFDS,0.91,-381.0125924603044,1278.9796960513406,-37.90277839213985,5,0.6926573670817419,7.00612558339611,23,90.54866666666663,71.83666666666664,4.701668468468463,0.9718866944313048,0.9670986533164978,0.9659015536308287,0.975921094417572,0.3025535047054291,0.43117555975914,0.0,0.9718866944313048,0.9718655943870544,0.9837501049041748,-300.8200955457629,1297.177747712676,-26.117595834919143,3,0.7358372911421773,6.854564966137471,22,0.9643784244855244,0.7126802325248718,3.081861289224109,0.490475310796016,0.22297207,0.40066648,0.44840482,0.5816661,15,1944.1392000000003,0.0666666666666666,139.0133333333333,9.187921333312984,-1.9933333333333327,0.2666666666666666,0.2666666666666666,0.1333333333333333,0.2,0.2,0.3333333333333333,0.2,0.1333333333333333,0.1975996748799107,0.8046093284742486,0.938169148564018,0.3172427874799028,0.686168471158745
87,4u0a_PVLFPGQPFGQPPL,0.85,-138.42006597434116,1156.0162159430754,-45.80126361676439,5,0.6875017420770321,6.416581297222176,17,83.72214285714287,79.06142857142858,11.777722007722014,0.8676881194114685,0.8613662123680115,0.8597857356071472,0.9118574857711792,1.0543102025985718,1.6378026008605957,0.0,0.8676881194114685,0.7259703874588013,0.8835607767105103,-3.2453520429829723,1085.9832274617777,-18.89254296412664,5,0.469097409917056,6.5332480664293335,17,0.9015319049358368,0.8501844320978437,11.044958628886684,3.057728627732592,26.042667,3.269273,20.009026,1.5066806,14,1493.7460999999996,0.1428571428571428,91.82857142857144,5.954987144470215,0.1142857142857141,0.1428571428571428,0.5,0.3571428571428571,0.3571428571428571,0.1428571428571428,0.0,0.0,0.0,0.2903967519384917,0.5164864188376062,0.5848320826092307,0.0786431108904629,0.1836397835822839
88,2n3k_TWRVQRSQNPLKIRLTR,0.82,2.374169557910024,1792.3360495979146,-57.84495975141854,2,0.6401421156434675,5.870343615728108,26,89.98882352941176,79.51470588235294,4.121660539215688,0.9590283632278442,0.926015317440033,0.9177619814872742,0.94673353433609,0.3474719822406769,0.3936262130737304,0.0,0.9590283632278442,0.9341192245483398,0.9744703769683838,-0.7317404205044795,1717.9720226992831,-39.573423396784506,0,0.5332550683497456,5.807375029415973,21,0.949155653224272,0.728447808938868,1.8553181308887752,0.4694525414676058,0.43512264,0.52499485,0.78989446,0.99836063,17,2152.5054,0.0588235294117647,26.06470588235294,11.999967765808105,-1.2235294117647058,0.1764705882352941,0.1764705882352941,0.4117647058823529,0.2941176470588235,0.3529411764705882,0.2941176470588235,0.0,0.2941176470588235,0.2964260772397749,0.6372105302961731,0.8605478459701851,0.2942844151296304,0.7166311350965416
89,5zml_KKRYSRQLLFRR,0.87,-407.61511356926337,1290.892041374355,-36.32416721428666,11,0.6971780357910491,6.405239743687092,17,83.15166666666669,75.80250000000001,8.72683908045976,0.8981443047523499,0.930777668952942,0.9389359951019288,0.904975414276123,0.3363363444805145,1.6444240808486938,0.0,0.8981443047523499,0.9596796631813048,0.9480940103530884,-325.1984363184138,1439.8591354659704,-14.332821197301088,19,0.5907970808303801,6.309167030884649,19,0.7482959032058716,0.5516433566808701,6.542309321585449,1.2332414468545436,0.47056216,1.6313086,1.3488278,1.3013581,12,1650.9714,0.1666666666666666,109.88333333333335,11.999967765808105,-1.75,0.3333333333333333,0.0833333333333333,0.3333333333333333,0.3333333333333333,0.1666666666666666,0.5,0.0,0.5,0.0961942301777727,0.5770228567786396,0.6483246487307253,0.2422524214220509,0.2000522281755026
90,4dzu_RTWEEWDRAIAEYARRIEELIRAAQEQQRKNEEALREL,0.93,-504.2608067606032,2534.3386489975137,-76.38700093608617,7,0.6104475003649155,6.848727589906424,33,95.6815789473684,60.93526315789472,3.4595086166744315,0.980471968650818,0.9637999534606934,0.9596319794654846,0.9665652513504028,0.2900608479976654,0.3226591944694519,0.0,0.980471968650818,0.9780176877975464,0.9850347638130188,-351.95880368515475,2403.302633247829,-70.62630323887055,9,0.6167633412301072,6.832300927054113,32,0.9671880979286996,0.5380300769680425,1.938499624243602,0.3661492157312788,0.15726902,0.27624494,0.28239042,0.45788872,38,4757.200999999998,0.0789473684210526,78.72105263157894,5.029364204406738,-1.3815789473684212,0.5,0.0526315789473684,0.2631578947368421,0.3947368421052631,0.131578947368421,0.2105263157894736,0.2631578947368421,-0.0526315789473684,0.4350744261778952,0.8670458724315178,0.9624344694097284,0.589980423877372,0.8730211733832401
91,3ch5_GFGDKFKPAIGTWDCDTCLVQNKPEAVKCVACETPKP,0.85,-394.8076195821753,1765.8928531106485,-48.39799161606635,9,0.6246564663034323,6.439531659458706,28,86.9235135135135,50.38297297297297,6.535505287896579,0.9203805923461914,0.9177936911582948,0.917146861553192,0.913308560848236,0.4700424671173095,1.1830466985702517,0.0,0.9203805923461914,0.9526798129081726,0.9512597322463988,43.732723010138166,1508.213124963868,-36.768614154274296,6,0.6396489258697539,6.68014380469282,26,0.9178943360174024,0.3656302207225078,4.985423840226914,0.9178679333695514,7.934363,0.5721713,4.575264,1.3010556,37,3997.5962,0.081081081081081,22.61351351351352,6.213490867614746,-0.3432432432432432,0.2972972972972973,0.2972972972972973,0.2972972972972973,0.2972972972972973,0.2432432432432432,0.1351351351351351,0.1351351351351351,0.0,0.212591118408909,0.6461189417216211,0.7829371293333176,0.3275354458740431,0.5113502564827666
92,1o5a_LKFQCGQKT,0.93,-528.7711852521495,1187.1955689166296,-35.0247497051638,6,0.6473054337735135,6.133223294518848,23,88.39555555555556,88.39555555555556,6.751843137254908,0.981719136238098,0.98517906665802,0.9860439896583556,0.9814071655273438,0.2677681148052215,0.4318023920059204,0.0,0.981719136238098,0.988480269908905,0.9721255898475648,-16.81903448318171,1058.6208397491653,-12.119108846719564,5,0.6869757464407443,6.339269169631198,19,0.9524378246731228,0.9524378246731228,4.86101339634727,0.4258879306269627,0.23190165,0.22886041,0.40016106,0.5735766,9,1052.2478,0.1111111111111111,-8.922222222222224,9.314085960388184,-0.7555555555555555,0.3333333333333333,0.1111111111111111,0.3333333333333333,0.2222222222222222,0.4444444444444444,0.2222222222222222,0.0,0.2222222222222222,0.1308102367662194,0.6287183431800974,0.8912444906037298,0.3172284749409164,0.7530409759277839
93,2lsr_GSLLKEVLEDYLRLKK,0.83,-167.41192479534664,1524.1343054102597,-40.47379681139424,2,0.5419923623241963,6.845613130611864,18,88.08437500000001,77.98687500000001,5.178964843750004,0.9666210412979126,0.9618071913719176,0.9606037139892578,0.9614256024360656,0.2765185832977295,0.3598879277706146,0.0,0.9666210412979126,0.9713947176933287,0.9821691513061525,-140.7970566435104,1531.438244591213,-12.83771388686992,6,0.4842622581082035,6.823893129156823,16,0.9443129375576972,0.8289973586797714,1.9642765086415843,0.3484432012968075,0.2822234,0.9834894,1.0910722,0.76528805,16,1904.2541,0.0625,22.8375,8.430675697326663,-0.375,0.625,0.1875,0.4375,0.4375,0.0625,0.25,0.1875,0.0625,0.441786714645655,0.7573875583828207,0.9530845512261312,0.3557816308324324,0.7766506355995139
94,1gbq_VPPPVPPRRR,0.61,-69.82530246053513,959.4995113364666,-18.10663207417886,10,0.7153934733023334,6.808937518850254,15,76.774,76.774,7.366940298507462,0.9215261340141296,0.9553819894790648,0.9638459086418152,0.9675623178482056,0.3050775825977325,0.4685491919517517,0.0,0.9215261340141296,0.9580706357955932,0.9391201734542848,-72.36518268830503,978.778519095242,28.72469277161909,1,0.6657978594419648,7.015417147467848,16,0.942429941892624,0.8562134683132172,2.750957242321612,0.4618018581796048,0.643541,0.43752486,0.9291019,1.3185155,10,1170.4104,0.0,231.58,11.999967765808105,-1.31,0.0,0.5,0.2,0.2,0.0,0.3,0.0,0.3,0.3320427035273717,0.2845054128295934,0.8664314068794788,0.1372540316411055,0.6850296215906261
95,5l7g_KSLLQQLLTE,0.93,-588.7394137951378,1061.1154892696632,-43.398955274969694,1,0.4939063543762327,7.0077897525979775,14,92.755,84.099,5.849474708171203,0.979218602180481,0.9705945253372192,0.9684385061264038,0.9733511805534364,0.2971011698246002,0.4155972898006439,0.0,0.979218602180481,0.9763791561126708,0.9901106953620912,-491.0900386616193,1066.285263112335,-1.6410203107315624,1,0.5070587370781576,6.95608025437762,14,0.9564595878124236,0.771071994304657,3.8131791207577006,0.4835288301284211,0.12398894,0.32447428,0.3555433,0.32527563,10,1172.3716000000002,0.0,80.12,6.217469596862792,-0.0700000000000001,0.6,0.1,0.5,0.4,0.4,0.1,0.1,0.0,0.4875466167151874,0.7655879919273003,0.9115172856011172,0.3145787409088487,0.6833880456391405
96,4mzf_ARTQTAK,0.66,-173.76021573890543,1181.7179422649629,-28.191656402752105,13,0.6556344067172585,6.282594901435135,18,55.96428571428572,55.96428571428572,15.989122448979597,0.8391109704971313,0.893842339515686,0.90752512216568,0.8535187840461731,0.5377205014228821,2.458900451660156,0.0,0.8391109704971313,0.8004883527755737,0.9241639971733092,-169.87309545545787,1113.8634194568724,79.07434542942522,6,0.660785361906313,6.567514196334493,12,0.5059466276850019,0.5059466276850019,11.852492901703128,2.480885166862384,7.3390007,2.9357944,6.331777,5.2962894,7,774.8661,0.0,-2.2,11.00103015899658,-1.385714285714286,0.4285714285714285,0.0,0.2857142857142857,0.2857142857142857,0.4285714285714285,0.2857142857142857,0.0,0.2857142857142857,0.1950807418129943,0.0609390017865151,0.3025695814991631,0.045565216886388,0.1060104127813924
97,6tyz_ERKRILPTWMLA,0.93,-512.9402864063043,1480.9946377088277,-45.815048088835226,9,0.5853721387130332,7.109367837932066,24,92.3075,84.36500000000001,5.499057315233782,0.9626058340072632,0.9630479216575624,0.963158369064331,0.9654986262321472,0.3383229672908783,0.6674352884292603,0.0,0.9626058340072632,0.9688904881477356,0.9678373336791992,-375.1629495070517,1537.1519561130335,-46.17438004551684,7,0.5526405427558876,7.008911821394228,21,0.9344059228897096,0.8540197312831879,5.261052775144757,0.6787518297924715,0.16965905,0.45305848,0.43483788,0.73823136,12,1513.8487,0.0833333333333333,75.64166666666668,10.83553981781006,-0.3166666666666664,0.4999999999999999,0.0833333333333333,0.4166666666666666,0.4999999999999999,0.0833333333333333,0.25,0.0833333333333333,0.1666666666666666,0.1062463841571203,0.7755813903162889,0.8793323694784391,0.3334858704823785,0.6011337992576191
98,1wa7_WDPGMPTPPLPPRPANLGERQA,0.56,56.44725211366147,1330.643730230948,-27.967113170627705,6,0.7030499899266407,6.878683043637556,22,62.00000000000001,44.61181818181819,12.185776053215085,0.8520669937133789,0.8809913992881775,0.8882223963737488,0.878070056438446,0.3907819092273712,0.8146415948867798,0.0,0.8520669937133789,0.942974328994751,0.7492099404335022,165.4827568944349,1400.8268325419544,72.68934005835843,8,0.6273973903682564,6.702454341862269,17,0.7838828997178511,0.565284791317853,7.14157522469759,1.1924216484448598,2.1874335,2.7884634,4.198907,4.7248516,22,2397.7097,0.0454545454545454,75.1909090909091,6.070427131652831,-1.068181818181818,0.2727272727272727,0.5,0.1818181818181818,0.2727272727272727,0.1363636363636363,0.0909090909090909,0.0909090909090909,0.0,0.2438783313682409,0.3671132144951276,0.7777230730529372,0.1237631679736509,0.3498401013703269
99,3o1e_KHKILHRLLQ,0.93,-510.4483240659306,1217.8776116516303,-44.90481490481256,0,0.4679653038976942,7.134017801731592,16,89.71300000000001,89.71300000000001,6.647614457831307,0.95658677816391,0.9641847610473632,0.9660843014717102,0.955774426460266,0.5084527134895325,1.1988664865493774,0.0,0.95658677816391,0.9343518018722534,0.984192192554474,-315.52971628212754,1223.0999315403153,-7.414072656702103,0,0.4424747432621709,7.182424585369801,17,0.9382130384445192,0.8401732921600342,5.326828755587938,1.0931045474177865,0.21251802,0.26617607,0.26639393,0.29784587,10,1285.5838,0.0,76.05000000000001,11.166327095031736,-0.6300000000000001,0.5,0.0,0.4,0.4,0.1,0.5,0.0,0.5,0.4709179699991728,0.7271308793358864,0.7943941298899087,0.2870009736419808,0.4262776446385485
100,5ky5_DIDECASNPCQNGGTCVNTVGSYTCLCPPGFTGPNCEDDI,0.94,-810.2675998885985,1966.9964614029325,-40.75758059747113,10,0.6514149496868463,6.709269383182034,37,92.4225,64.8985,4.279770408163266,0.9540970921516418,0.9711772799491882,0.9754473567008972,0.9649639129638672,0.3355572521686554,1.070895791053772,0.0,0.9540970921516418,0.9734925627708436,0.976460576057434,-704.9225644209945,1821.48163632878,-36.13182525410559,7,0.7427641728084713,6.7298859903521775,28,0.9155582547187804,0.4772522553801536,4.798174692893743,0.7898620106241837,5.2605844,0.47112042,3.3505049,0.9987567,40,4111.437100000001,0.05,21.615,4.0500284194946286,-0.2949999999999999,0.1,0.475,0.275,0.1999999999999999,0.425,0.0,0.15,-0.15,0.2081753621756748,0.8565427097975309,0.8719736361849246,0.539473320659574,0.6332451275305863
101,5etf_RNPGLKIP,0.78,-669.6612047165905,1111.954975611496,-20.62566985194951,7,0.7327661705763766,6.528232987715899,16,66.9575,66.9575,15.188876445086644,0.9100878834724426,0.9490181803703308,0.9587507247924804,0.92261803150177,0.314767450094223,1.5306235551834106,0.0,0.9100878834724426,0.972053289413452,0.9594303369522096,-420.8873350366636,1101.4947985252736,-20.752870971412563,7,0.5214502662421285,6.595948709750936,16,0.7611527591943741,0.7611527591943741,9.9869964508652,1.2371991315178272,3.5785427,1.4927026,2.6629395,1.104677,8,894.0727999999999,0.0,-4.249999999999999,11.000836753845212,-0.8999999999999999,0.25,0.5,0.25,0.25,0.125,0.25,0.0,0.25,0.251420909097224,0.3728521192820064,0.5731080859186548,0.0714600401798982,0.2112293202417241
102,2qic_ARTQTAR,0.74,-51.76973287880215,974.1232217739446,-34.8613209081471,3,0.6667995700043482,5.590034490184079,18,84.35142857142857,84.35142857142857,5.793275862068966,0.9296767115592957,0.9568960070610046,0.9637008905410768,0.9573556780815125,0.2957812547683716,0.4626436233520508,0.0,0.9296767115592957,0.9613475799560548,0.9351059198379515,-54.97476058803565,977.3939532781444,-32.2933862024494,4,0.6727586341181265,5.656378838615889,18,0.9063534821782794,0.9063534821782794,2.812671105629705,0.4539334545728608,0.5718411,0.45889735,0.83003235,0.9606032,7,802.8795,0.0,-2.2,11.999967765808105,-1.4714285714285715,0.2857142857142857,0.0,0.2857142857142857,0.2857142857142857,0.4285714285714285,0.2857142857142857,0.0,0.2857142857142857,0.2226511236350129,0.5075716359466784,0.8644229663903167,0.3427578248642398,0.7377221429739701
103,2las_DNEIEVIIVWEKK,0.66,-143.18984887847714,1334.365074719937,-59.05896207724635,4,0.627916126281677,5.638762225983386,16,72.74,66.71846153846154,11.213685545224,0.9074925184249878,0.9270721673965454,0.9319670796394348,0.9416608214378356,0.3245603740215301,0.4864343702793121,0.0,0.9074925184249878,0.9456025958061218,0.8990338444709778,-123.95654228719565,1389.5013755117254,-42.51480769487912,4,0.6887914227947649,5.613971416171812,14,0.8906343991939838,0.7785283281252935,4.592546638702802,0.6458514212100867,2.938006,2.0952296,3.1446052,0.74454445,13,1614.8366,0.0769230769230769,51.31538461538462,4.407318305969238,-0.3307692307692307,0.3846153846153846,0.1538461538461538,0.4615384615384615,0.4615384615384615,0.0769230769230769,0.1538461538461538,0.3076923076923077,-0.1538461538461538,0.1765550669084304,0.2241992707910813,0.8871979714713141,0.135247458779745,0.6462441563011319
104,4pz5_SISYTDEIEEEDYD,0.55,-179.51899155308212,1213.5812393517508,-43.28450051630554,4,0.6745094931415885,5.39187821101705,16,59.54214285714284,46.59357142857142,14.053980582524312,0.8164250254631042,0.9450296759605408,0.9771808385849,0.9788095951080322,0.3685680627822876,1.1586999893188477,0.0,0.8164250254631042,0.9262853860855104,0.8356721997261047,-137.06673591985907,1074.065987459839,-18.986957350831545,6,0.6756451815443231,5.4565965854515,15,0.9334019550255368,0.6225702890327999,7.254720546501519,1.139386077508351,4.043264,0.6979267,3.3143542,2.109113,14,1707.6536,0.1428571428571428,125.60714285714286,4.0500284194946286,-1.457142857142857,0.2857142857142857,0.3571428571428571,0.3571428571428571,0.2857142857142857,0.2142857142857142,0.0,0.5,-0.5,0.2619431093396472,0.1038151430028235,0.5400404528357365,0.0447449232227905,0.2390936006704325
105,5hf1_NYKQFSV,0.92,-213.31175076256363,1085.0118625273255,-48.32563828361472,6,0.7026354087429932,5.91671612583497,21,90.87285714285714,90.87285714285714,5.22451612903226,0.9848544001579284,0.9570648074150084,0.9501174092292786,0.9598990678787231,0.288045734167099,0.3354410529136657,0.0,0.9848544001579284,0.9708151817321776,0.983775794506073,-182.8359984577604,1058.550956765915,-27.09074240253716,2,0.6667961655798295,5.998448431115351,19,0.9281055927276612,0.9281055927276612,2.4219722357076434,0.4312717857929419,0.1457676,0.15587355,0.45970172,0.6662642,7,884.9747,0.2857142857142857,31.571428571428573,8.590879631042483,-0.857142857142857,0.1428571428571428,0.2857142857142857,0.4285714285714285,0.4285714285714285,0.4285714285714285,0.1428571428571428,0.0,0.1428571428571428,0.0507357330922886,0.6465114789260495,0.9331871204098298,0.4128712069297459,0.8599702199963585
106,4gvc_TKQEEFA,0.74,-122.5508133082087,860.5991803921659,-31.723443011666404,0,0.6202857580033414,6.149515130270483,13,77.89999999999999,77.89999999999999,8.218118811881192,0.927373230457306,0.9586445689201356,0.9664623737335204,0.9654154181480408,0.3418509662151336,0.5616266131401062,0.0,0.927373230457306,0.9319223761558532,0.9514749646186828,-114.92724375890388,922.8078966218671,-20.637616549784127,0,0.5925592658941551,5.861017262271919,15,0.93790032182421,0.93790032182421,3.8481579105958574,0.6173789305599272,0.8942689,0.48880714,2.5531514,4.2383614,7,851.9004000000001,0.1428571428571428,116.42857142857144,4.528385353088378,-1.5,0.5714285714285714,0.0,0.2857142857142857,0.2857142857142857,0.2857142857142857,0.1428571428571428,0.2857142857142857,-0.1428571428571428,0.2290031735922897,0.4146504004786201,0.8230655976431017,0.1450417478976214,0.6165581607526287
107,6co4_QEPEPPEPFEYIDD,0.86,-252.30565167651807,1789.471219621578,-62.27000410200566,6,0.6281702902884793,6.070286656983087,28,88.35642857142855,88.35642857142855,5.3780539932508376,0.9400010108947754,0.9609298706054688,0.9661621451377868,0.9578458666801452,0.3528955578804016,0.6377031803131104,0.0,0.9400010108947754,0.948893129825592,0.9385255575180054,-209.2779147362465,1657.569311123395,-30.946611558677745,10,0.6863439705953311,6.482001668686405,27,0.924297971384866,0.924297971384866,4.27688631120361,0.6191622476911652,0.2403193,0.5358072,0.8798722,1.250844,14,1704.7406999999998,0.1428571428571428,116.65714285714286,4.0500284194946286,-1.7785714285714285,0.2857142857142857,0.4285714285714285,0.2142857142857142,0.2142857142857142,0.0714285714285714,0.0,0.4285714285714285,-0.4285714285714285,0.2912651865310471,0.6669146601906184,0.850918551502508,0.3190838969633262,0.5878871697607183
108,2kzu_GSQEDSDSELEQYFTARW,0.37,-23.95042089867856,1285.8154603567205,-4.983649015974287,4,0.6218100592123951,7.226246377515936,17,49.24722222222223,33.88388888888888,16.68720734126986,0.8865990042686462,0.8746576309204102,0.8716722726821899,0.8421867489814758,0.3454350233078003,0.7523972988128662,0.0,0.8865990042686462,0.9442065954208374,0.9178643226623536,157.63553632184025,1382.7757065755618,207.5720793339866,15,0.597002407782366,6.942613535526016,13,0.7255600459045835,0.4811798532803853,4.756764669193044,0.7665519145657382,1.6877301,7.2018747,4.679445,4.080857,18,2148.1557000000003,0.1666666666666666,111.9777777777778,4.0500284194946286,-1.461111111111111,0.2777777777777778,0.3333333333333333,0.2777777777777778,0.2777777777777778,0.3333333333333333,0.0555555555555555,0.2777777777777778,-0.2222222222222222,0.1158439839991407,0.0290646994410369,0.6555093448253292,0.0147174106526234,0.3767213864320469
109,4z8a_IGRRLPPTPSKPSTL,0.79,-112.61630954770854,1416.7319326881716,-50.22651432471739,5,0.6925496348412695,6.179271123848262,23,89.78400000000002,83.60933333333332,6.390259259259261,0.888475239276886,0.9282355308532716,0.938175618648529,0.949635088443756,0.3770298063755035,0.6068565249443054,0.0,0.888475239276886,0.9022021293640136,0.8840069770812988,-106.08619670957172,1536.154814604784,-6.112368842365711,9,0.6501096041338167,6.2619951049754095,24,0.9017389456431072,0.9017389456431072,5.357552790310648,0.9203918000283065,3.5046108,2.386357,3.3575125,2.7968352,15,1619.9063,0.0,93.85333333333332,11.999967765808105,-0.7066666666666668,0.2,0.4666666666666667,0.3333333333333333,0.2,0.2666666666666666,0.2,0.0,0.2,0.4262293192821975,0.626552144180506,0.8165293872582556,0.2606374510296252,0.505079490532742
110,4dj9_VVLINAVKDVAKALGDLISATK,0.95,-562.6996721543219,2176.602778576628,-83.86254565057692,2,0.5623942628309945,6.330824856650415,33,94.63363636363636,86.70181818181818,4.489114922813035,0.9729806184768676,0.9413526654243468,0.9334456324577332,0.9370200634002686,0.4801082611083984,1.0998033285140991,0.0,0.9729806184768676,0.8611804842948914,0.98781418800354,-251.40525572779643,2216.855291601336,-15.048927817502175,0,0.5685968595648482,6.3078561947827865,33,0.939332748001272,0.8954524966803464,4.7707068379910895,1.1567512379757945,7.087897,0.284183,4.1554193,1.2540885,22,2238.6657,0.0,8.236363636363636,8.468518638610842,0.922727272727273,0.4545454545454545,0.2272727272727272,0.4545454545454545,0.5909090909090909,0.1363636363636363,0.1363636363636363,0.0909090909090909,0.0454545454545454,0.453249312254938,0.8023380364316441,0.7311597430807851,0.3891194967657252,0.6108999646814068
111,2mwp_STSRHKLMFKT,0.43,-159.11541517053746,1102.138933617524,-20.624611588264884,6,0.6764307292862083,6.43590956565765,11,49.7590909090909,43.68727272727273,16.720983717774764,0.8977501392364502,0.907667338848114,0.910146713256836,0.8725537061691284,0.3268422186374664,0.7118037343025208,0.0,0.8977501392364502,0.9501875042915344,0.9485120177268982,-11.75212715558587,1067.4200218928495,189.67779877819177,9,0.655549429519676,6.89275336499683,10,0.8018052686344493,0.5380943254991011,5.23219213595303,0.7184200281204006,5.413306,7.1613207,7.139443,2.3196626,11,1335.5747,0.0909090909090909,44.25454545454545,11.16600475311279,-0.9090909090909092,0.3636363636363636,0.1818181818181818,0.3636363636363636,0.2727272727272727,0.3636363636363636,0.3636363636363636,0.0,0.3636363636363636,0.1097634566037983,0.0325567932897341,0.7277746596445591,0.0132991961545176,0.3867625778865211
112,1t7r_SSRFESLFAG,0.92,-585.8072819104735,1112.4051852313028,-36.34542538365872,5,0.6212826717204332,6.9473724292824,16,89.10600000000001,79.79999999999998,6.826569230769224,0.9453651905059814,0.971192479133606,0.9776492714881896,0.9669803380966188,0.2848403453826904,0.6128273010253906,0.0,0.9453651905059814,0.9827126860618592,0.971092700958252,-378.59242637226015,1123.593156858588,117.06440927538743,3,0.6613039681864196,7.0461611342048185,16,0.8837816417217255,0.7896509528160095,6.95736799705487,0.7078855307973348,1.2886033,0.72110707,1.1958503,0.5262117,10,1100.1813,0.2,66.78,5.7184232711792,0.04,0.3,0.4,0.3,0.4,0.3,0.1,0.1,0.0,0.371109626685065,0.7123008102300087,0.813706936085554,0.2658934195365596,0.4530192793823414
113,2n9x_DYESDDDSYEVLDLTEY,0.58,-115.39725205911463,1637.454050185329,-27.79833529002842,10,0.5581064817146952,6.09305750877298,20,51.9764705882353,47.21588235294118,16.006358952340022,0.8618674278259277,0.8829849362373352,0.8882643580436707,0.8740751147270203,0.4410104751586914,1.1803909540176392,0.0,0.8618674278259277,0.9411657452583312,0.85098797082901,-113.8321613081496,1899.6085930947115,44.42830527689377,13,0.6820745021927649,6.456758595696821,19,0.7371102641610539,0.6486238942426794,6.62436398428722,1.1064882415361597,4.186507,6.569506,5.88494,6.375837,17,2071.0186000000003,0.1764705882352941,34.529411764705884,4.0500284194946286,-1.3176470588235296,0.2941176470588235,0.4117647058823529,0.4117647058823529,0.3529411764705882,0.1764705882352941,0.0,0.4705882352941176,-0.4705882352941176,0.3148938182912046,0.4083408855005919,0.7532028473222451,0.122287286596857,0.3271232057770987
114,4uj1_TTYADFIASGRTGRRNAIHD,0.93,-815.4556320509836,2149.4552292594085,-62.29624520928383,7,0.6498630887933117,6.458923655265588,35,90.03699999999999,80.721,5.216178873239438,0.962941586971283,0.9709783792495728,0.9729875326156616,0.9624273777008056,0.3386925458908081,0.996016561985016,0.0,0.962941586971283,0.9725412726402284,0.954288899898529,-167.73144664540118,2010.6767157513489,-38.85022878910797,9,0.6055836239790904,6.818703241969767,32,0.940504965186119,0.7461657524108887,5.561920364452919,0.733769446615602,8.648466,0.62513363,4.7970624,0.9201321,20,2222.3766,0.1,50.06,8.43563976287842,-0.75,0.15,0.3,0.35,0.35,0.25,0.2,0.1,0.1,0.2883373133912657,0.7924373132177569,0.8702554459836328,0.2423311467624046,0.5094114342010381
115,5mwp_KSLLQQLLTE,0.92,-587.4664269307403,1031.899996284491,-44.33853090604043,0,0.5312004316551547,7.11250438893437,15,91.581,83.26199999999999,6.20311067193677,0.972564935684204,0.9730157256126404,0.973128378391266,0.9742138981819152,0.3155354261398315,0.5491706132888794,0.0,0.972564935684204,0.9686036109924316,0.988240659236908,-479.036423805888,1014.954610090916,-33.75101482420979,2,0.5587961648795534,7.1226818399037874,14,0.9456769049167632,0.847540307044983,4.239509679818813,0.585324777527289,0.15389743,0.37498653,0.43694413,0.39696646,10,1172.3716000000002,0.0,80.12,6.217469596862792,-0.0700000000000001,0.6,0.1,0.5,0.4,0.4,0.1,0.1,0.0,0.4875466167151874,0.7162262981198673,0.8805212403912286,0.2797385639384236,0.6039619233706693
116,3m5a_SKSDRKY,0.78,-473.03494132236005,1441.7262499146589,-31.353494083599912,19,0.6911252391315726,6.219759009991831,19,63.22571428571428,63.22571428571428,13.901976284584991,0.868209183216095,0.935764729976654,0.9526535868644714,0.9135414958000184,0.3934544026851654,1.823411464691162,0.0,0.868209183216095,0.9454287886619568,0.919244349002838,-168.43222535129908,1272.0975447729525,212.8833359410643,27,0.7323286894476786,6.17309511964118,13,0.6993001188550677,0.6222340379442487,9.606033143621593,1.4913259351206392,1.6732767,6.1823754,6.5444994,8.120701,7,882.9608,0.1428571428571428,-2.2,9.69683475494385,-2.671428571428572,0.2857142857142857,0.4285714285714285,0.1428571428571428,0.1428571428571428,0.2857142857142857,0.4285714285714285,0.1428571428571428,0.2857142857142857,0.2619699916866964,0.2787433009068773,0.4550919093692389,0.0756751176243305,0.1977199273424356
117,6j4s_QKSAQQELKQRQRAEIYALNRVMTELEQQQFD,0.92,-497.93948095117656,2660.4559313071127,-83.27931633340125,7,0.5705236435334043,6.498465570280794,38,92.6771875,68.140625,5.315734707446797,0.9507784247398376,0.948371410369873,0.9477697014808656,0.952120304107666,0.3136909604072571,0.7005518674850464,0.0,0.9507784247398376,0.976312518119812,0.9668148756027222,-490.4137946247348,2579.35876546312,-73.37512576333188,4,0.6319588436827245,6.538978909907717,39,0.9214582722634076,0.6808910835534334,4.346621123235012,0.6904808502307439,0.18667948,0.51582444,1.3120028,2.148245,32,3908.3159,0.0625,70.57187499999999,6.361613273620605,-1.3406250000000002,0.40625,0.09375,0.25,0.34375,0.34375,0.15625,0.15625,0.0,0.2359675870890187,0.8741842194935356,0.925730669126522,0.4095550221206728,0.6287908534076714
118,4os6_GLGRGCENHRCL,0.92,-501.37442134320605,1300.0542287313972,-36.57821549931538,19,0.7795704189008555,6.464954679066444,33,85.625,79.60416666666667,5.796712062256821,0.9181164503097534,0.9529184699058532,0.961618959903717,0.9292155504226683,0.3014721870422363,0.8705736398696899,0.0,0.9181164503097534,0.986807644367218,0.9003074169158936,-341.9796712051185,1508.0144832239346,18.01207748512701,30,0.7944881867123033,6.176522068942489,31,0.7309709638357162,0.7309709638357162,7.506218497893844,0.8643090010037218,0.33906606,1.5771583,1.9807366,2.745321,12,1314.4975000000002,0.0,18.14166666666667,8.081772804260254,-0.6500000000000001,0.25,0.3333333333333333,0.1666666666666666,0.1666666666666666,0.25,0.25,0.0833333333333333,0.1666666666666666,0.2765802849485173,0.7169575424097109,0.6874651195863862,0.2874110985041207,0.3525503425328644
119,2m04_EEQWAREIGAQLRRMADDLNAQYER,0.89,-184.38959502359364,2417.9649813964365,-70.74392034568558,12,0.5276385909866108,6.250005416776473,32,86.06840000000003,73.24480000000001,6.643708542713586,0.9405018091201782,0.8447370529174805,0.8207958936691284,0.8754457831382751,0.6010885834693909,0.951328694820404,0.0,0.9405018091201782,0.893273651599884,0.959650456905365,-216.3108678255652,2330.51674081587,-32.11501195311524,9,0.6766075253408025,6.365798874929304,24,0.8702922821044922,0.6999001622200012,5.226351227634516,1.1570524821029835,0.29762837,3.271207,2.111555,4.0361648,25,3049.2939,0.08,54.764,4.657068824768066,-1.3760000000000003,0.44,0.16,0.2,0.3999999999999999,0.16,0.16,0.24,-0.0799999999999999,0.3772615153796987,0.7436757837673367,0.8094674619190865,0.302983413388233,0.5217212035610913
120,5zys_LPFELRGHLV,0.88,-243.2157235728806,1047.873932216406,-43.49958467832113,3,0.6515422141055046,6.211611138161337,18,93.949,76.481,4.028139999999998,0.9491422176361084,0.9760919809341432,0.9828293323516846,0.9860438108444214,0.280723363161087,0.4028834104537964,0.0,0.9491422176361084,0.9735586643218994,0.9312822818756104,-198.0234507708275,1055.4809924248273,-37.54898998404127,6,0.6053136072002988,6.055378344415909,16,0.9814793646335602,0.787129259109497,3.11701405659318,0.5220780728161335,5.519816,0.24681547,2.955626,0.3734982,10,1180.3984000000005,0.1,58.29,6.749653053283692,0.5199999999999999,0.4,0.2,0.5,0.5,0.0,0.2,0.1,0.1,0.1657940661239975,0.7708021635764368,0.9498852962030396,0.3894241727994281,0.6043367262112812
121,4mnx_LCSDRGCENRWCK,0.86,-499.0256412838953,1581.8976292500367,-46.01881111238288,15,0.7128773974409782,6.365637677293788,36,84.99153846153845,79.38538461538461,6.279749552772807,0.942152500152588,0.9708966612815856,0.9780826568603516,0.9664040207862854,0.2889737784862518,0.6178005337715149,0.0,0.942152500152588,0.9860371947288512,0.925907015800476,-205.8444245338318,1563.522477090247,67.46411687546691,23,0.7978036248803275,6.442109986529297,36,0.8829739368878878,0.819102576145759,5.926697004388753,0.6844163236425402,7.227538,0.5145563,5.131066,3.778046,13,1569.7878,0.0769230769230769,40.96153846153847,7.957929039001465,-1.0923076923076924,0.2307692307692307,0.3076923076923077,0.1538461538461538,0.1538461538461538,0.3846153846153846,0.2307692307692307,0.1538461538461538,0.0769230769230769,0.1190912679759769,0.6562743945488213,0.7652683161096194,0.1702345702337937,0.4740475912649087
122,1gjb_LKFQCGQK,0.93,-512.9842159219253,1069.7572582288558,-33.69433504609253,7,0.7010021135885637,6.13940494061614,21,88.17875,88.17875,7.408617125984267,0.9844507575035096,0.987901210784912,0.9887638688087464,0.987722873687744,0.2716089487075805,0.4195953905582428,0.0,0.9844507575035096,0.985640823841095,0.9788284301757812,-78.05625822728962,1026.362291521461,-12.629960615950552,2,0.6074535096997165,6.294326512156601,18,0.979987934231758,0.979987934231758,4.227432879245304,0.4152439041283187,0.41104442,0.17395261,0.4582327,0.50882524,8,951.1439,0.125,-11.2875,9.314085960388184,-0.7625,0.375,0.125,0.25,0.25,0.375,0.25,0.0,0.25,0.1632922981930142,0.6249459631774924,0.8808209317282127,0.3119035335996964,0.7657978011473157
123,5glh_CSCSSLMDKECVYFCHLDIIW,0.95,-623.991009261417,3013.1122187440496,-85.06323382145081,31,0.6354345171875426,6.848382679648843,49,94.1404761904762,89.7504761904762,5.961519178495941,0.9839115142822266,0.9472662210464478,0.9381048679351808,0.9239785075187684,0.3380772471427917,0.557172954082489,0.0,0.9839115142822266,0.8589065670967102,0.9940550923347472,-315.8446927013618,3077.122665510151,16.83573944788577,45,0.4720862731123321,6.799249165560076,47,0.8895690327598935,0.8502455836250669,4.93816813153586,1.0618128463345378,5.5188766,0.4216,3.6049821,1.423324,21,2495.9335,0.1428571428571428,59.44285714285713,4.536399650573731,0.6333333333333334,0.238095238095238,0.238095238095238,0.3809523809523809,0.4285714285714285,0.3333333333333333,0.0952380952380952,0.1428571428571428,-0.0476190476190476,0.0375829631930453,0.7377584327069633,0.7993406269403632,0.2750228294908999,0.626686919021404
124,5hfc_NYKQFSV,0.85,-197.54034616503844,1079.2267709176083,-40.17874699790727,6,0.6624867923297078,6.07784954163742,20,84.55285714285715,84.55285714285715,6.536647465437791,0.9604487419128418,0.9549310803413392,0.9535515904426576,0.9643592238426208,0.2966161370277405,0.3988507986068725,0.0,0.9604487419128418,0.9677450656890868,0.9596474170684814,-207.97242259788905,1010.3589409738856,-41.457112198124975,5,0.6653223171635858,6.017881589628391,18,0.9027310694966998,0.8055463262966701,3.715356532123781,0.5452723072901848,0.51319635,0.8605324,1.0908697,1.6683369,7,884.9747,0.2857142857142857,31.571428571428573,8.590879631042483,-0.857142857142857,0.1428571428571428,0.2857142857142857,0.4285714285714285,0.4285714285714285,0.4285714285714285,0.1428571428571428,0.0,0.1428571428571428,0.0507357330922886,0.6330789573834678,0.9168360391087584,0.2666043547423377,0.7419942105792023
125,5b76_ARTKQTARKSTGGAPRKQLATKAA,0.86,-187.09637336500631,1945.585879150187,-74.7628139519138,8,0.6129655720355452,6.164172651932109,36,89.69,71.76041666666667,4.817378472222233,0.900976061820984,0.903843343257904,0.904560089111328,0.8592559695243835,0.4128257930278778,1.054863214492798,0.0,0.900976061820984,0.9505569338798524,0.8582642078399658,-52.22943438889794,1985.77670836062,-9.678007502212049,12,0.6291455857347605,5.950904066948323,31,0.7369994843999544,0.5351389472683271,5.0873361613722174,1.1341180408770148,0.34741932,3.5521188,4.9696145,7.92838,24,2497.8557,0.0,32.23333333333333,11.999967765808105,-1.1458333333333328,0.4583333333333333,0.1666666666666666,0.2083333333333333,0.2916666666666667,0.2916666666666666,0.2916666666666666,0.0,0.2916666666666666,0.0837743966089763,0.760635347011332,0.8534306880850359,0.2364442662652105,0.3570500279495219
126,3kj1_RPEIWAAQELRRIGDEFNAYYR,0.92,-373.3913155822323,2105.373549183034,-75.02658713370653,4,0.648153998263252,6.373864757963698,31,93.86954545454546,85.77272727272727,3.567729885057481,0.972826600074768,0.9461227655410768,0.9394468069076538,0.9567447900772096,0.3466711342334747,0.5314069390296936,0.0,0.972826600074768,0.9673398733139038,0.985465943813324,-294.02307249278266,1929.6005248864544,-63.97231134416171,2,0.6493594705271075,6.277566913463931,30,0.9465186433358626,0.7783368175679987,2.452433320180812,0.5310634131715589,7.625432,0.18716441,3.9497426,0.23027131,22,2754.0224000000007,0.1818181818181818,69.5909090909091,6.256063270568848,-1.068181818181818,0.3181818181818182,0.1818181818181818,0.3181818181818182,0.4545454545454546,0.0909090909090909,0.1818181818181818,0.1818181818181818,0.0,0.3455290022279367,0.8082033088834479,0.9263622110929772,0.3658712475566082,0.693814246454704
127,3c1k_DFEEIPEELQ,0.88,-505.2282391686556,1164.832975491582,-33.918473477672705,10,0.6127141982038582,6.791888478717403,15,83.506,67.256,8.978520979020953,0.947271764278412,0.969350516796112,0.974870264530182,0.969790816307068,0.3792499303817749,0.9925109148025512,0.0,0.947271764278412,0.9712757468223572,0.9714602828025818,872.8649531392359,1124.8037870409414,-20.223572600429748,12,0.5378581017332562,6.759157028823654,15,0.9395915865898132,0.7527468204498291,6.439589382405881,0.9682662723989752,0.79182446,0.26792789,0.8800093,1.7001165,10,1248.2921,0.1,133.02,4.0500284194946286,-1.15,0.5,0.2,0.3,0.3,0.1,0.0,0.5,-0.5,0.5194197875545226,0.6177557565156543,0.7302592322213869,0.1879751898646579,0.3466948456925148
128,1eol_RDYEPIPEEAA,0.86,-415.296812060609,1125.92366785921,-30.52075651232218,8,0.5615735049516956,6.6885242310504935,15,79.59545454545454,72.40818181818182,9.986083674111349,0.8379682898521423,0.9316334128379822,0.9550496339797974,0.9282081723213196,0.5816014409065247,2.85029673576355,0.0,0.8379682898521423,0.9550409913063048,0.94983172416687,77.27585324604692,1123.5386095016988,21.043099316740445,10,0.5065583793966206,6.433366643294056,14,0.8160491802475669,0.6606609550389376,10.02328265526078,2.328248120640464,1.2293348,25.375616,18.01779,0.86993176,11,1289.3474,0.0909090909090909,62.56363636363636,4.0500284194946286,-1.3545454545454545,0.4545454545454545,0.2727272727272727,0.1818181818181818,0.3636363636363636,0.0,0.0909090909090909,0.3636363636363636,-0.2727272727272727,0.4404449297492153,0.5045071607481146,0.5282156641046177,0.1285153622024565,0.0613130990351164
129,6g04_SGSQHMRPRFNRENKVSPADAAKKAL,0.82,-194.21514143141303,2308.339493600365,-69.21206299738206,9,0.6540331124379322,6.309656387249235,32,81.99423076923077,69.10115384615385,9.124036348267106,0.8870899081230164,0.9111093878746032,0.9171142578125,0.9337844848632812,0.4938228130340576,0.950989067554474,0.0,0.8870899081230164,0.8924463987350464,0.8658958077430725,-154.89945084602178,2449.1736248733487,17.10909397184645,16,0.665562005054991,6.412841718718054,31,0.8856185181782796,0.7812557644568957,6.7225870901462095,1.4199340911306573,0.47942942,1.599597,2.9277215,4.170907,26,2896.248,0.0384615384615384,45.51538461538462,11.000063133239744,-1.230769230769231,0.3846153846153847,0.3461538461538461,0.1153846153846153,0.3076923076923077,0.2307692307692307,0.2692307692307693,0.0769230769230769,0.1923076923076923,0.0734319777470448,0.77280014241126,0.7661536274593571,0.2952098187025334,0.371051123580323
130,1syq_PLLQAAKGLAGAVSELLRSAQPASA,0.92,-574.3343642551445,2424.0787378968525,-87.05086837593876,4,0.5552877371074726,6.392303918488949,37,89.76359999999998,85.89599999999999,6.35367746478872,0.958556592464447,0.9247304797172546,0.9162739515304564,0.9337329864501952,0.3721176385879516,0.648806095123291,0.0,0.958556592464447,0.9261488914489746,0.96566903591156,-268.17026347654445,2355.6130318127875,-78.343851581215,4,0.5351638444589508,6.287540097716039,36,0.9157876479625702,0.8177862834930419,5.227772339926639,0.7957679433428065,0.2411081,1.2002652,0.9732856,0.8996398,25,2419.7748999999994,0.0,64.24,9.177155113220216,0.4200000000000001,0.56,0.28,0.24,0.52,0.2,0.08,0.04,0.04,0.5866960143707,0.7902225506551628,0.8698011231258053,0.3459264534107629,0.6521413828968642
131,2llq_RAANLWPSPLMIKRSKKNS,0.59,-99.26646323066004,1892.4501368031847,-58.39286158481792,3,0.6161176200247928,6.417476301114892,24,67.55105263157894,64.59894736842105,9.615789473684211,0.7731015086174011,0.8833910226821899,0.9109633564949036,0.8793376088142395,0.4637651145458221,1.6750997304916382,0.0,0.7731015086174011,0.9426615238189696,0.8711495399475098,31.209952276410785,1668.3504581375685,46.500088780867095,7,0.6505100373839623,6.539851002087595,21,0.830279971423902,0.6190102257226643,5.200567453844311,1.2403641080841732,12.731642,0.9717,8.150271,2.2037225,19,2197.6056000000003,0.0526315789473684,91.0157894736842,11.999967765808105,-0.8736842105263158,0.4210526315789473,0.3684210526315789,0.2105263157894736,0.3684210526315789,0.2631578947368421,0.2631578947368421,0.0,0.2631578947368421,0.0977394287966434,0.3722968576736816,0.4703965991705802,0.133837224920084,0.1320160931410542
132,2kbr_DDDRYLREAIQEYDNIAK,0.81,-113.17379596046251,1770.7291294398483,-35.79445208708823,9,0.4863829085032498,6.506009594999671,23,82.85888888888891,69.97666666666667,6.340521541950121,0.9535610675811768,0.9591833353042604,0.960588812828064,0.9661834836006165,0.3187716603279114,0.5251643061637878,0.0,0.9535610675811768,0.9569098353385924,0.9725799560546876,-117.00671350404396,1565.7968505451056,-21.467375605992714,9,0.5593732412817751,6.584875057539684,22,0.9432623154587216,0.749632434712516,2.366377186139965,0.4744088290905466,0.9798287,1.0151527,1.1444257,0.91027725,18,2227.3434,0.1111111111111111,60.03333333333334,4.233220481872559,-1.5055555555555555,0.3333333333333333,0.2777777777777778,0.2777777777777778,0.3888888888888889,0.1111111111111111,0.1666666666666666,0.3333333333333333,-0.1666666666666666,0.4570910915100773,0.7212081009431991,0.9171991085758484,0.3213998337526091,0.6972667683765492
133,6hm4_GVMTVPNP,0.78,-361.2116291337922,783.1465180079597,-25.166806238647496,7,0.6876113823137422,5.910643873680317,11,76.55125,76.55125,11.566137566137591,0.7744970917701721,0.911953628063202,0.9463177919387816,0.8706329464912415,0.387958824634552,3.838984966278076,0.0,0.7744970917701721,0.953216791152954,0.923366367816925,-295.382668796537,878.0411554215369,17.36203238282718,13,0.8142687063128,6.174171218976302,11,0.5245532356202602,0.5245532356202602,12.07804690029413,2.788556078695273,17.254965,14.757474,15.280861,1.1832728,8,813.9614999999999,0.0,25.625000000000004,5.525000190734862,0.3124999999999999,0.125,0.5,0.375,0.375,0.25,0.0,0.0,0.0,0.52210875953855,0.3885096617608011,0.3545638758413604,0.0807606479894281,0.0357565380386858
134,2jk9_NELNNNLP,0.84,-475.9540123677204,726.6049711866917,-29.10863687952269,1,0.7609814551222248,5.744537528350369,13,81.47375,73.48500000000001,10.811125,0.915389895439148,0.9561744928359984,0.9663705825805664,0.9496325254440308,0.2865037322044372,1.1162726879119873,0.0,0.915389895439148,0.985138475894928,0.9551613926887512,-328.6047708793505,765.9484391667714,-22.60986605346841,3,0.7485870612998413,5.957330060170685,13,0.8263630867004395,0.7447883784770966,7.189576821295279,0.951120457407974,22.617962,0.84712917,14.630323,1.3743052,8,926.9701,0.0,32.825,4.0500284194946286,-1.4374999999999998,0.375,0.625,0.25,0.25,0.5,0.0,0.125,-0.125,0.5494282591052748,0.474127279996848,0.6508061177331821,0.1724986879891774,0.2638762009833704
135,5j7j_MDCLCIVTTKKYRYQDED,0.34,-18.592092908352168,2457.71455258687,-8.427247675248742,13,0.5410347813098959,6.666352391768868,43,38.17777777777777,36.50777777777777,18.717973251028774,0.7787065505981445,0.8634263873100281,0.8846064209938049,0.8585342764854431,0.5087459683418274,1.6221362352371216,0.0,0.7787065505981445,0.8216856122016907,0.8912665843963623,337.8186335087022,2490.148975704044,340.39883264687774,10,0.5658952022529427,7.125683847358503,41,0.7864941722816892,0.7196701069672903,7.26113088236833,1.5692323188620667,2.2880795,2.2070222,5.0569654,6.006126,18,2224.5332,0.1111111111111111,18.527777777777786,4.862143898010253,-0.8,0.2777777777777778,0.1666666666666666,0.3888888888888889,0.3333333333333333,0.2777777777777778,0.1666666666666666,0.2222222222222222,-0.0555555555555555,0.1103835792789404,0.020195957913291,0.4587314020982762,0.0,0.1221496160004758
136,2l6e_ITFDLLYYGKKK,0.6,98.44738952490856,1423.3883702306723,-31.474689428448897,3,0.628843142086578,6.615513473735421,23,61.77583333333333,61.77583333333333,11.6610927672956,0.8269191980361938,0.8305920958518982,0.8315103054046631,0.860555112361908,0.8085412979125977,1.4013794660568235,0.0,0.8269191980361938,0.7671146988868713,0.9164689779281616,-59.47115325874823,1298.72947728702,9.964766492187836,5,0.5535000042069197,6.565384765779238,19,0.8202518622080485,0.685001606742541,6.963441027621241,1.9221210770965,3.0778685,4.126168,5.1473136,5.2558665,12,1488.7678,0.25,25.86666666666666,9.404599571228026,-0.3333333333333335,0.4166666666666666,0.1666666666666666,0.5833333333333334,0.5,0.0833333333333333,0.25,0.0833333333333333,0.1666666666666666,0.2955109729528443,0.2492948729343943,0.431113779339942,0.0866338745527718,0.2058574687996553
137,3dow_DWDFLPP,0.91,-253.8231825716176,1264.5961351619185,-51.29791667516204,1,0.7095759179778014,5.967648863301979,19,90.5442857142857,90.5442857142857,5.4132312925170085,0.9762913584709167,0.9587736129760742,0.9543941617012024,0.9591514468193054,0.2759529948234558,0.374070793390274,0.0,0.9762913584709167,0.977939784526825,0.9780102968215942,-116.19806357013282,1202.1153492513968,28.405634830444143,1,0.6967445372377477,6.024631430207033,19,0.9082964062690736,0.9082964062690736,3.1027451270088857,0.3934753027632663,0.25213465,0.7973457,0.88910013,1.4433247,7,888.9617999999999,0.2857142857142857,52.82857142857144,4.0500284194946286,-0.642857142857143,0.1428571428571428,0.5714285714285714,0.4285714285714285,0.4285714285714285,0.0,0.0,0.2857142857142857,-0.2857142857142857,0.3570144003250299,0.6955844029518466,0.9243348004896688,0.4000766652746528,0.8009518234697096
138,3kj2_RPEIWIAQELRRIGDEENAYYR,0.93,-357.0602111059912,2056.06302556508,-71.24363930682642,2,0.5891887537403928,6.465655716470836,30,95.31590909090907,91.57727272727271,3.4672359432474984,0.9757239818572998,0.9387733340263368,0.9295356869697572,0.9431573152542114,0.3384304642677307,0.4965734779834747,0.0,0.9757239818572998,0.9708632230758668,0.9858574271202089,-332.5724399637631,2011.805563683463,-59.26722232479733,4,0.61910576209616,6.445816037801813,30,0.927456798878583,0.7989815175533295,2.334985142012865,0.4917945716641667,0.18304169,0.41263023,0.32202137,0.408012,22,2778.0423000000005,0.1363636363636363,91.2409090909091,5.006173896789551,-1.231818181818182,0.3181818181818182,0.1818181818181818,0.3181818181818182,0.409090909090909,0.0909090909090909,0.1818181818181818,0.2272727272727273,-0.0454545454545454,0.2732240386673092,0.8518724350013421,0.9384896229673988,0.4226248491231359,0.7269965796819585
139,3qn7_ACSRYEVDCRGRGSAC,0.88,-539.3908938312281,1682.5016885539835,-45.37026546070763,21,0.6949369322419573,6.065146944220435,33,81.59375,76.945,6.632923850574729,0.8660325407981873,0.947271764278412,0.9675815105438232,0.95163494348526,0.3472330570220947,1.2338571548461914,0.0,0.8660325407981873,0.9829679131507874,0.8632323741912842,-203.026062085555,1576.8012833482514,40.118293444938814,30,0.7518730516200101,5.978508388602927,32,0.8429348357021809,0.8003127612173557,9.266888715897712,1.245890238689851,7.903165,0.7023312,5.8240952,2.791237,16,1732.9197000000004,0.0625,46.90625,7.997706031799316,-0.55625,0.1875,0.3125,0.125,0.25,0.3125,0.1875,0.125,0.0625,0.0913407625132088,0.6880770492547675,0.6187226370375629,0.1850480012628251,0.2169096529698178
140,6fdp_DTSRMEEVD,0.69,-294.8912976973617,1303.2723366193943,-44.75535278543862,10,0.6918726017599838,6.490569997902913,23,67.5788888888889,67.5788888888889,9.785831180017237,0.9161019921302797,0.9602880477905272,0.9713345170021056,0.956859052181244,0.2992105185985565,0.6225362420082092,0.0,0.9161019921302797,0.9660717844963074,0.926206350326538,-262.4735597798005,1165.2488603027666,-20.569504607971936,5,0.7183423020080447,6.59493734909542,20,0.8725589248869154,0.7970757616890801,4.581482922229964,0.6473217016145343,8.140923,1.7356917,5.8465276,1.4083813,9,1081.112,0.0,33.111111111111114,4.124203300476074,-1.5444444444444445,0.3333333333333333,0.3333333333333333,0.2222222222222222,0.2222222222222222,0.2222222222222222,0.1111111111111111,0.4444444444444444,-0.3333333333333333,0.1682059863059648,0.3864513461853347,0.8528694985956415,0.1113356895119922,0.5522258035493278
141,5ky9_ECISNPCQNGGTCLDQFQCICMPGYEGVYCEINT,0.43,-544.6455842107408,1669.0200052237278,-16.917742506882632,12,0.693296878730125,6.585507579166896,23,48.90911764705883,34.26441176470588,21.16151118259812,0.7594028115272522,0.9127028584480286,0.9510278701782228,0.9169421195983888,0.4664669036865234,3.147353410720825,0.0,0.7594028115272522,0.9590417742729188,0.9610851407051086,-511.06587840890296,2079.599822211738,21.21706909228345,21,0.6549572773782838,6.719098466854838,28,0.8327652601634755,0.4732064587228438,10.630898202123468,2.56649380638812,3.7357292,0.8891352,5.5302315,8.243945,34,3734.1958,0.088235294117647,34.035294117647055,4.0500284194946286,-0.1,0.1470588235294117,0.3235294117647059,0.2941176470588235,0.2647058823529412,0.4411764705882353,0.0,0.1176470588235294,-0.1176470588235294,0.4228951745510418,0.0160461533099796,0.3014182766996635,0.0,0.0801877957683236
142,5xln_PWPEYIYTRLEMYNILKAEHDSILAE,0.87,-356.78360947642864,1638.4717710647135,-53.903916655358046,8,0.6551373016977007,6.53108549332733,18,89.78846153846156,57.84115384615386,6.132670157068053,0.597323477268219,0.8796045184135437,0.9501748085021972,0.9348196983337402,0.5782093405723572,4.80358362197876,0.0,0.597323477268219,0.9614527225494384,0.8674874901771545,-255.14323430827145,1541.7893657487527,-26.13593220223862,14,0.7880831507724503,6.702295052911121,18,0.8542123024280255,0.4346343003786527,12.519155897767227,3.588238413703331,0.38311574,0.71104825,1.268282,1.9164476,26,3195.5971,0.1538461538461538,53.99230769230769,4.732437324523925,-0.4499999999999999,0.4230769230769231,0.1923076923076923,0.4230769230769231,0.5,0.1153846153846153,0.1153846153846153,0.1923076923076923,-0.0769230769230769,0.1103548446680255,0.8034535917399317,0.111764656754075,0.3055565198105749,0.0168988993763734
143,1pd7_VRMNIQMLLEAADYLERREREAEH,0.76,43.88866664068795,1924.1075238233325,-59.10049259698567,6,0.638474845889271,6.435070867825904,27,78.89166666666667,57.14208333333335,7.097408256880727,0.9155513048171996,0.8942226767539978,0.8888904452323914,0.8841490745544434,0.573344886302948,1.1456860303878784,0.0,0.9155513048171996,0.8707118630409241,0.9421741366386414,53.536146579360974,1891.556923834128,-47.4707661842281,5,0.6358874014266873,6.331428681979462,21,0.897409384449323,0.58741973588864,4.248357072962443,1.090240809975323,0.64909273,1.2722375,1.2271999,1.1970247,24,2973.3469,0.0416666666666666,45.07916666666666,5.056931114196778,-0.8833333333333333,0.5416666666666667,0.0833333333333333,0.25,0.4583333333333333,0.0833333333333333,0.2083333333333333,0.25,-0.0416666666666666,0.3858066084018304,0.6285233832255835,0.7176495332044361,0.2443517667961681,0.5182658424778989
144,2l8j_GAMGSASSEDYIIILPES,0.43,-117.261417744169,1470.9165403454326,-32.82121171900391,1,0.6827764153988671,6.309388716797409,22,47.15222222222222,42.25611111111111,18.130340632603385,0.8876148462295532,0.922885239124298,0.9317028522491456,0.9201141595840454,0.4142188727855682,1.1023677587509155,0.0,0.8876148462295532,0.9613031148910522,0.7531664967536926,-159.18841739826897,1393.923520116013,-16.411068278476222,7,0.6837465923765083,5.971890645080115,17,0.8193121552467346,0.5735664665699005,10.131269215751932,1.5137037397011064,2.1388233,3.7632344,6.916814,8.545632,18,1840.0131,0.0555555555555555,78.58333333333334,4.0500284194946286,0.3,0.3333333333333333,0.4444444444444444,0.2777777777777778,0.4444444444444445,0.2222222222222222,0.0,0.1666666666666666,-0.1666666666666666,0.0464403834332405,0.0733905931054521,0.83749530526707,0.0416242342303053,0.3324646980283438
145,2l1r_RRVRISADAMMQALLGARAK,0.59,-113.00672227866028,1773.3642197874906,-53.289546714268994,1,0.5598067674051367,6.669354922895997,21,63.399,56.249,9.837935779816505,0.8023613095283508,0.8551937937736511,0.8684019446372986,0.8421143889427185,0.4606616199016571,1.227975845336914,0.0,0.8023613095283508,0.9317629337310792,0.8556299209594727,-0.4669511906683148,1859.0687290619555,87.93196384898201,7,0.509048008720601,6.862588613470352,19,0.7521707355976105,0.6115532159805298,6.325930757314787,1.2208756134460823,1.3567019,1.1925471,3.8749285,6.1016903,20,2214.6608999999994,0.0,24.44,11.999967765808105,-0.05,0.4999999999999999,0.15,0.2,0.5499999999999999,0.1,0.25,0.05,0.2,0.2466917050394868,0.3920453252150337,0.5931766794424056,0.099845245032383,0.2244883947002642
146,6aaf_LQFEIDDEMEPLYNQAKQMRYG,0.81,-161.52722996376536,2126.3557190390748,-69.02825177072802,3,0.6222071046801918,7.086843793241652,27,83.33772727272728,68.9368181818182,7.026231343283583,0.9145594239234924,0.9340702295303344,0.938947856426239,0.9495337009429932,0.431367427110672,0.8853879570960999,0.0,0.9145594239234924,0.9475712776184082,0.9306787252426147,-125.75947323744296,2204.2686441395786,-9.897389721581774,8,0.640231527551339,6.860665213309961,29,0.931136044588956,0.798030739480799,4.602486911397857,0.7940650828678055,0.33607143,0.41008806,0.88666254,1.4121422,22,2719.0097,0.1363636363636363,35.05,4.177575111389159,-1.0909090909090908,0.4090909090909091,0.2272727272727272,0.2727272727272727,0.409090909090909,0.1818181818181818,0.0909090909090909,0.2272727272727272,-0.1363636363636363,0.3730189427304322,0.6842527319171184,0.8552719498569933,0.2412675512367167,0.4696737908387996
147,5hed_KNYKQFSV,0.74,-228.4938976270714,1079.5509367373456,-35.855373107877654,3,0.6104221792840682,6.185382430485727,20,72.30875,72.30875,9.88758928571428,0.9443100094795228,0.9377212524414062,0.9360740780830384,0.945256769657135,0.338226318359375,0.5310823321342468,0.0,0.9443100094795228,0.953218936920166,0.9420129656791688,124.91215851219336,1086.7978385583442,-33.73322740424955,4,0.6856470542561982,6.034516440484039,21,0.8773575499653816,0.7832847759127617,4.434806867487847,0.6397585269241106,0.809408,2.2244332,1.7355251,2.5168617,8,1013.1470000000002,0.25,28.875,9.703023719787598,-1.2375000000000005,0.25,0.25,0.375,0.375,0.375,0.25,0.0,0.25,0.1913724519818543,0.4630292374092105,0.8787389000366805,0.1652416674519112,0.6672833884408825
148,4l67_WQSLIEESARRPKPLVDPAC,0.83,-643.8427016727519,1968.422426429887,-52.95107100084408,1,0.6413405727950211,5.975534573493709,29,74.039,66.91999999999999,8.77106310679613,0.8110368251800537,0.9005668759346008,0.9229493141174316,0.888554036617279,0.4327751100063324,2.377869129180908,0.0,0.8110368251800537,0.9514476656913756,0.7961254715919495,-461.87629844835664,1508.595848519264,7.68401293887473,9,0.66047272321721,5.977065173559094,22,0.7173739373683929,0.3473193317651749,11.351709825658876,2.130143059119823,13.052066,8.2210655,13.631951,8.495108,20,2295.6161999999995,0.05,137.95499999999998,6.174840354919433,-0.5900000000000001,0.35,0.3,0.25,0.35,0.2,0.15,0.15,0.0,0.4521614016662295,0.6010020404460383,0.7208544890075561,0.122104356850538,0.1222985978512066
149,6iua_SGKRKLITSEEERDPAKRGRKS,0.94,-978.8813843398792,2626.272827905781,-73.74963909211363,12,0.5795531227056503,6.479978091606478,52,91.46181818181816,83.14045454545453,5.742815315315337,0.9095731377601624,0.9653143882751464,0.9792497158050536,0.965097188949585,0.3319753408432007,2.0501785278320312,0.0,0.9095731377601624,0.9699890613555908,0.8843966126441956,-834.192192449498,2879.849224924972,-48.17726532552649,28,0.6577005065854328,6.512425421687277,48,0.8400645581158724,0.7373773645270955,9.29812771552086,1.671911281837878,0.5368757,1.0766281,1.4745528,1.9103452,22,2528.8234000000007,0.0,74.74999999999999,10.419847679138185,-1.954545454545454,0.4090909090909091,0.3181818181818182,0.1363636363636363,0.1363636363636363,0.1818181818181818,0.3636363636363636,0.1818181818181818,0.1818181818181818,0.0923239111269784,0.8054995518654343,0.7334894425196354,0.2749899261179731,0.1606860867270943
150,2w84_GVADLALSENWAQEFLAAGD,0.7,-40.81214233339981,1209.665457427071,-42.19821766591701,0,0.5831682505158025,6.680544572687862,16,78.542,64.6605,6.7730324675324765,0.9536263942718506,0.8984894156455994,0.8847050666809082,0.9112932682037354,0.3058104813098907,0.4260410070419311,0.0,0.9536263942718506,0.954351246356964,0.963028073310852,-133.44745423718726,1302.697161425145,-34.746187959980986,2,0.6406174743561116,6.6158502985653005,16,0.8975578397512436,0.5367370039224625,2.565870934647399,0.4558352141991838,1.3813931,1.2885625,2.40327,2.3644073,20,2077.2068,0.1,11.815000000000005,4.0500284194946286,0.1949999999999999,0.5,0.3,0.3,0.5499999999999999,0.15,0.0,0.2,-0.2,0.1094194376554094,0.539253828495548,0.910159094242356,0.220986011399337,0.7534652619958354
151,1g5j_NLWAAQRYGRELRRMSDEFVDSFKK,0.89,-116.028836501252,2405.011597595232,-82.86649816069533,8,0.7469280109929602,6.417217627945404,38,86.506,81.9072,6.862955999999985,0.9594022631645204,0.9238047003746032,0.9149052500724792,0.9419507384300232,0.5471433401107788,0.830142080783844,0.0,0.9594022631645204,0.90603506565094,0.971099317073822,-189.77931097337847,2149.58956531268,-4.311082038477025,13,0.6432649432851338,6.505033838348834,31,0.94107492685318,0.6842840099334717,4.049993428534269,1.043144436466694,14.9329815,1.1955812,9.339647,1.9752558,25,3103.4719,0.16,50.52,9.69038791656494,-1.124,0.36,0.24,0.28,0.3999999999999999,0.16,0.24,0.16,0.0799999999999999,0.5065894482441566,0.7691499101669511,0.8274328343445674,0.3265049938680912,0.6058359658017073
152,4pp5_KHKILHRLLQD,0.89,-372.2926975248935,1229.3379632404908,-49.04427201453365,4,0.6732563581513503,7.262713166083977,16,88.88090909090909,88.88090909090909,8.248387878787868,0.9527370929718018,0.9427576065063475,0.940262734889984,0.9385927319526672,0.5000523924827576,1.06058669090271,0.0,0.9527370929718018,0.9058942198753356,0.973333179950714,-314.6488964475461,1158.9098167025045,-38.51098903136767,3,0.6079071036802779,7.262803257686833,17,0.879419819875197,0.7432824156501077,7.069727328389582,1.300725437185981,2.5614922,1.3211523,3.649366,4.038289,11,1400.6712,0.0,87.55454545454546,9.994485282897951,-0.890909090909091,0.4545454545454545,0.0909090909090909,0.3636363636363636,0.3636363636363636,0.0909090909090909,0.4545454545454545,0.0909090909090909,0.3636363636363636,0.4295813480562456,0.5770485876843795,0.809079079635857,0.1629409702382438,0.4724225631364034
153,6k5t_DTAGCIVIDE,0.73,-110.29197577406067,1026.973761807133,-33.85629680230264,7,0.6308115117772608,6.166283591672365,15,73.381,64.09899999999999,10.993678160919554,0.921530783176422,0.9158875346183776,0.914476752281189,0.891516923904419,0.302698403596878,0.4539780914783478,0.0,0.921530783176422,0.9553483128547668,0.9140963554382324,-72.1065766323079,1148.3758160674315,-22.452075975860105,7,0.6573244462434297,5.831811700542226,15,0.7873349189758301,0.7873349189758301,4.567656084963645,0.60916454589915,2.929669,1.1819547,4.683782,7.181656,10,1035.1263,0.0,-14.52,4.0500284194946286,0.5899999999999999,0.2,0.3,0.4,0.4,0.2,0.0,0.3,-0.3,0.1850643514884567,0.6678760874017403,0.8838470407294478,0.2828317929172173,0.6399450736248709
154,2rr4_ARTQTARKS,0.62,163.55694788843616,1312.8354532551864,-33.57400533234593,1,0.5120015492396381,5.7960044694821535,22,57.75666666666666,57.75666666666666,10.029358974358976,0.8364888429641724,0.803482174873352,0.7952304482460022,0.7507957220077515,0.7484217882156372,1.5704894065856934,0.0,0.8364888429641724,0.797239363193512,0.8563113808631897,228.16802437422413,1427.0019386990962,99.74316254258495,12,0.593268266461449,5.825278487158915,16,0.7553681201404996,0.7553681201404996,5.732386096377998,1.5715909428321395,3.8241794,3.9700828,4.7648344,3.5042703,9,1018.1291,0.0,0.5111111111111111,11.999967765808105,-1.666666666666667,0.3333333333333333,0.1111111111111111,0.2222222222222222,0.2222222222222222,0.4444444444444444,0.3333333333333333,0.0,0.3333333333333333,0.2005981867294954,0.3194677422764679,0.621289835229857,0.1513472329561712,0.4521829376279524
155,1ej4_RIIYDRKFLMECRN,0.93,-386.6585272412607,1435.3879897733057,-38.87171556015744,6,0.5647630015182279,6.353575763787378,20,94.03142857142858,74.795,4.617997779422657,0.9851955771446228,0.967885971069336,0.963558554649353,0.9661684036254884,0.3289165496826172,0.3865130245685577,0.0,0.9851955771446228,0.9667401909828186,0.9888238906860352,-252.3189669633875,1357.5349566157108,-33.78251210106976,12,0.6669430448521714,6.475469162998157,20,0.9453291893005372,0.8074219226837158,2.8811892045814846,0.4678751418296714,0.46877193,0.24718456,1.0411555,1.3857119,14,1857.2074,0.1428571428571428,61.01428571428572,9.308992958068847,-0.6571428571428571,0.2857142857142857,0.1428571428571428,0.3571428571428571,0.4285714285714285,0.1428571428571428,0.2857142857142857,0.1428571428571428,0.1428571428571428,0.1568622564678936,0.7983034363847823,0.927198682332848,0.3826040072435339,0.804571415715907
156,4os1_GALGRGCENHRCL,0.88,-540.6749205792222,1353.8870555816454,-38.60486807158787,16,0.7801145647172872,6.534006515521676,35,83.39230769230767,78.51692307692306,5.818837209302332,0.9126421213150024,0.958909809589386,0.9704767465591432,0.9434647560119628,0.3041259050369262,0.8872708678245544,0.0,0.9126421213150024,0.9863868951797484,0.9021161794662476,-328.45810054938306,1517.694017199344,-17.678869267001346,18,0.7076238277769865,6.422545259161544,34,0.7949031087068411,0.7949031087068411,7.574208859814088,0.8791539254789915,0.4305602,2.4758754,2.0415375,1.9862255,13,1385.5754,0.0,10.984615384615386,8.081772804260254,-0.4615384615384616,0.3076923076923077,0.3076923076923077,0.1538461538461538,0.2307692307692307,0.2307692307692307,0.2307692307692307,0.0769230769230769,0.1538461538461538,0.2894016229158165,0.7103307276852943,0.6893458028343808,0.1997335827238971,0.3392439094603809
157,4pp3_KHKILHRLLQD,0.89,-332.4000921995007,1189.6183729280972,-46.70841130333122,4,0.6099093113439779,7.178043273859572,17,87.06272727272727,87.06272727272727,7.056359595959606,0.9547604322433472,0.9559702277183532,0.9562726616859436,0.9498581290245056,0.451420783996582,1.103259801864624,0.0,0.9547604322433472,0.9110695719718932,0.9750217199325562,-358.4243738988688,1187.0913378537005,-43.51738450381515,3,0.4939018240199697,7.201407525553216,17,0.89362586628307,0.8048108111728322,6.658307395499162,1.2604742362643733,2.4488006,1.8101507,3.7095845,6.6247816,11,1400.6712,0.0,87.55454545454546,9.994485282897951,-0.890909090909091,0.4545454545454545,0.0909090909090909,0.3636363636363636,0.3636363636363636,0.0909090909090909,0.4545454545454545,0.0909090909090909,0.3636363636363636,0.4295813480562456,0.6207890160813772,0.8069889386711268,0.1876904227206181,0.489011239854322
158,5n70_AFRIPLTR,0.97,-739.4674026528165,1654.6497708927725,-66.37481516081209,3,0.628745754821916,6.079639022728872,30,93.2475,93.2475,4.950961815561961,0.9925642013549804,0.9362250566482544,0.9221402406692504,0.929534375667572,0.2998203039169311,0.4349601566791534,0.0,0.9925642013549804,0.9794082641601562,0.9935777187347412,-521.6890820257504,1606.6833835094212,-15.667968848055182,7,0.6414999037946567,5.843090376013066,29,0.9223767593502998,0.9223767593502998,3.1449607519449008,0.4272533541046061,0.15039456,0.30408174,0.36863157,0.52300245,8,973.1727,0.125,5.15,11.999967765808105,0.1999999999999998,0.25,0.125,0.5,0.5,0.125,0.25,0.0,0.25,0.1638490398565451,0.8373451199544578,0.9586495788468544,0.4821213835777447,0.8368192107156406
159,4f14_PPPTLPKPKLP,0.67,-111.60214233237012,1043.020761100046,-25.619707707260247,3,0.7421775265045142,6.906354266426988,17,84.40090909090908,72.1081818181818,5.774559023066487,0.9209442734718324,0.969300389289856,0.9813894033432008,0.982385516166687,0.2739759683609009,0.3496198058128357,0.0,0.9209442734718324,0.9731602668762208,0.9246067404747008,12.681344738753486,1016.0863901761734,-10.958454196413811,4,0.6220814053310408,6.870286948578853,16,0.9656451723792336,0.8823910843242299,2.5252594844699714,0.4135840587732426,0.44487143,0.42573196,0.66516644,0.8433198,11,1184.4702,0.0,64.55454545454546,10.01866092681885,-0.9545454545454548,0.3636363636363636,0.5454545454545454,0.2727272727272727,0.1818181818181818,0.0909090909090909,0.1818181818181818,0.0,0.1818181818181818,0.1040213322967443,0.3502862273360351,0.8539263859693135,0.1915951241687951,0.6917110283439826
160,2hqw_KKKATFRAITSTLASSFKRRRS,0.61,-234.36018289459625,3407.262087930201,-72.08059986659114,11,0.5416398303169636,6.566795331952832,40,62.31818181818183,60.717272727272736,10.911818181818187,0.8789951801300049,0.9007837176322936,0.9062308073043824,0.8864926099777222,0.4535371959209442,1.2562718391418457,0.0,0.8789951801300049,0.9060965180397034,0.9659299850463868,65.39102560293335,3020.64637848887,-4.306672951846238,13,0.5518678974863556,6.588258255247646,33,0.8197125223549929,0.7938348813490435,4.1061479794792834,0.979035719636489,7.9653306,1.6359749,4.9531803,0.9710478,22,2540.9647000000004,0.0909090909090909,103.94090909090907,11.999967765808105,-0.8909090909090908,0.3636363636363636,0.1818181818181818,0.3181818181818182,0.3181818181818182,0.3181818181818182,0.3636363636363636,0.0,0.3636363636363636,0.1803037489827428,0.2911821188194891,0.7408233786270437,0.0570778224585421,0.2381627836950086
161,3iqq_TKIDWNKIL,0.71,-162.67498811293933,1225.776925304043,-35.41686735815759,4,0.523146103661001,6.527866159374048,18,77.18,68.17333333333333,7.086995464852613,0.9309675097465516,0.9407116174697876,0.943147599697113,0.919055998325348,0.320484459400177,0.6497494578361511,0.0,0.9309675097465516,0.951688289642334,0.9636603593826294,-54.18869217021367,1092.3004428108625,-0.2600748684412082,4,0.5870557770954448,6.405668079015284,17,0.8495482802391052,0.6586412390073141,2.960012596582069,0.561159333438019,0.7171264,1.2257594,1.3276812,1.3796017,9,1130.3365,0.1111111111111111,51.44444444444444,8.25603084564209,-0.4000000000000001,0.3333333333333333,0.2222222222222222,0.5555555555555556,0.4444444444444444,0.2222222222222222,0.2222222222222222,0.1111111111111111,0.1111111111111111,0.0978582816662437,0.3768475505166615,0.7556611710571021,0.1006726037027662,0.5363502933634418
162,5vmo_ALPPEMVVARELRRIGDEFNRLYC,0.91,-312.11986844284826,1729.1922635251835,-64.7484121210571,4,0.6829293508288283,6.308094685730522,28,95.18375,80.55624999999998,3.377970623501212,0.9623681306838988,0.9692899584770204,0.9710204601287842,0.9655404090881348,0.3270788192749023,0.5191606879234314,0.0,0.9623681306838988,0.973068118095398,0.972779393196106,-212.8492781866612,1688.8105883788096,-50.62957028168563,0,0.6467146419951556,6.318747603833425,25,0.9350242192546526,0.6722301542758942,2.5969213570157685,0.4946444707451393,0.16322854,0.37848422,0.3375206,0.5288095,24,2848.3059000000003,0.0833333333333333,64.76666666666667,6.291814994812013,-0.2208333333333333,0.375,0.2083333333333333,0.3333333333333333,0.4583333333333333,0.0833333333333333,0.1666666666666666,0.1666666666666666,0.0,0.3549387185510538,0.8486576313748491,0.9293195795319537,0.419755765737094,0.6935819506267716
163,4os2_GLGRGCENHRCL,0.93,-489.04195592243786,1326.42658812209,-34.88314374376188,25,0.7670719512255871,6.451483757476686,33,87.70916666666666,87.70916666666666,5.219990272373548,0.923990786075592,0.9551013112068176,0.9628788828849792,0.9312821626663208,0.2979201376438141,0.8312852382659912,0.0,0.923990786075592,0.9873508214950562,0.9153361916542052,-399.9184928292156,1366.560092962868,-9.00869408086976,26,0.6491964358078004,6.252867294521913,31,0.7424392153819402,0.6982041547695795,6.997920124389318,0.8157461616566982,0.36742538,1.8395239,1.9338536,2.9312227,12,1314.4975000000002,0.0,18.14166666666667,8.081772804260254,-0.6500000000000001,0.25,0.3333333333333333,0.1666666666666666,0.1666666666666666,0.25,0.25,0.0833333333333333,0.1666666666666666,0.2765802849485173,0.7602311327789573,0.7083164777153304,0.3160604376717375,0.3736865087099486
164,5i25_NPISDFPD,0.85,-999.1218286362252,920.1464479240108,-23.6787203542574,3,0.7215260256145344,7.082814868818643,17,67.735,56.18,16.886239652317848,0.5270724296569824,0.8365605473518372,0.9139325618743896,0.8835671544075012,0.47938272356987,10.95576286315918,0.0,0.5270724296569824,0.943345546722412,0.8654338717460632,-486.7105226494494,1045.3048540995835,51.76807269210457,6,0.6628882580419617,6.405011733081157,19,0.4623185768723488,0.4623185768723488,23.75793201854416,9.116483261420187,1.5470197,2.321636,2.5579774,3.0835452,8,903.9317999999998,0.125,10.375,4.0500284194946286,-0.8999999999999999,0.0,0.75,0.25,0.25,0.25,0.0,0.25,-0.25,0.6958046371931463,0.458845632500489,0.0,0.0996331396692647,0.0
165,2kc8_KQTLLSDEDAELVEIVKERLRNPKPVRVTLDEL,0.79,-142.89438677300066,2894.696353020742,-90.85458647366924,12,0.5886472241909887,6.617204944409926,37,82.29757575757574,74.69333333333334,7.881477272727281,0.9404190182685852,0.9309200644493104,0.9285452961921692,0.9336004853248596,0.4165434539318084,0.8171758651733398,0.0,0.9404190182685852,0.9024872779846193,0.9342068433761596,107.37330896756896,2860.026232944936,96.37171552991109,5,0.6092392487562109,6.608229646944815,37,0.92573507084991,0.7671142635923444,3.0173866883357703,0.7843572935653906,1.1940755,2.3456547,4.868232,7.290554,33,3847.373900000001,0.0,34.76969696969698,4.8139444351196286,-0.5969696969696969,0.4545454545454546,0.2121212121212121,0.393939393939394,0.3636363636363636,0.1515151515151515,0.1818181818181818,0.2424242424242424,-0.0606060606060606,0.2110846728347591,0.6934431348530232,0.8355283780996439,0.3845268543627129,0.7441726463376898
166,4y7r_EEIDVVSV,0.94,-705.6430306183557,981.11637599276,-39.569673197595534,0,0.6898309674166794,6.548938400050592,14,90.905,90.905,7.733004807692312,0.977191925048828,0.9830951690673828,0.9845710396766664,0.9790278673171996,0.2646140456199646,0.4131958484649658,0.0,0.977191925048828,0.987779140472412,0.9799952507019044,-617.4413815851202,944.3698338273456,-25.67311297965091,0,0.5864540731406777,6.538367939821102,14,0.94166661798954,0.94166661798954,5.657533079349937,0.4907497139289402,0.33568162,0.3512641,0.40752843,0.40560168,8,888.9585999999999,0.0,73.575,4.0500284194946286,0.7250000000000001,0.25,0.25,0.5,0.5,0.125,0.0,0.375,-0.375,0.1855296994057123,0.7949100805512658,0.9272293617434136,0.3309139142972936,0.6804374645036904
167,4qjr_PSLLKKLLLAPA,0.9,-561.2655464051234,1075.0532077409182,-41.78587026653884,0,0.5716375639772843,7.354205389149811,15,87.39083333333333,73.13000000000001,8.00248372395833,0.9622593522071838,0.9674859046936036,0.9687925577163696,0.9738436937332152,0.3419688642024994,0.6386083364486694,0.0,0.9622593522071838,0.9676625728607178,0.9754713773727416,-363.67589398082384,1015.6663243318036,-26.88435423349489,0,0.4261384728373351,7.425691825460317,15,0.9269044051567712,0.7780933181444804,5.970932130876463,0.7684679640030178,0.24025945,0.32558614,0.37065247,0.42457396,12,1263.6114,0.0,43.16666666666667,10.01866092681885,0.9,0.75,0.25,0.4166666666666667,0.5833333333333334,0.0833333333333333,0.1666666666666666,0.0,0.1666666666666666,0.2653120861478626,0.7150938947751254,0.907972784199899,0.2412959148562016,0.5902790225218988
168,2jqk_DEEIERQLKALGVD,0.71,-222.61512781214623,1053.8323466563747,-30.771639892492143,1,0.5565702403119815,7.321079867077231,16,80.32142857142857,62.415,6.714892026578079,0.9471642971038818,0.9551790356636048,0.957182765007019,0.951648473739624,0.2897838950157165,0.4527575075626373,0.0,0.9471642971038818,0.9600117802619934,0.97690612077713,-173.69402534093467,1061.966426485728,-30.3653195212774,0,0.5643437688160959,7.296543024045667,14,0.9052423749651228,0.6352366379329136,2.08842980594334,0.4333166429321235,0.6295694,0.4772695,0.8417845,0.79981554,14,1614.7523,0.0,74.67142857142858,4.335360145568848,-0.8357142857142854,0.5,0.2142857142857142,0.2857142857142857,0.3571428571428571,0.0714285714285714,0.1428571428571428,0.3571428571428571,-0.2142857142857142,0.28044934175363,0.3320463182087319,0.8843765744989073,0.1373329539020205,0.6697466272924657
169,5b6c_FRAFSGSGNRL,0.91,-383.1370252016234,1298.0459365387696,-42.18532580965734,9,0.656274365516297,6.573683239103411,24,90.0281818181818,90.0281818181818,6.423017199017201,0.9523274898529052,0.9537849426269532,0.9541493058204652,0.9565379619598388,0.3133576512336731,0.6865987777709961,0.0,0.9523274898529052,0.9685867428779602,0.934390902519226,-326.3465557947355,1362.0351756152045,-32.54395734386259,11,0.659263353251599,6.442184084600161,23,0.9236865964802828,0.9236865964802828,5.449537126569842,0.6875873071995062,0.36061624,0.39650127,0.47918147,0.59623337,11,1211.3296,0.1818181818181818,1.3727272727272726,11.999967765808105,-0.3363636363636363,0.1818181818181818,0.4545454545454545,0.2727272727272727,0.3636363636363636,0.2727272727272727,0.1818181818181818,0.0,0.1818181818181818,0.6300281729337425,0.6199893717679389,0.8052959175217498,0.2980887124059653,0.5458574547071123
170,4h75_ARTQTAR,0.6,-241.73429843330848,1200.1896460389737,-30.204763797366752,8,0.5132522647775338,6.504403015251821,21,53.14285714285715,53.14285714285715,16.529251040221915,0.8442248106002808,0.8961732983589172,0.9091603755950928,0.8720860481262207,0.4205160140991211,2.338244199752808,0.0,0.8442248106002808,0.8261619210243225,0.9270604848861694,-242.5708517996904,1155.4176533368493,-4.598498395797208,6,0.6250748599723692,6.354976898527685,18,0.6441763809749058,0.552444611276899,11.074694406804364,2.25680748229632,6.6920686,7.094537,7.768502,5.802736,7,802.8795,0.0,-2.2,11.999967765808105,-1.4714285714285715,0.2857142857142857,0.0,0.2857142857142857,0.2857142857142857,0.4285714285714285,0.2857142857142857,0.0,0.2857142857142857,0.2226511236350129,0.0571933095254889,0.2768207134167096,0.0362427216037965,0.1081823554096875
171,2kxw_KRKQEEVSAIVIQRAYRRYLLKQKVKK,0.83,-173.00592295506007,2179.818225807144,-72.58347356074175,6,0.6508219505812731,6.625538795888339,27,87.3074074074074,67.48333333333333,5.523425925925934,0.9445451498031616,0.910426139831543,0.901896357536316,0.8962031602859497,0.347455620765686,0.528435468673706,0.0,0.9445451498031616,0.945609211921692,0.9480454921722412,-24.927099328672053,2394.290148598494,73.95919562922892,8,0.6849932088577146,6.566895342265814,26,0.8626988430817922,0.7123745801272215,3.0051047239480195,0.6302138874817778,0.50759864,2.3212416,1.5428817,4.370981,27,3360.010400000001,0.074074074074074,60.08148148148149,10.748378562927249,-1.0925925925925926,0.4444444444444444,0.037037037037037,0.3333333333333333,0.4074074074074074,0.1481481481481481,0.3703703703703703,0.074074074074074,0.2962962962962963,0.1538885163194561,0.7882301455332904,0.9117907458119564,0.3028426029851369,0.6118157776060024
172,2vog_RAEVQIARKLQCIADQFHRLHT,0.87,-266.15407152744723,1849.9061693680053,-51.01154899371801,6,0.6423614672678241,6.527447599817249,28,88.11590909090908,72.68727272727273,4.689580838323367,0.9634370803833008,0.9110758900642396,0.897985577583313,0.9258452653884888,0.3824684023857116,0.5781046152114868,0.0,0.9634370803833008,0.9557211995124816,0.9807489514350892,-64.70518248029072,1807.588691370604,-42.67921369963197,6,0.6295548149999403,6.465740172984583,27,0.9281986193223432,0.6735130683942274,2.7331281622256283,0.5735819400589818,11.699203,0.2767716,7.384579,1.2130089,22,2634.028,0.0454545454545454,6.363636363636363,9.501173210144042,-0.4772727272727273,0.3181818181818182,0.0454545454545454,0.3181818181818182,0.4090909090909091,0.2272727272727273,0.2727272727272727,0.0909090909090909,0.1818181818181818,0.3898642073770487,0.6971063533281243,0.905874600461192,0.2410006181841898,0.6365271896595606
173,2lqc_GTGAALSWQAAIDAARQAKLMGSA,0.69,-120.46910360968477,1448.3687558512208,-45.041185729323885,8,0.6496837970353252,6.913108068226539,21,67.51541666666665,43.90416666666667,10.149921617161729,0.9019378423690796,0.887837827205658,0.8843127489089966,0.8830828070640564,0.3424509465694427,0.6862608790397644,0.0,0.9019378423690796,0.9484568238258362,0.9357613921165466,-143.57026170165415,1436.2912558388534,-32.54425539184102,2,0.6645037869271017,6.529928001681001,16,0.8289759308099747,0.5120930373668671,3.854355744378205,0.701063015132454,2.387987,3.7525399,3.999111,4.769844,24,2345.6334,0.0416666666666666,3.4583333333333344,8.74773120880127,0.2125,0.5,0.2499999999999999,0.2083333333333333,0.5416666666666666,0.2083333333333333,0.0833333333333333,0.0416666666666666,0.0416666666666666,0.2037678769715011,0.5398861899099888,0.828890758925808,0.1512519706417101,0.3828319839165979
174,4mnw_QCWDRGCENRKCN,0.92,-496.41495715385554,1504.3664813486237,-41.05472076177597,13,0.7298273309116835,6.13781644392701,32,87.2030769230769,69.99076923076925,6.156413237924866,0.9396575689315796,0.9685002565383912,0.9757108688354492,0.966722011566162,0.290702611207962,0.6106593608856201,0.0,0.9396575689315796,0.9857345819473268,0.9235029816627502,-343.3843655270986,1363.5080163073585,16.72934810619728,15,0.700097664839082,6.205784014054407,31,0.9059030734575712,0.7215499052634606,6.464791255377202,0.711222959616814,21.373425,1.2097557,12.04611,2.6048324,13,1611.7847,0.0769230769230769,9.315384615384616,7.957929039001465,-1.8615384615384616,0.1538461538461538,0.3076923076923077,0.0769230769230769,0.0769230769230769,0.4615384615384615,0.2307692307692307,0.1538461538461538,0.0769230769230769,0.132775689799234,0.735658004074258,0.7549281033670486,0.2948474259016972,0.4736713148908556
175,5h7y_DLFASIGALWTWAWRGPKARQELLK,0.91,-126.31064197407072,2493.2844480697227,-64.92901981024171,14,0.6171580340963341,6.846527321079995,42,90.6028,83.26039999999999,4.1862394648829495,0.6839658617973328,0.6752883195877075,0.6731188893318176,0.7325596809387207,1.4732933044433594,4.358799934387207,0.0,0.6839658617973328,0.7379976511001587,0.8048506379127502,859.5980114270806,2361.47022491316,5.225263423992146,20,0.5629931868477257,6.888434418661413,37,0.7799884915351868,0.6540395998954773,14.017266300466147,4.301020541681494,12.026207,1.6110084,8.1934,2.8078635,25,2914.3640000000005,0.16,6.256000000000001,9.98616886138916,-0.1679999999999999,0.44,0.2,0.3999999999999999,0.52,0.12,0.16,0.08,0.08,0.3725643224261787,0.7546896639818179,0.2504216033715498,0.2025668908188647,0.0368730870384728
176,4ujb_TTYADFIASGRTGRRNAIHD,0.93,-833.0009680254573,2050.245905224335,-64.55498182340045,5,0.6725373178558297,6.500851771384733,33,89.93450000000001,75.91300000000001,5.472311813186836,0.9661593437194824,0.9660843014717102,0.966065526008606,0.9584757685661316,0.3476525545120239,0.99461030960083,0.0,0.9661593437194824,0.9698375463485718,0.9586783647537231,-199.5169243697328,2069.3041870103734,-16.56062919497404,11,0.5665653044666197,6.662113959656272,32,0.9419332206249236,0.7963442713022232,5.489789025313579,0.7549016117353688,0.36997056,0.53158677,0.5752273,0.5763171,20,2222.3766,0.1,50.06,8.43563976287842,-0.75,0.15,0.3,0.35,0.35,0.25,0.2,0.1,0.1,0.2883373133912657,0.7930058287401256,0.8774388816148708,0.240479736970353,0.5224515757376282
177,2n9e_EDAFIVIDDGE,0.72,128.46987734731533,1084.196623112229,-28.301447040097457,7,0.6579505272556198,5.780722077449222,15,65.84363636363636,65.84363636363636,12.385334476843932,0.8960351347923279,0.8767781257629395,0.8719639182090759,0.8895481824874878,0.3882941603660583,0.6749969720840454,0.0,0.8960351347923279,0.8486340045928955,0.8977346420288086,-121.92999418830745,1003.5459745470462,-12.280528669454329,7,0.65830125502738,6.280907359347198,12,0.8085568493062799,0.680414844642986,6.680429368469973,1.051244844038736,5.213802,4.8842335,6.1464896,7.279496,11,1222.2547000000002,0.0909090909090909,12.027272727272733,4.0500284194946286,-0.009090909090909,0.2727272727272727,0.3636363636363636,0.3636363636363636,0.4545454545454546,0.0,0.0,0.4545454545454545,-0.4545454545454545,0.2795089701026173,0.4668839222692018,0.800227586022541,0.2003173384937098,0.5394584451051112
178,2l0i_PSYPTSPS,0.42,-116.6917706228383,897.9198970963919,6.154774545237956,8,0.5660897854570953,6.506214944341866,12,34.12,34.12,19.46563368055557,0.8500881791114807,0.9335409998893738,0.9544041752815248,0.9288471341133118,0.3652077913284302,1.2975882291793823,0.0,0.8500881791114807,0.952194094657898,0.8986330628395081,-2.004743664621841,972.389760760864,97.5886915701998,18,0.5248561162925639,6.767276357366321,11,0.7897432669997215,0.7897432669997215,7.850774333036194,1.2634276115180303,3.404955,6.2123876,6.4152126,8.311262,8,834.8698999999999,0.125,127.25,5.950042152404785,-1.15,0.0,0.75,0.25,0.125,0.5,0.0,0.0,0.0,0.2134269394588149,0.0300690377582365,0.4497204875084952,0.0125872545123175,0.2011600416557913
179,2joa_DSRIWWV,0.75,-180.6822125321806,938.2774634280318,-33.82231122543715,5,0.6815824778596605,6.232807172301175,18,70.42285714285715,70.42285714285715,9.703303571428576,0.925139307975769,0.9413827061653136,0.9454435110092164,0.9533308744430542,0.3420480191707611,0.6026067733764648,0.0,0.925139307975769,0.9410346150398254,0.9371364712715148,-202.7392513986272,809.4887568942723,-28.379442556784937,4,0.7236032645228343,6.333263472370197,14,0.8669969950403486,0.785171891961779,4.851082970217174,0.6768180212500144,0.6962367,0.7055584,1.1961572,2.0363407,7,961.0741,0.2857142857142857,51.471428571428575,5.83636417388916,-0.2714285714285716,0.0,0.2857142857142857,0.5714285714285714,0.5714285714285714,0.1428571428571428,0.1428571428571428,0.1428571428571428,0.0,0.4147734354940354,0.4591047130910475,0.8461321395567195,0.1934888045448566,0.6263909077382281
180,4jk5_ACSRYEVDCRGRSACG,0.88,-533.4487538944279,1504.4224870250653,-34.64290985299135,14,0.6658088634590437,6.098521942102196,34,82.32875,58.71875,6.804928160919509,0.853908121585846,0.9461026191711426,0.9691511988639832,0.95564866065979,0.351708710193634,1.39299213886261,0.0,0.853908121585846,0.9833645224571228,0.8530899286270142,15.920099180576422,1609.127030630667,64.96481269819225,22,0.7314815510457672,6.239924441419096,33,0.8511439822614193,0.7062446288764477,9.66970477731349,1.3532186824814114,4.421897,0.8765687,4.1827984,4.2317986,16,1732.9197000000004,0.0625,79.675,7.997706031799316,-0.55625,0.1875,0.3125,0.125,0.25,0.3125,0.1875,0.125,0.0625,0.0714811567088031,0.6635191588634785,0.5099489111123181,0.1906735519370562,0.1747482105132882
181,4n5t_LTFEYWAQSAA,0.38,-155.52135702972595,1056.7901988033336,-19.63693209814656,7,0.5662928553730125,6.102296362844224,16,50.20272727272729,50.20272727272729,15.038028802880278,0.8415670990943909,0.8862521052360535,0.8974233269691467,0.809867262840271,0.3844373226165771,1.1540837287902832,0.0,0.8415670990943909,0.9588866233825684,0.9139923453330994,-1.1168057932586173,1192.7159755275177,88.39784132060713,2,0.5896126691221696,6.718110949567456,16,0.5680531344630502,0.3966569114815105,5.788183490936012,0.973075038484364,2.7897964,2.0236967,3.999152,5.945675,11,1286.3879,0.2727272727272727,37.16363636363636,4.0500284194946286,0.1181818181818181,0.4545454545454546,0.0909090909090909,0.4545454545454546,0.6363636363636365,0.2727272727272727,0.0,0.0909090909090909,-0.0909090909090909,0.3177599822800082,0.0307224914961399,0.5857891924359286,0.0139160291409321,0.3009565441330925
182,2m5b_EDIIRNIARHLAVGDDRSI,0.72,-279.19582211612726,1738.4652676541994,-47.618803559307565,10,0.5533570211888515,6.523460250565051,24,64.96,58.20473684210524,12.363580627099642,0.9120773673057556,0.8819877505302429,0.8744653463363647,0.8662299513816833,0.4865694642066955,1.0276784896850586,0.0,0.9120773673057556,0.9292728900909424,0.940250813961029,-265.6992280412183,1839.7692039881963,-34.009217740478675,8,0.6213746762261492,6.327389869256549,23,0.8370004704124049,0.6559780836105347,5.222349750902191,0.9851696231347182,2.7068934,0.78216636,2.5288517,2.274366,19,2163.3939,0.0,74.05789473684209,5.432921028137206,-0.3052631578947369,0.2105263157894736,0.3157894736842105,0.3157894736842105,0.4210526315789473,0.1052631578947368,0.2105263157894736,0.2105263157894736,0.0,0.3656261515028685,0.4131841830109265,0.7708935653765222,0.1036789239164458,0.363515270105871
183,2kj4_GSVEKLTADAELQRLKNERHEEAELERLKSEY,0.78,-98.51928693383437,1287.9330024035044,-36.46383809261593,4,0.6279977305066871,7.076375212243897,19,78.8959375,43.77812500000001,9.067326680672242,0.9236375689506532,0.9213778376579284,0.9208129048347472,0.9468091130256652,0.3313990831375122,0.4262881577014923,0.0,0.9236375689506532,0.9512451887130736,0.90479838848114,26.77194161360219,1125.5053783721676,-32.18280589002789,5,0.7140048150282349,7.14766073796139,16,0.8771179281175137,0.3566346485167742,4.668295920787363,0.7387531393778926,0.65119183,4.8333936,3.4419641,7.1118493,32,3772.0955,0.03125,31.487500000000004,4.945867729187011,-1.3218749999999997,0.59375,0.15625,0.25,0.3125,0.15625,0.21875,0.28125,-0.0625,0.0915119793077452,0.7006828476517972,0.8944895542719273,0.2273778406327664,0.5802024116236617
184,6h9n_QEALEERARNELSMTRPGETFYRL,0.91,-444.1667049873562,1699.4759386148778,-48.1368361848468,9,0.6056678104677764,5.335401584977178,25,90.94125,79.50375000000001,6.972287077826734,0.5952622890472412,0.8354566693305969,0.8955052495002747,0.8485291600227356,0.6427983045578003,4.801245212554932,0.0,0.5952622890472412,0.9031196236610411,0.7096759080886841,-136.91376973569368,2092.0599371812345,118.19422144212956,11,0.593364453325636,6.288978220072163,21,0.6652307026088238,0.5279371005793413,16.02961097749582,4.259872417432009,10.156858,5.28347,10.55195,9.994921,24,2897.1831000000006,0.0833333333333333,51.69625,5.066252708435058,-1.1791666666666667,0.4583333333333333,0.1666666666666666,0.2916666666666666,0.3333333333333333,0.2083333333333333,0.1666666666666666,0.2083333333333333,-0.0416666666666666,0.2502409059642808,0.6262731407318666,0.1927892076253351,0.2509012944539037,0.0203010923275304
185,5klr_FPAKKRKV,0.57,-921.6909709949332,1469.1157018662063,-21.88118883138486,11,0.6802805831740821,6.346265939799104,34,40.4725,40.4725,20.015538594470065,0.976919651031494,0.9839401245117188,0.98569518327713,0.9816656708717346,0.2727238535881042,0.8081181645393372,0.0,0.976919651031494,0.974952518939972,0.9845214486122132,-804.6206988711697,1497.3769263865772,-19.0201683412605,14,0.609231903457174,6.539438694417706,28,0.924039401113987,0.924039401113987,5.744143442821599,0.7694789118086276,21.364542,0.4989368,13.386529,4.1162148,8,973.2158,0.125,87.03750000000001,11.263867759704592,-1.125,0.5,0.125,0.25,0.375,0.0,0.5,0.0,0.5,0.2339261626478669,0.0228087754455368,0.867264099490035,0.0151365953091409,0.5634909167079654
186,2voi_SQEEIIHNIARHLAQIGDEMDHNI,0.9,-378.8831413482822,1946.0166419236168,-68.7318376542346,3,0.5821623338462234,6.4370111489897655,27,90.47416666666668,76.1825,4.920591475095783,0.9777185320854188,0.9523992538452148,0.9460694789886476,0.9664891958236694,0.2981553077697754,0.3813388645648956,0.0,0.9777185320854188,0.9788851737976074,0.9847698211669922,-306.0133892929408,1849.7866802489048,-53.8563108081616,7,0.6675961473453295,6.53498480305968,27,0.9507424384355544,0.6856172407666842,2.2524144440047245,0.4263926932438351,0.19359753,0.26142573,0.6331757,0.99857575,24,2784.0253,0.0,116.75833333333335,4.834292793273924,-0.625,0.2916666666666667,0.25,0.25,0.375,0.2083333333333333,0.1666666666666666,0.2083333333333333,-0.0416666666666666,0.5063420772974783,0.8139062857284252,0.9577261525507308,0.3338281110490005,0.7599369804485961
187,1f47_KEPDYLDIPAFLRKQAD,0.81,-315.6680855308305,1165.6406905983483,-37.3929696546827,3,0.7020979983732658,6.428373724154961,17,82.83764705882355,56.87823529411765,6.999075630252089,0.9218115210533142,0.9636699557304382,0.9741345643997192,0.9741207361221312,0.3101724982261657,0.479002296924591,0.0,0.9218115210533142,0.9635888338088988,0.9368513226509094,-213.7409811035928,1171.4468037292788,-1.4004150696598288,3,0.6878543017783286,5.91899935931103,17,0.9436654518632328,0.5655437883208779,4.438404000574192,0.6677063670544281,0.3256806,0.37284842,0.61746186,0.81863,17,2019.257,0.1176470588235294,46.18235294117648,4.864985847473144,-0.9294117647058824,0.4117647058823529,0.2941176470588235,0.2941176470588235,0.4117647058823529,0.0588235294117647,0.1764705882352941,0.2352941176470588,-0.0588235294117647,0.1400548998155934,0.6256610015479355,0.8463147045784232,0.1952861357170748,0.4839800934478649
188,3r42_QVPSDPYN,0.89,-288.42360039514995,970.0213722369645,-27.97812153738846,2,0.5410377678071563,6.189993490705364,17,86.39875,86.39875,7.4462957317073215,0.8206312656402588,0.9004852175712585,0.9204487800598145,0.8787463903427124,0.3919239044189453,2.2912144660949707,0.0,0.8206312656402588,0.9537884593009948,0.9299511313438416,-230.6027779371799,913.7930460817684,29.59630609241313,1,0.6099528426558706,6.100826432247841,16,0.5144409723579884,0.4630249515175819,9.310185771821658,1.6487227596751437,0.29315478,14.51592,8.95506,0.9959636,8,918.9464,0.125,47.47500000000001,4.0500284194946286,-1.4500000000000002,0.0,0.625,0.25,0.25,0.375,0.0,0.125,-0.125,0.4233091514444648,0.5001252043788381,0.4530593034433422,0.2487626024780607,0.0912795100358435
189,1oj5_LPPTEQDLTKLLLE,0.85,-219.96779184337325,1057.211823808501,-27.78775483625671,3,0.6594444612503413,6.85616026408315,11,89.87071428571429,89.87071428571429,4.893067226890755,0.9617048501968384,0.9765273332595824,0.9802329540252686,0.9766740798950196,0.2983785569667816,0.4319729208946228,0.0,0.9617048501968384,0.9657878875732422,0.979312777519226,-145.82560858775182,904.2040830590092,-8.955505951819134,2,0.6075643542596859,7.067666722319451,11,0.9648397224290032,0.6840642435210091,2.2895891643872783,0.4247378930002272,10.314093,0.2393208,5.6091504,0.82180357,14,1609.8584,0.0,72.00714285714287,4.426586723327637,-0.2500000000000001,0.5714285714285714,0.2142857142857142,0.5,0.3571428571428571,0.2142857142857142,0.0714285714285714,0.2142857142857142,-0.1428571428571428,0.4664641264462184,0.6026295280374799,0.8898237599206411,0.2612756982319689,0.6918770468353914
190,4a1u_IIAQLRIGDFNYY,0.67,-229.8229179330479,1778.6302272066075,-53.11389303971828,10,0.4686490931901337,6.688882860458745,28,60.360769230769215,60.360769230769215,14.35584709768758,0.8391057848930359,0.8918065428733826,0.9049817323684692,0.8454977869987488,0.450429767370224,1.9312175512313845,0.0,0.8391057848930359,0.9494524002075196,0.8199791312217712,-21.39435167544764,1845.9103194942631,117.61690349417418,21,0.6615310910975909,6.506977148499077,23,0.6636574360040518,0.6103005134142362,8.403714011459769,1.6264870516558536,4.7898774,1.4936116,4.5758963,6.571399,13,1585.8,0.2307692307692307,27.738461538461543,5.834943199157714,0.3,0.1538461538461538,0.2307692307692307,0.5384615384615385,0.6153846153846154,0.1538461538461538,0.0769230769230769,0.0769230769230769,0.0,0.030396101642514,0.2709857592168644,0.3754466728863881,0.0800995135155718,0.1479413653065986
191,1om2_GPRLSRLLSYA,0.44,46.673154776550376,1225.791361116212,-39.7107220057902,0,0.599670586874047,6.6020962889661545,14,51.02090909090909,51.02090909090909,14.550094339622632,0.9347230195999146,0.8797659873962402,0.8660266995429993,0.916542112827301,0.3553787767887115,0.5951249003410339,0.0,0.9347230195999146,0.9282090067863464,0.9706193804740906,54.19784731614427,891.4911513295959,7.336861567219842,2,0.6543754033722882,6.257347985129372,11,0.9097599549727008,0.7413557009263472,3.341079872657464,0.6584570657327694,4.286428,1.1344197,4.521758,9.6798,11,1232.4317,0.0909090909090909,41.27272727272727,10.835024070739744,-0.0636363636363636,0.3636363636363636,0.3636363636363636,0.3636363636363636,0.4545454545454546,0.1818181818181818,0.1818181818181818,0.0,0.1818181818181818,0.676847937984302,0.0323477383254891,0.7403797847400684,0.0311185936822059,0.5430274242938193
192,2xtt_QECEPGQTKKQDCNTCRCGSDGVWACTRMGCPPHA,0.93,-530.9774218758814,1742.7815987637027,-55.49010962987529,4,0.7016754773914589,6.055862465768802,36,95.19942857142856,60.46399999999999,3.664003322259152,0.9640660285949708,0.9569803476333618,0.955208957195282,0.9392758011817932,0.2836729884147644,0.4206345975399017,0.0,0.9640660285949708,0.9886579513549804,0.9675663709640504,-502.5567819201908,2036.6252704145625,-37.361102343805214,27,0.7396987386994455,5.971455256295791,34,0.8900325051375798,0.4295552296297891,3.761350194118084,0.5246688324120617,0.20279722,1.0009568,1.580748,2.4376519,35,3798.2535,0.0285714285714285,71.68571428571427,6.712537193298339,-0.9571428571428572,0.1999999999999999,0.3142857142857143,0.1428571428571428,0.1428571428571428,0.4,0.1428571428571428,0.1142857142857142,0.0285714285714285,0.081078309732581,0.902448190301686,0.965241872719528,0.5299041322391598,0.7636133562570362
193,3i5r_KRPLPPLPS,0.75,-181.34096244973964,967.38263609044,-21.81443543486384,3,0.7235465624223225,7.06668641145815,15,81.94444444444444,74.29888888888888,7.849814814814818,0.9589133262634276,0.9755703210830688,0.979734480381012,0.9820461869239808,0.2788693308830261,0.3099349439144134,0.0,0.9589133262634276,0.9749115109443665,0.9650185108184814,-139.88687428047032,917.1438920771438,-14.505068749747252,1,0.675658431431737,6.999122018913155,14,0.952532390753428,0.7584876351886325,2.9067494696305123,0.3958412768664183,0.28539085,0.26379928,0.5150925,0.5524577,9,1004.2266,0.0,152.11111111111111,11.000836753845212,-0.8888888888888891,0.3333333333333333,0.5555555555555556,0.2222222222222222,0.2222222222222222,0.1111111111111111,0.2222222222222222,0.0,0.2222222222222222,0.567795496379707,0.3916669687544257,0.8893078055177264,0.1832221659183139,0.7586760483753979
194,5zjz_KKRYSRQLLFW,0.86,-360.0742258937578,1404.1287317480856,-36.03158635081371,12,0.6375597864743127,6.44743375247203,16,83.07909090909091,75.41454545454546,8.389510127178541,0.959983766078949,0.9347233772277832,0.9284082651138306,0.9300054907798768,0.3087375164031982,0.7682129740715027,0.0,0.959983766078949,0.976385235786438,0.9740347862243652,-241.6500209351352,1266.8611148668922,-17.71303140297894,11,0.6289945408217075,6.150321418541191,15,0.8530674576759338,0.6227337501265786,3.722738505504741,0.6726948270750562,13.466003,0.83092815,7.4335585,1.0038345,11,1524.8099000000002,0.2727272727272727,66.8909090909091,11.097152519226071,-1.1727272727272728,0.3636363636363636,0.0909090909090909,0.4545454545454545,0.4545454545454546,0.1818181818181818,0.3636363636363636,0.0,0.3636363636363636,0.1918041086873824,0.4503686979540564,0.8105931093250469,0.1870159951129558,0.4998214596675012
195,2m3m_RTRQRNETQV,0.8,-131.0445132396707,1189.94376435682,-47.35072139361627,4,0.6428576337192606,6.241571573724722,20,68.335,61.545,11.799201923076936,0.8844398260116577,0.9325067400932312,0.9445234537124634,0.9616371393203736,0.4104587435722351,0.7109706997871399,0.0,0.8844398260116577,0.9243538975715636,0.8379380702972412,-124.3085114304182,1187.0809667194344,31.51741288484149,7,0.6343053077370329,6.211697232810278,21,0.9365218281745912,0.9365218281745912,6.085580350086093,1.1933488346063177,1.1361077,6.9940834,5.677305,8.792446,10,1287.3862,0.0,25.520000000000003,11.69902935028076,-2.47,0.1,0.1,0.3,0.1,0.5,0.3,0.1,0.1999999999999999,0.1976253812454864,0.7800282130779151,0.8590754232004422,0.3282431970970162,0.4625127336476323
196,6bnh_KWTLERLKRKYRN,0.4,68.54971179384697,1252.1778227672603,-28.566442861811183,5,0.6392401577244973,6.161962083275422,18,50.15384615384615,35.28846153846154,13.84829326923079,0.8370276093482971,0.8188848495483398,0.8143491744995117,0.7280832529067993,0.3781185150146484,1.0739188194274902,0.0,0.8370276093482971,0.950106918811798,0.928942084312439,23.916023275589826,1462.8719144580075,86.57935567548569,18,0.5324750001757893,6.168802675172985,14,0.5680921054803408,0.4712161536400134,4.963420294726697,1.043924673484304,2.756616,2.4702125,3.519103,4.4848466,13,1791.1081,0.1538461538461538,12.7,11.06891536712646,-2.1153846153846154,0.4615384615384615,0.0769230769230769,0.3846153846153846,0.3076923076923077,0.1538461538461538,0.4615384615384615,0.0769230769230769,0.3846153846153846,0.4582741618005003,0.0389580555812114,0.5328177486299853,0.0152875677627773,0.2330470518593411
197,3iiy_ARSAGAA,0.51,-660.3990835717748,761.7347334172855,0.0407374099834214,15,0.7076499054441862,6.9644475799000185,6,32.07142857142857,32.07142857142857,22.89474778590682,0.8645880222320557,0.9543625116348268,0.9768061637878418,0.959102749824524,0.2922416627407074,1.439791917800903,0.0,0.8645880222320557,0.9844565987586976,0.9049371480941772,-550.5508993022167,730.0516784216057,66.38586123383118,6,0.7346681493063383,6.629068390907116,8,0.8075867465564183,0.6879176156861442,13.028101638940653,1.424481509452055,3.0014272,1.191957,5.453311,8.153499,7,602.6412,0.0,59.21428571428571,9.79502010345459,0.2142857142857142,0.5714285714285714,0.2857142857142857,0.0,0.5714285714285714,0.1428571428571428,0.1428571428571428,0.0,0.1428571428571428,0.5104897373232055,0.0174063180029279,0.5711086734414988,0.0,0.1986441747776822
198,6nwk_PSLLKKLLLAPA,0.93,-640.5675981682576,1118.0245714033256,-41.13568925998197,1,0.4713993413120938,7.217681821053048,18,91.23916666666666,75.73916666666666,6.303282247765005,0.9695051908493042,0.9751158952713012,0.9765185713768004,0.9762415885925292,0.3026003837585449,0.5973269939422607,0.0,0.9695051908493042,0.9788573384284972,0.9790322780609132,-561.843672089502,1123.438830967617,-37.73337421847873,1,0.5891562398037902,7.149080344246399,14,0.9439116170008978,0.7958737760782242,5.317031150843144,0.6389268120110873,0.1954017,0.24308476,0.4066639,0.48436192,12,1263.6114,0.0,43.16666666666667,10.01866092681885,0.9,0.75,0.25,0.4166666666666667,0.5833333333333334,0.0833333333333333,0.1666666666666666,0.0,0.1666666666666666,0.2653120861478626,0.8069802147957528,0.9203957651174928,0.3086549592233131,0.6384673780580002
199,3c3q_KEEEDDDMKELENWAGSM,0.94,-786.5264127518869,1361.7118320394702,-50.85225865902828,0,0.6505280567911248,6.939159089987426,19,92.56666666666668,61.968888888888905,5.053902222222232,0.953694462776184,0.9507043957710266,0.9499568939208984,0.9472848773002625,0.3697611689567566,1.1025190353393557,0.0,0.953694462776184,0.958336055278778,0.9721055626869202,-531.824657392397,1400.9784977754432,-18.25241492711029,1,0.6268877395437692,6.969476415552927,19,0.8885146313243442,0.5545991924073961,6.179939312405057,1.071692982563266,0.2259736,0.45286617,0.61679405,0.7276195,18,2156.2607000000003,0.0555555555555555,42.25555555555556,4.0500284194946286,-1.7777777777777777,0.6111111111111112,0.3333333333333333,0.1111111111111111,0.2777777777777778,0.1111111111111111,0.1111111111111111,0.4444444444444444,-0.3333333333333333,0.340504621558234,0.8100927430443624,0.8317844210990902,0.2804975167645365,0.406923538603269
200,3eqs_TSFAEYWNLLS,0.86,-223.6957214678392,1130.8939466898692,-40.91309070985545,6,0.6534615612199032,6.648509262459889,17,93.75636363636364,76.28454545454547,3.720354066985641,0.9683291912078856,0.973453938961029,0.974735140800476,0.9769511818885804,0.2733282744884491,0.3356777131557464,0.0,0.9683291912078856,0.9706396460533142,0.986296772956848,-206.6172355948974,1120.088923571528,-43.71621288762557,4,0.7027451284671892,6.470963001324686,17,0.970756790854714,0.7930281595750288,1.805850425120176,0.3447617704788464,0.14919591,0.22125867,0.37488946,0.45989582,11,1330.4404,0.2727272727272727,10.881818181818184,4.0500284194946286,0.0636363636363635,0.3636363636363636,0.2727272727272727,0.5454545454545454,0.5454545454545455,0.3636363636363636,0.0,0.0909090909090909,-0.0909090909090909,0.4259989356729116,0.736471343792134,0.948329035174862,0.3419836966086343,0.7829677817165526
201,2voh_PNSILGQVGRQLALIGDDINRRYD,0.91,-362.1760917581151,2006.193787146978,-72.26013322417299,5,0.6332000339942989,6.194399818369116,24,91.9,82.57583333333334,4.784020018621978,0.9662885665893556,0.949539601802826,0.9453523755073548,0.9668243527412416,0.3426494300365448,0.4064635336399078,0.0,0.9662885665893556,0.9657028913497924,0.973340392112732,-323.56887554308173,1938.382726915772,-52.127389872948186,4,0.6965281156122007,6.287264553032514,24,0.9416524817546208,0.7604039013385773,3.210214871247221,0.5665832682889045,0.22337055,0.7062063,0.7082698,0.89238346,24,2683.9723,0.0416666666666666,49.54583333333333,6.597154045104981,-0.5000000000000001,0.1666666666666666,0.4166666666666667,0.3333333333333333,0.375,0.2083333333333333,0.125,0.125,0.0,0.4130286849734089,0.8165985374456417,0.935623777276548,0.3630506954317327,0.736714140592487
202,1t29_ISRSTPTFNKQ,0.65,-417.4763515267189,950.7919628570214,-28.675929270167728,8,0.7101713861307122,6.1392008320314,16,55.42,43.01454545454545,16.723882063882076,0.6374589204788208,0.859811007976532,0.9153990745544434,0.8327445983886719,0.4420119225978851,4.289474010467529,0.0,0.6374589204788208,0.9654263854026794,0.8355183601379395,-306.8011472873108,1391.295294730095,13.71822314422468,19,0.7301605226024055,6.364216893780239,18,0.3560344224626368,0.3314565826546062,13.649588264909363,4.2054896261070125,16.129665,23.577581,23.10671,4.606656,11,1278.4140999999995,0.0909090909090909,120.7818181818182,11.000836753845212,-1.1545454545454543,0.0909090909090909,0.3636363636363636,0.3636363636363636,0.1818181818181818,0.5454545454545454,0.1818181818181818,0.0,0.1818181818181818,0.5431354202387031,0.4383816993470579,0.0941913886428798,0.0922804535994714,0.0164417887246539
203,4lnp_VPPPRPPPPE,0.72,-55.96100591006028,961.6147573056572,-18.59555835710961,1,0.6226441624624464,6.718696699270364,17,84.61300000000001,84.61300000000001,5.5342112676056345,0.959755003452301,0.9744595885276794,0.9781356453895568,0.977283537387848,0.2632308006286621,0.3068017363548279,0.0,0.959755003452301,0.969677209854126,0.9645975232124328,-117.43302963882826,974.6898797614442,-15.601708886707016,3,0.6552914505430102,6.834829199931022,15,0.9635993659496308,0.9635993659496308,1.8877299643318417,0.3272989513588623,6.290739,0.25492626,3.5036716,0.9773085,10,1082.2524,0.0,153.66,6.188595390319825,-1.4999999999999998,0.1,0.7,0.1,0.1,0.0,0.1,0.1,0.0,0.2712790358200646,0.3953407348433992,0.8881086355779273,0.2223646626132802,0.8013848454220656
204,6o21_GFCQRPICFPN,0.85,-438.9394579702682,1270.7489249814266,-28.1727653159125,16,0.723857244463799,5.803896186875185,29,82.10999999999999,75.48454545454544,8.049268004722563,0.945248544216156,0.9670476913452148,0.9724975228309632,0.9740092158317566,0.3165396451950073,0.621021032333374,0.0,0.945248544216156,0.9771076440811156,0.9646391868591307,-151.34795291383094,1127.345901760075,212.09642149905463,12,0.6738425358672074,5.989329555524854,20,0.922029359774156,0.6904994140971791,5.118151209512502,0.674049147913091,0.8289838,0.5826342,1.3312837,2.3407032,11,1281.5055,0.1818181818181818,37.25454545454546,8.072102546691895,4.037174635000569e-17,0.0,0.3636363636363636,0.2727272727272727,0.2727272727272727,0.3636363636363636,0.0909090909090909,0.0,0.0909090909090909,0.2034830643376878,0.5867665082670313,0.8023296067276904,0.151182844866437,0.4911258595456329
205,5svx_ARTQTARKST,0.66,-13.77290414381808,1297.321772282551,-31.01301553086386,6,0.6057094968672625,5.773892403731325,15,75.53,75.53,8.03694915254237,0.8832507729530334,0.9434613585472108,0.9585139155387878,0.9558385014533995,0.3504190146923065,0.6247963309288025,0.0,0.8832507729530334,0.944313943386078,0.8333728313446045,-62.40042514543362,1158.3033962361344,-36.617306207488056,6,0.4921228690475485,5.650601449962104,15,0.9199262380599976,0.7623418688774108,4.3447641130221095,0.706302314340058,11.323247,1.6338459,9.72235,7.1513176,10,1119.2330000000002,0.0,1.46,11.999967765808105,-1.57,0.3,0.1,0.3,0.2,0.5,0.3,0.0,0.3,0.1829387868105748,0.3927795874871002,0.8106211240466947,0.2525442840552851,0.5460992354567977
206,6qts_RYAVVPD,0.89,-544.0265837166099,1024.0074079674623,-32.75010033327948,3,0.7925226194006636,6.726851876923008,22,73.54571428571428,73.54571428571428,9.528800936768132,0.922881841659546,0.949267327785492,0.9558636546134948,0.9337790608406068,0.3809047639369964,1.2981643676757812,0.0,0.922881841659546,0.9645375609397888,0.9529289603233336,378.6971690386267,1062.6083663416302,489.38016381906925,1,0.7561667554726947,6.905073634681009,16,0.8706558687346322,0.8706558687346322,8.520182167799746,1.1248500542004158,0.5687739,0.6830169,0.9104765,1.1090543,7,818.9167,0.1428571428571428,48.37142857142858,6.086967277526854,-0.0999999999999999,0.1428571428571428,0.2857142857142857,0.4285714285714285,0.5714285714285714,0.0,0.1428571428571428,0.1428571428571428,0.0,0.1171191352526249,0.5724435265832545,0.720616930630764,0.182508321475161,0.2988067853652644
207,1mfg_EYLGLDVPV,0.79,-196.49848581995275,1080.973605031269,-42.81936308571753,5,0.5982926398051763,5.771542889579541,17,82.94555555555556,74.11888888888888,6.87286324786325,0.9417074918746948,0.972130000591278,0.9797356128692628,0.9727470874786376,0.2900398671627044,0.5069009065628052,0.0,0.9417074918746948,0.9811363816261292,0.910161554813385,-180.17307394096315,1116.5845894432227,-25.14632888485897,7,0.7136286522520684,5.847473855690234,17,0.9418417082892524,0.8375385999679565,3.969397746376757,0.5736888770300609,7.5462503,0.35457024,5.213028,0.91902983,9,1004.1336000000005,0.1111111111111111,51.6888888888889,4.0500284194946286,0.6333333333333333,0.3333333333333333,0.3333333333333333,0.5555555555555556,0.5555555555555556,0.0,0.0,0.2222222222222222,-0.2222222222222222,0.1688203818801608,0.70140216091114,0.9415278386153988,0.2756178917893028,0.6013705936622966
208,2kpl_RSSRTRRETQV,0.69,-23.417009420701,1442.8491404562596,-45.17609150724937,6,0.5538620038479054,6.195949393549911,29,65.49454545454545,54.88363636363636,12.363980519480528,0.8743895888328552,0.8891655802726746,0.8928596377372742,0.8710454106330872,0.5842918753623962,1.3013837337493896,0.0,0.8743895888328552,0.9147897958755492,0.872662365436554,-24.8855457134398,1782.8585471796976,46.70675919616311,11,0.6600543247289096,5.819911171036581,22,0.7928926619616422,0.7414076057347384,6.7149217653390645,1.2501033561957346,1.4873147,3.8548837,5.782394,8.1704235,11,1375.4947,0.0,122.41818181818184,11.999967765808105,-2.163636363636364,0.0909090909090909,0.1818181818181818,0.2727272727272727,0.0909090909090909,0.4545454545454545,0.3636363636363636,0.0909090909090909,0.2727272727272727,0.0103004253636558,0.6381063600730965,0.8415475088120751,0.2478574157768308,0.505627584093806
209,4os4_GALGRGCENHRCL,0.85,-482.2771867656644,1278.8964011824166,-31.185261808373014,17,0.7281530207076639,6.413473828841279,34,75.82307692307693,66.63307692307693,8.709165175909373,0.9179169535636902,0.9590129256248474,0.9692869186401368,0.9419374465942384,0.3009915053844452,0.8345988392829895,0.0,0.9179169535636902,0.986977756023407,0.9071090817451476,-392.2718693427164,1489.2663891095783,-13.7103254204672,24,0.7619192796459194,6.317919491731687,33,0.7974085807800293,0.7507430223318247,7.398477222097368,0.8489589114930562,0.68750405,1.3513968,2.3724864,3.8135946,13,1385.5754,0.0,10.984615384615386,8.081772804260254,-0.4615384615384616,0.3076923076923077,0.3076923076923077,0.1538461538461538,0.2307692307692307,0.2307692307692307,0.2307692307692307,0.0769230769230769,0.1538461538461538,0.2894016229158165,0.5989676976203602,0.731446369655401,0.1943148207286053,0.3572744668012154
210,1nlt_GWLYEIS,0.9,-344.9300963786737,956.4812009842192,-40.64315896759206,0,0.6002453514017728,5.754807309398554,16,82.87428571428572,73.44571428571429,10.856881458966583,0.9504451751708984,0.9463306665420532,0.9453020095825196,0.9603500962257384,0.4443602263927459,1.2998096942901611,0.0,0.9504451751708984,0.8223898410797119,0.9760767817497252,-200.97226649914,1001.9560416546306,-36.728153293556375,0,0.6363536515743676,5.745349316804927,16,0.9398037195205688,0.8322890996932983,8.168718604947296,1.5951970919287313,5.602965,0.89794683,3.4541762,1.630119,7,866.9562,0.2857142857142857,60.57142857142858,4.0500284194946286,0.2,0.2857142857142857,0.2857142857142857,0.5714285714285714,0.5714285714285714,0.1428571428571428,0.0,0.1428571428571428,-0.1428571428571428,0.6708305897814789,0.4297522349141909,0.6426228724051002,0.2501785224789175,0.4243650070426956
211,1lb6_KQEPQEIDF,0.93,-284.17613263797483,1249.4010194413754,-37.02714773109216,6,0.6856285886381779,5.760008252712135,19,92.98,92.98,5.202879403794046,0.971424162387848,0.9723437428474426,0.9725736379623412,0.9778401851654052,0.2970452010631561,0.3871138095855713,0.0,0.971424162387848,0.9700857996940612,0.9693006277084352,-55.89771623915921,1133.22861545262,-30.44420847081305,4,0.7389874801896081,5.776308817847501,18,0.9500045577685038,0.8613164292441474,3.583281999741628,0.4663229732494044,0.31001252,0.2308315,0.4272004,0.5338645,9,1133.208,0.1111111111111111,133.7777777777778,4.137389945983887,-1.7444444444444445,0.3333333333333333,0.2222222222222222,0.2222222222222222,0.2222222222222222,0.2222222222222222,0.1111111111111111,0.3333333333333333,-0.2222222222222222,0.2608071228972435,0.7758729108925122,0.919631347252836,0.4302693256486906,0.7589786626794934
212,1cka_PPPALPPKK,0.72,-151.60228862156455,1008.9280424829116,-25.747362451903783,3,0.5693237687685204,6.898577834464396,16,87.91666666666667,87.91666666666667,5.205808080808077,0.9499806761741638,0.9756519198417664,0.9820697903633118,0.9740085005760192,0.2751557826995849,0.3560459315776825,0.0,0.9499806761741638,0.9722756743431092,0.9582080245018004,-132.3385460762352,988.757055121084,-23.327710694077297,0,0.6504836915573645,6.681240616759746,14,0.9540528456370037,0.9540528456370037,2.047454543737852,0.3513387529938309,0.24326643,0.31812212,0.4886478,0.6909013,9,944.1714,0.0,115.8888888888889,10.01866092681885,-1.1333333333333335,0.4444444444444444,0.5555555555555556,0.1111111111111111,0.2222222222222222,0.0,0.2222222222222222,0.0,0.2222222222222222,0.1327721295076944,0.4190768819685221,0.8488203867680599,0.2359480281412351,0.7767753629973897
213,1ta2_DFEEIPEALA,0.85,-494.0330871476725,1110.7859308074535,-33.83892883004165,13,0.6250653848155321,6.71294221226779,15,78.74300000000001,63.956,10.316010489510502,0.8951472043991089,0.9557838439941406,0.9709429740905762,0.9618788957595824,0.5101525187492371,1.6575177907943726,0.0,0.8951472043991089,0.9521803855895996,0.937384843826294,603.3392493517766,1008.4386366466146,14.659381793367745,9,0.5624381676785859,6.441758651175121,14,0.8948740899562836,0.7257086277008057,9.641072516268366,1.548275224822801,2.186063,1.5370388,2.7831812,2.883195,10,1133.2047,0.1,67.82000000000001,4.0500284194946286,-0.0900000000000001,0.6,0.2,0.3,0.5,0.0,0.0,0.4,-0.4,0.5173372431200838,0.5413753582016432,0.6309782562761177,0.1457184202094065,0.197865792844075
214,2pon_GGTMENLSRRLKVTGDLFDIMSG,0.89,-324.2844939015735,2079.2401137314105,-63.523342275727884,12,0.539688301533026,6.536962154368718,30,86.59434782608697,75.93521739130435,6.305661889725543,0.9381874203681946,0.9153300523757936,0.9096156358718872,0.9339333772659302,0.5209863185882568,0.8404233455657959,0.0,0.9381874203681946,0.92994624376297,0.9544073343276978,-294.2819867069694,2010.610113987093,-47.18507763716372,9,0.5982884501062861,6.32424054375876,27,0.9250988416049792,0.6788492798805237,4.974772721463857,0.9272831970912204,0.24357204,0.5388249,0.67657024,0.79547226,23,2497.8452,0.0434782608695652,54.221739130434784,6.121923255920408,-0.2086956521739131,0.3043478260869565,0.391304347826087,0.3478260869565217,0.3478260869565217,0.217391304347826,0.1304347826086956,0.1304347826086956,0.0,0.3628484382351986,0.765490366638173,0.8548672463464672,0.3184574628979239,0.5621672619335354
215,2gww_NNIYKAAKDVTTSLSKVLKNIN,0.94,-557.8279440806447,2465.23351633167,-91.33378193539824,2,0.5505958634323204,6.515280564041899,31,92.0059090909091,92.0059090909091,5.497313167259799,0.9700746536254884,0.9288746118545532,0.9185745120048524,0.9310668110847472,0.4232597053050995,0.7452316284179688,0.0,0.9700746536254884,0.9145471453666688,0.9824464321136476,-118.1745454743457,2348.205474373398,-54.8197003244863,3,0.6269747404148377,6.674431534624945,29,0.9342226629907434,0.8014536229046908,4.570200561725064,0.8377694643284271,0.18141948,0.46886396,0.4685928,0.6709443,22,2434.7861000000007,0.0454545454545454,37.91363636363637,9.825642585754396,-0.4,0.3636363636363636,0.3181818181818182,0.4090909090909091,0.4090909090909091,0.3636363636363636,0.1818181818181818,0.0454545454545454,0.1363636363636363,0.6860357484320525,0.7977241282638966,0.8410310459470697,0.3738522700487646,0.5962969240474326
216,4ktu_ISTRKYPSDWEE,0.85,-474.747278609282,1471.107013944467,-44.77308175275925,8,0.7807906403518723,6.04098956606826,32,80.17083333333333,74.88666666666667,8.816578014184396,0.948397696018219,0.9685429930686952,0.9735792875289916,0.9516124129295348,0.2754044830799103,0.5472753047943115,0.0,0.948397696018219,0.9906242489814758,0.9143757820129396,-426.1518109426116,1202.225188638989,-24.21733337160549,5,0.8018735247506473,6.052528490940233,29,0.7666015873352686,0.6114344894886017,7.230029106964456,0.8320301576920435,15.823125,2.805301,12.614877,4.9604063,12,1510.6031,0.1666666666666666,62.66666666666667,4.935523033142089,-1.7083333333333333,0.25,0.3333333333333333,0.3333333333333333,0.25,0.25,0.1666666666666666,0.25,-0.0833333333333333,0.0862611171005169,0.6723487904227177,0.9516568820485182,0.2264566366889383,0.5258059489355779
217,1o5c_LKFQCGQKT,0.93,-529.6978095726913,1153.7651290589477,-32.650264418064864,8,0.6712840499710151,6.218429877971671,22,88.88222222222223,88.88222222222223,6.58752505446623,0.982337772846222,0.9856736063957214,0.9865075945854188,0.9823764562606812,0.2680753171443939,0.4284871220588684,0.0,0.982337772846222,0.9885072112083436,0.9748712182044984,-40.07593858548918,1074.8641381623045,-8.717767951644877,8,0.6455443587111137,6.253472980046848,19,0.9560387995507982,0.9560387995507982,4.758651391210639,0.4191032137096837,0.24702755,0.21987116,0.41920972,0.6918013,9,1052.2478,0.1111111111111111,-8.922222222222224,9.314085960388184,-0.7555555555555555,0.3333333333333333,0.1111111111111111,0.3333333333333333,0.2222222222222222,0.4444444444444444,0.2222222222222222,0.0,0.2222222222222222,0.1308102367662194,0.6352763746785935,0.9069673575586038,0.3191144033585954,0.7547892592414024
218,4uja_TTYADFIASGRTGRRNAIHD,0.93,-825.6703542775657,2096.9690286468285,-68.4385341840615,8,0.6413842256584563,6.660500229237239,33,88.09150000000002,78.929,5.513637640449454,0.9638510942459106,0.9721309542655944,0.974200963973999,0.963995397090912,0.3279030621051788,0.9335829019546508,0.0,0.9638510942459106,0.9737027287483216,0.9546489119529724,-196.68784210287515,1977.725333866753,-42.10818106117208,9,0.6188171939368002,6.693002544065715,29,0.941604596376419,0.7641819328069687,5.574563713576854,0.7061034955168038,0.34579518,0.55822456,0.64405066,0.85689735,20,2222.3766,0.1,50.06,8.43563976287842,-0.75,0.15,0.3,0.35,0.35,0.25,0.2,0.1,0.1,0.2883373133912657,0.7555973046837947,0.8792293421391102,0.2288358864021863,0.5169993652462145
219,3o1d_KHKILHRLLQ,0.92,-519.8687997839396,1169.502026007385,-38.12117156244773,1,0.5079455853248837,7.040585908241978,16,88.48800000000001,88.48800000000001,7.139324000000008,0.963001310825348,0.9650636911392212,0.9655792117118835,0.953537106513977,0.4135443866252899,0.9800108671188354,0.0,0.963001310825348,0.9526887536048888,0.984491765499115,-180.571468019838,1181.7599310082564,8.742486532747137,4,0.6251608436952526,7.036714399225364,16,0.9214632868766784,0.8241531610488891,5.060203074085712,0.8724538221716881,19.220766,0.3520761,11.514028,0.33609498,10,1285.5838,0.0,76.05000000000001,11.166327095031736,-0.6300000000000001,0.5,0.0,0.4,0.4,0.1,0.5,0.0,0.5,0.4709179699991728,0.7008218615794047,0.8447078313377119,0.2645059532864371,0.5100103259092755
220,5cj6_GAFQNLFQSV,0.94,-470.52902294614046,1016.8849364866028,-49.03134559062471,2,0.5910127781644522,6.900713372189406,15,93.15,83.55599999999998,4.762019685039367,0.985140323638916,0.9757486581802368,0.9734007120132446,0.9769560098648072,0.2788494229316711,0.426121175289154,0.0,0.985140323638916,0.9811363816261292,0.9942046403884888,-479.13015720866576,1008.4338505659548,-31.453694354579284,0,0.6449296246105413,6.832921536825451,15,0.9723764061927797,0.7781885147094727,3.631137017131321,0.4136549161057772,0.18331353,0.2204222,0.29286748,0.32183722,10,1110.2189999999998,0.2,44.45,5.525000190734862,0.3699999999999999,0.2,0.3,0.4,0.5,0.4,0.0,0.0,0.0,0.7312630548576715,0.7875386627396563,0.929657793486536,0.3233222886255379,0.7495830456569089
221,3tsz_EFKQTSSFLV,0.91,-696.0653383883943,1626.7516679410428,-59.730356954811896,8,0.5899382260504215,6.2908729845213145,32,84.31099999999999,84.31099999999999,9.568262108262097,0.7809901237487793,0.673287570476532,0.6463618874549866,0.7599586248397827,2.1116209030151367,3.3233253955841064,0.0,0.7809901237487793,0.5611721873283386,0.7647106647491455,1265.1291149776962,1760.942928697576,-3.6085385799974574,22,0.638402354058542,6.102994817315291,29,0.7006362915039063,0.7006362915039063,19.718295008394115,6.726497286328903,0.48274732,3.0317454,3.0458026,3.4387395,10,1185.3255,0.2,36.870000000000005,6.100722312927245,0.0399999999999999,0.3,0.2,0.5,0.4,0.4,0.1,0.1,0.0,0.371480288809048,0.5872218670388059,0.3702680764294075,0.1992056289245099,0.0938094234310144
222,1c5x_LKFQCGQKT,0.92,-527.1872355208077,1168.7034253978238,-36.05463648711782,10,0.6947706402560205,6.195875944671071,23,87.95666666666668,87.95666666666668,7.743354950281016,0.981501281261444,0.9846707582473756,0.9854630827903748,0.9812783002853394,0.2760005891323089,0.461212545633316,0.0,0.981501281261444,0.986420214176178,0.9738298058509828,-63.58386513793285,1108.148443540972,-10.33119553096786,4,0.6415058146991504,6.2710931420908524,21,0.9523380200068156,0.9523380200068156,4.638932799641003,0.4457167109472124,0.3653322,0.19306394,0.49229625,0.6267091,9,1052.2478,0.1111111111111111,-8.922222222222224,9.314085960388184,-0.7555555555555555,0.3333333333333333,0.1111111111111111,0.3333333333333333,0.2222222222222222,0.4444444444444444,0.2222222222222222,0.0,0.2222222222222222,0.1308102367662194,0.6269569913028634,0.8927558822902462,0.3162886556092896,0.7386422686829905
223,3h8k_WSADERQRMLVQRKDELLQQARKRFLNK,0.88,-386.5484511335245,2112.752351353369,-64.23837277169287,7,0.6106104182212166,6.889118786610992,32,92.45785714285716,62.4175,4.003976934523813,0.9542290568351746,0.9456488490104676,0.9435038566589355,0.954050838947296,0.3414838016033172,0.5984346270561218,0.0,0.9542290568351746,0.9576112031936646,0.9744063019752502,-353.4243224965696,1944.7315676309013,-55.51646516446357,6,0.6222308160958173,6.8748162298884,29,0.9496318293469292,0.507102798138346,3.1319425649209216,0.59247665212024,0.19678342,0.5225888,0.44612494,0.569855,28,3544.0571,0.0714285714285714,52.110714285714295,10.87815341949463,-1.417857142857143,0.4285714285714285,0.1428571428571428,0.25,0.3571428571428571,0.2142857142857142,0.2857142857142857,0.1428571428571428,0.1428571428571428,0.2691937524753217,0.7891416905144695,0.884737200369732,0.285465832419454,0.5908074448056901
224,1avp_GVQSLKRRRCF,0.95,-424.2152349023614,1711.9676479223465,-65.90716731392183,0,0.7121943708278093,5.7616491753598105,29,96.59636363636363,96.59636363636363,3.803124735729383,0.9844884276390076,0.9681879878044128,0.9641128778457642,0.9771609902381896,0.3348497152328491,0.4345787167549133,0.0,0.9844884276390076,0.9733603000640868,0.9755792617797852,-253.3510058983861,1691.953670380028,-57.90387198741976,3,0.7099549670048609,5.746153745096507,28,0.9809797406196594,0.9809797406196594,2.92568656942053,0.4700536784485581,0.12963201,0.15919669,0.31474447,0.5764283,11,1349.6078,0.0909090909090909,175.1,11.712567710876463,-0.8,0.1818181818181818,0.1818181818181818,0.2727272727272727,0.2727272727272727,0.2727272727272727,0.3636363636363636,0.0,0.3636363636363636,0.1441350271099078,0.7844585820871084,0.890371326351013,0.4611553127865367,0.7696821294360635
225,4yk6_YQGGGEEMALP,0.95,-780.1065149648729,1773.9318629163902,-63.158408600480925,17,0.6931600699927051,6.323514322638992,30,90.37909090909088,90.37909090909088,5.637168831168832,0.915713667869568,0.939736783504486,0.9457425475120544,0.8955419659614563,0.3180371820926666,1.5337183475494385,0.0,0.915713667869568,0.9770156741142272,0.9509204030036926,-515.7526355763852,1564.398120411501,143.85812730191776,17,0.6126563213482707,6.395561854737611,21,0.5252182212742892,0.5252182212742892,7.529817579109947,1.3371295710662745,7.4519324,2.2700384,5.286884,3.8842702,11,1151.2463,0.0909090909090909,83.03636363636363,4.0500284194946286,-0.6454545454545454,0.4545454545454546,0.3636363636363636,0.1818181818181818,0.3636363636363636,0.0909090909090909,0.0,0.1818181818181818,-0.1818181818181818,0.0746160323068644,0.7369731597691593,0.7068674924090875,0.3049377024453185,0.2118273846092039
226,2lxm_GTPELDEDDLEAELDALGDELLADEDSSYLDEAASA,0.87,-466.6027519473479,2880.578733767212,-77.99939084381742,7,0.6340915258937365,6.747547639555105,28,87.58666666666666,75.20305555555555,5.502607481853696,0.8726359605789185,0.923863410949707,0.9366703033447266,0.9166674613952636,0.3867278397083282,1.184812068939209,0.0,0.8726359605789185,0.9526340365409852,0.8671695590019226,-330.0924437995347,2829.006814187014,1.436758591815931,14,0.6193329968097421,6.834190467249727,25,0.8636231240299013,0.6644913968112733,6.296975961761026,1.1473466963000234,0.45314893,1.75914,1.9199541,2.8886597,36,3797.8099,0.0277777777777777,31.23333333333333,4.0500284194946286,-0.6083333333333332,0.5555555555555556,0.3888888888888888,0.25,0.3888888888888889,0.1111111111111111,0.0,0.4166666666666666,-0.4166666666666666,0.0388443012047497,0.7336237994246809,0.7392735872898474,0.4107801959409372,0.4751608404293906
227,3obx_PEATAPPEE,0.89,-311.80873066325535,1165.5591643297332,-32.078028501181734,4,0.6597063980898125,6.2988397652134624,20,88.72999999999999,88.72999999999999,6.640283370618942,0.9540923833847046,0.975492298603058,0.9808422327041626,0.9718422293663024,0.2931361496448517,0.5000932216644287,0.0,0.9540923833847046,0.973340630531311,0.9614344835281372,-238.9582452476004,1117.7433018980937,-33.119618123858515,7,0.6679183122782919,6.318180986265685,17,0.9388739400439792,0.9388739400439792,5.528829309386517,0.547603167165668,0.24065837,0.28093803,0.49017203,0.6516225,9,939.9626,0.0,126.53333333333332,4.0500284194946286,-1.3777777777777778,0.5555555555555556,0.3333333333333333,0.1111111111111111,0.2222222222222222,0.1111111111111111,0.0,0.3333333333333333,-0.3333333333333333,0.2794625174095475,0.682192933516449,0.897930542826732,0.3193885144084035,0.6601190384458432
228,6fdt_SGPTIEEVD,0.72,-311.6208226070018,1075.1214307221242,-36.53523903845036,9,0.6725707756269084,6.737884444993558,21,68.61111111111111,58.92,9.854487510766566,0.7976317405700684,0.914785385131836,0.9440737366676332,0.93683522939682,0.348345935344696,1.2509535551071167,0.0,0.7976317405700684,0.9533689022064208,0.8284438848495483,-248.4641507515508,849.9537346665894,-18.180411082838845,7,0.6426044750231119,6.716648046923586,14,0.7082916729980044,0.4581083125538296,8.327232703091665,1.254965859636164,4.546284,4.2318006,6.1622367,7.426272,9,945.967,0.0,77.23333333333332,4.0500284194946286,-0.5888888888888889,0.2222222222222222,0.4444444444444444,0.3333333333333333,0.2222222222222222,0.2222222222222222,0.0,0.3333333333333333,-0.3333333333333333,0.5131698177166468,0.4475372364939022,0.7013665076925484,0.1792507550215197,0.3041355552112481
229,6e3j_RRVVQIAAGLRRAGDQLEKYG,0.94,-406.94091293992,1881.18686779346,-71.38945819478653,2,0.630458023658553,6.520124189059536,32,95.50380952380952,87.19428571428571,3.533737957610791,0.9805116057395936,0.9739761352539062,0.9723422527313232,0.9797560572624208,0.3475904166698456,0.4376958608627319,0.0,0.9805116057395936,0.9704598188400269,0.9860227108001708,-312.32131763729285,1807.8535315098104,-60.79610845857897,5,0.7667992105236202,6.550463980296883,27,0.9698441113744464,0.6993063943726676,2.596482863922996,0.4837920715944714,0.1684215,0.13171723,0.31395742,0.3090434,21,2356.6858,0.0476190476190476,69.2047619047619,10.834572792053224,-0.5952380952380952,0.3333333333333333,0.1904761904761904,0.2857142857142857,0.4285714285714285,0.0952380952380952,0.238095238095238,0.0952380952380952,0.1428571428571428,0.4869643223796558,0.8752640338242582,0.9413495727818498,0.4296481357463652,0.7784571257049232
230,3amb_TTYADFIASGRTGRRNAIHD,0.92,-748.7024551065678,1949.2414053338284,-45.20833119887834,7,0.6218813876788997,6.58879125779978,33,86.6855,72.96350000000002,6.495811111111108,0.961400270462036,0.9477462768554688,0.944332718849182,0.9394229650497437,0.381388247013092,1.0701768398284912,0.0,0.961400270462036,0.960364818572998,0.952784299850464,-307.8876978377655,1976.2459540076688,25.724337248538063,9,0.6135718150121211,6.672365224011925,29,0.9209765940904616,0.730328044295311,5.8649999676851765,0.9359543421947294,0.36429292,0.7955275,0.8582157,0.6974713,20,2222.3766,0.1,50.06,8.43563976287842,-0.75,0.15,0.3,0.35,0.35,0.25,0.2,0.1,0.1,0.2883373133912657,0.7345649915567622,0.8525315984198228,0.2002791814617431,0.4763821477283644
231,3au4_EDSANVYEQDDLSEQMASLEGLMKQLNAITGS,0.87,-1125.803247277847,1717.2639387432398,-48.22054246579546,4,0.5010182216731994,6.753052396540758,23,85.1059375,49.78156250000001,9.577846785071952,0.7996739149093628,0.8845154047012329,0.9057257771492004,0.9186959862709044,0.557856559753418,2.612623453140259,0.0,0.7996739149093628,0.895723283290863,0.7765704393386841,-563.8602087118271,1718.998090131003,-25.76140187019245,6,0.5856406170050503,6.73509757395532,23,0.8795529436320066,0.4506082218140363,15.246849431889132,4.568818850332215,22.210127,3.0104828,23.289516,2.1369016,32,3487.7322,0.03125,49.67812500000001,4.0500284194946286,-0.5874999999999999,0.4375,0.34375,0.25,0.375,0.3125,0.03125,0.21875,-0.1875,0.1579708253599932,0.6772454959595351,0.7094930636256319,0.1396021122685019,0.1640508133995408
232,5h3j_TRYENITFNCCNHCQGELIAL,0.93,-420.443389993536,2654.3099909352923,-97.45015198921992,13,0.5697752191294178,6.083180753665546,49,92.4195238095238,92.4195238095238,4.329757536041941,0.78816157579422,0.9327929615974426,0.9689508080482484,0.9525049924850464,0.5713897347450256,2.35260009765625,0.0,0.78816157579422,0.884482204914093,0.7523323893547058,-245.57148690810573,2741.913798529852,23.132343601010035,16,0.6030741321275167,5.885420126208468,42,0.9134335943630764,0.9134335943630764,10.0684743329798,2.6198638788330446,0.22653691,0.39773566,0.5033048,0.6023448,21,2442.7484,0.0952380952380952,20.590476190476192,5.367271995544433,-0.1476190476190476,0.238095238095238,0.1904761904761904,0.3809523809523809,0.3333333333333333,0.4285714285714285,0.0952380952380952,0.0952380952380952,0.0,0.2895280435316597,0.7866940665938003,0.6791922920890117,0.3401838640850269,0.2953734046608771
233,2l12_ARTKQTARSTGGKA,0.72,-47.14848182920149,1427.1175337947109,-41.46258412686199,6,0.6183102472836226,5.724624552445183,21,69.32357142857144,66.11142857142859,10.303010204081632,0.931162655353546,0.9147503972053528,0.9106473326683044,0.8909313678741455,0.3211328089237213,0.4957594275474548,0.0,0.931162655353546,0.9633012413978576,0.8718199133872986,-70.63855237433417,1455.8332110242245,-23.656472390498507,7,0.7198472224867686,5.703769074438815,19,0.7762722798756191,0.7009832220418113,4.399854391630815,0.6258857065925792,1.7910706,3.7048068,3.4609277,3.7618814,14,1432.5858,0.0,54.242857142857154,11.999967765808105,-1.328571428571428,0.3571428571428571,0.2142857142857142,0.2142857142857142,0.2142857142857142,0.3571428571428571,0.2857142857142857,0.0,0.2857142857142857,0.3435432716228052,0.5970647527002774,0.9015927718944728,0.1904782938445295,0.570586419366375
234,5hjc_APRQLATK,0.32,-90.8609171604524,1043.385596969864,-24.66792139595961,10,0.615636523655214,6.864812891046614,12,34.34875,34.34875,20.80937499999999,0.8516664505004883,0.9480133056640624,0.9720999598503112,0.9479978680610656,0.3101831078529358,0.9322016835212708,0.0,0.8516664505004883,0.9832226037979126,0.9020113945007324,-78.3022835718167,1200.8229290617858,117.14949394717478,11,0.6649298785939616,6.807850698303921,12,0.8281152322888374,0.8281152322888374,6.934565353949191,0.9692408359151776,2.5823123,8.808596,6.3840575,5.818755,8,884.0350000000001,0.0,47.47500000000001,11.00103015899658,-0.8500000000000001,0.5,0.125,0.25,0.375,0.25,0.25,0.0,0.25,0.415446029032155,0.0223862597355245,0.4283513589812502,0.0,0.261909856476426
235,4rrv_MFRDFDYIA,0.92,-616.196241845989,1219.8361115399537,-42.34471488699478,4,0.6202733396871587,6.349193047769425,21,86.53555555555556,86.53555555555556,8.753641552511397,0.9620004892349244,0.9708951115608216,0.9731187224388124,0.9653677344322203,0.315059095621109,0.8621432185173035,0.0,0.9620004892349244,0.9740529656410216,0.9638893604278564,-495.9797382773132,1233.7617213047092,6.099711286622835,3,0.7292849560303026,6.168679311371562,18,0.9194815821117824,0.9194815821117824,7.2977781570098355,0.8067729551929136,0.30213502,0.2386827,0.36270145,0.42660943,9,1177.3281000000002,0.3333333333333333,14.222222222222223,4.207074546813964,0.111111111111111,0.2222222222222222,0.2222222222222222,0.4444444444444444,0.6666666666666667,0.0,0.1111111111111111,0.2222222222222222,-0.1111111111111111,0.607731368066234,0.6067434953988874,0.7584864572576139,0.2458829350905629,0.5212292582647213
236,2kgi_ARTQTARK,0.67,37.10861728884916,972.6034743885158,-31.027083846387505,5,0.6966221908991863,5.507654501873555,18,78.30499999999999,78.30499999999999,6.797999999999997,0.9070606231689452,0.946772575378418,0.9567005038261414,0.9580423831939696,0.4923331141471863,0.6936843991279602,0.0,0.9070606231689452,0.9103383421897888,0.918766975402832,-25.570326060129368,1122.2201102145536,-29.288846863616023,10,0.6649301778464374,5.496459090801386,19,0.9311116114258766,0.9311116114258766,3.386485620898505,0.7246963428333402,6.5694823,0.59343535,3.9328675,0.55843824,8,931.0518000000002,0.0,-0.675,11.999967765808105,-1.775,0.375,0.0,0.25,0.25,0.375,0.375,0.0,0.375,0.2392197105394069,0.3223126742623006,0.6657859096037773,0.200275969324348,0.6020385309371135
237,3wdz_KEVDPTGELQ,0.85,-759.2444086966274,921.0938746981444,-23.781443934944264,2,0.7485765197641295,7.057294302187069,17,74.292,67.28600000000002,9.224555932203383,0.9094036221504213,0.9568544626235962,0.968717098236084,0.9377278685569764,0.293445348739624,0.9559344053268432,0.0,0.9094036221504213,0.9820491075515748,0.9512392282485962,-579.6341435045016,1131.3279441401794,20.85636281034885,17,0.8502376918123011,7.254122205974211,13,0.6988715291023254,0.6390970706939697,6.93414819455753,0.9436914892721984,12.650452,4.2403736,9.778328,5.8893137,10,1115.1912,0.0,10.540000000000004,4.137389945983887,-1.2600000000000002,0.4,0.3,0.3,0.2,0.2,0.1,0.3,-0.2,0.3086256636985561,0.4880552260420419,0.6670909860507809,0.1227216609677254,0.2895323942820242
238,4uj9_TTYADFIASGRTGRRNAIHD,0.94,-861.879218505236,2110.975482062536,-63.72621423177464,7,0.6350413854264745,6.552084831669388,34,90.272,80.9565,5.09601949860725,0.9636196494102478,0.9708868861198424,0.972703754901886,0.9628754258155824,0.3366406857967376,0.9655836224555968,0.0,0.9636196494102478,0.9715992212295532,0.9554105997085572,-104.76595975303508,1952.8171117930128,-39.24638122506954,8,0.6512231208911123,6.626047839515017,30,0.9402386158704756,0.7633480668067932,5.505975157865077,0.7378140870575122,0.35199216,0.43544903,0.62452984,0.7319014,20,2222.3766,0.1,50.06,8.43563976287842,-0.75,0.15,0.3,0.35,0.35,0.25,0.2,0.1,0.1,0.2883373133912657,0.7902690259016791,0.8788645650813992,0.2460821895176719,0.5033956547931101
239,1ntv_NFDNPVYRKT,0.93,-377.1102010430136,1493.9551579674192,-58.505301258625934,3,0.7051819087581372,6.149185954320736,23,94.431,94.431,4.1242592592592615,0.9718620777130128,0.9692637324333192,0.9686141610145568,0.9715231657028198,0.3318765163421631,0.5534972548484802,0.0,0.9718620777130128,0.9635571241378784,0.9698373079299928,-315.0382732328548,1558.4998073539523,-45.223620115295375,4,0.6648412127211344,6.000927211246248,23,0.954621034860611,0.954621034860611,3.454899465504252,0.5574952400760886,6.3207283,0.3682462,7.5643353,0.4758643,10,1253.363,0.2,-1.759999999999998,8.58978366851807,-1.55,0.1,0.4,0.4,0.3,0.3,0.2,0.1,0.1,0.4355489610137822,0.7791595736370048,0.9114310102444368,0.4345359411804806,0.7463468666870068
240,5wuj_FSEEEVRYEIILEKIRGTLKERPDEIAMLFKLLIKDE,0.88,-203.18434234138329,3070.597593082683,-85.32977880744644,11,0.6929357522430357,6.699926396069615,33,86.8235135135135,71.67243243243243,5.842017510468238,0.958083987236023,0.9663479924201964,0.9684140086174012,0.9769734740257264,0.485107421875,1.2682592868804932,0.0,0.958083987236023,0.8904909491539001,0.9649031758308412,-234.6974897789664,2829.4683878395062,-78.52753262774655,10,0.6356935622732143,6.716411557256177,35,0.9749758034139068,0.6873103895702878,3.56350975124315,1.1872348744673198,3.4276721,0.33867177,2.152023,5.6625004,37,4495.1978,0.081081081081081,29.435135135135145,4.848332023620604,-0.3756756756756756,0.5135135135135136,0.1351351351351351,0.4054054054054054,0.4324324324324324,0.054054054054054,0.1891891891891892,0.2702702702702703,-0.081081081081081,0.2135169920933271,0.6849779383004935,0.7796357254294632,0.5132707766413933,0.7034035337739559
241,5ei3_KKRYDREFLLGFQF,0.93,-428.1606026431896,1527.8683869242782,-52.10278882850759,8,0.6430923826014388,6.554772881424493,19,93.2892857142857,86.40071428571426,5.026121951219515,0.9781593084335328,0.9536731839179992,0.9475516080856324,0.956552803516388,0.3044877052307129,0.5274760723114014,0.0,0.9781593084335328,0.9621422290802002,0.984411358833313,-142.47116407209774,1400.8074322376915,-29.655938615003777,3,0.6593182558530666,6.40309769194682,18,0.9432817612375533,0.7349369483334678,3.865708271977378,0.5648354147057916,0.20673633,0.46895957,0.49458212,0.61151665,14,1847.123,0.2857142857142857,33.32857142857143,9.696641349792484,-0.9285714285714286,0.3571428571428571,0.1428571428571428,0.4285714285714285,0.4285714285714285,0.0714285714285714,0.2857142857142857,0.1428571428571428,0.1428571428571428,0.1340203751039565,0.7795154487148032,0.9132415378348168,0.3591604743439493,0.7286163976196239
242,6f55_TKGPAPNPPPILKVW,0.53,59.83417760987446,1158.6906111054725,-15.06822208662367,3,0.7068059590033365,6.027350556093056,15,61.62199999999999,51.86999999999999,11.866382113821135,0.8186668753623962,0.8885617256164551,0.9060354232788086,0.9458986520767212,0.4028224050998688,0.939222514629364,0.0,0.8186668753623962,0.9186218976974488,0.7713485360145569,-105.4216906792964,974.5435668709948,-3.92140556921524,2,0.6825377353156142,6.298954552255914,12,0.891003425916036,0.6763063510258992,7.627932372374263,1.3172895770489683,3.5168414,2.3771453,5.270566,10.340775,15,1614.9276999999995,0.0666666666666666,54.63333333333334,10.000545310974118,-0.4666666666666666,0.2666666666666666,0.4666666666666666,0.3333333333333333,0.3333333333333333,0.1333333333333333,0.1333333333333333,0.0,0.1333333333333333,0.3015298818097689,0.2417253973586548,0.7058229255439293,0.0916284703030443,0.3369759744722702
243,4m8e_KHKILHRLLQD,0.9,-366.454400799103,1204.913802417026,-47.99398245507672,4,0.4832172959437298,7.207451764573146,18,88.21999999999998,88.21999999999998,6.71675555555555,0.9543545842170716,0.9455987811088562,0.9434098601341248,0.941639244556427,0.4854565262794494,0.9843666553497314,0.0,0.9543545842170716,0.9057012796401978,0.975373387336731,-331.2648487313349,1194.4602420679232,-45.67670241540725,3,0.6430898733489654,7.256237325389411,18,0.8814644271677191,0.7928940870545127,6.901111393384259,1.2726754642496203,1.9499356,1.8185756,3.0721917,6.2803984,11,1400.6712,0.0,87.55454545454546,9.994485282897951,-0.890909090909091,0.4545454545454545,0.0909090909090909,0.3636363636363636,0.3636363636363636,0.0909090909090909,0.4545454545454545,0.0909090909090909,0.3636363636363636,0.4295813480562456,0.6378135132590094,0.8171562680249214,0.1954205594688099,0.4762865278098511
244,6qtw_EDQMVPS,0.9,-616.6065481030047,1005.4565981147324,-33.3868385807308,3,0.7598556306513707,6.662745873171748,23,76.67857142857143,76.67857142857143,8.91872599531616,0.9350102543830872,0.9541266560554504,0.9589057564735411,0.936577081680298,0.370975136756897,1.062049388885498,0.0,0.9350102543830872,0.963129460811615,0.9499362707138062,-353.8847624563592,1088.59706357764,22.75135027619524,11,0.7156680226383421,6.822418364544761,18,0.8126295975276402,0.8126295975276402,8.537768861058167,1.002924626144369,3.9542892,0.99293613,3.5734901,2.8394449,7,804.8654,0.0,91.11428571428571,4.0500284194946286,-0.9714285714285714,0.2857142857142857,0.4285714285714285,0.1428571428571428,0.2857142857142857,0.2857142857142857,0.0,0.2857142857142857,-0.2857142857142857,0.3355955219913266,0.593418998507909,0.7410895502057003,0.1944503720889208,0.3857889359420858
245,2w85_SQEKFFQELFDS,0.72,-34.72932506334124,1029.0501528686648,-31.261452211325363,0,0.6442975463411729,6.8324580785474165,17,85.91333333333336,70.86083333333335,4.974251207729469,0.969942271709442,0.9093055725097656,0.8941464424133301,0.9370746612548828,0.278277575969696,0.2941211462020874,0.0,0.969942271709442,0.9578127861022948,0.9886797070503236,-85.05016366000667,996.402830610824,-19.128067590729373,0,0.6231844999525565,7.0371161091286,14,0.943445697426796,0.6383202324310938,1.2346849323470812,0.3327443952433729,1.3911583,1.1288288,1.5545176,1.6387235,12,1504.5949999999998,0.25,83.65,4.136821556091308,-0.8999999999999998,0.3333333333333333,0.25,0.3333333333333333,0.3333333333333333,0.3333333333333333,0.0833333333333333,0.25,-0.1666666666666666,0.46423899760152,0.4603992213473538,0.9193445762256658,0.2291233729963572,0.8445544430227753
246,5heb_NYKQTSV,0.9,-207.6515229831741,1037.9155256546037,-47.25236240107225,1,0.7127234261093743,6.049304758398078,20,89.84857142857143,80.4557142857143,5.973673469387757,0.9672715067863464,0.9464226961135864,0.9412105083465576,0.9575175642967224,0.3389292061328888,0.389067143201828,0.0,0.9672715067863464,0.9536892771720886,0.9657790660858154,-103.36887458448813,973.9803142147914,-35.53419355947803,5,0.7499825497832153,5.980648127801933,17,0.8893880248069763,0.8893880248069763,3.7177505547903023,0.6784659441974428,0.30301276,0.71907246,1.2938243,1.1575284,7,838.9048,0.1428571428571428,42.34285714285714,8.590879631042483,-1.3571428571428572,0.1428571428571428,0.2857142857142857,0.4285714285714285,0.2857142857142857,0.5714285714285714,0.1428571428571428,0.0,0.1428571428571428,0.2071132822083125,0.747046681068785,0.9140057956916662,0.4139323215175082,0.7822601384113737
247,5svz_GRKKRRQR,0.45,-879.4274546305204,1039.7755967301337,12.592388606494865,12,0.6074245405394542,7.273598943044511,27,29.2525,22.53375,24.077497119815707,0.9490172266960144,0.9799291491508484,0.9876571297645568,0.9846088886260986,0.2807878255844116,1.418370485305786,0.0,0.9490172266960144,0.9795099496841432,0.9830671548843384,-572.2161475841256,1498.600836585283,195.5449859451362,24,0.6672739039030507,6.580879983251901,30,0.953548476099968,0.953548476099968,6.296552768286129,1.3136421393105238,3.9647477,2.5823994,5.4458947,6.18013,8,1084.2832,0.0,145.175,11.999967765808105,-3.7125,0.25,0.125,0.0,0.0,0.125,0.75,0.0,0.75,0.0340178101920749,0.0130966175098193,0.8129276785036559,0.0,0.264503403867585
248,2oei_PPPPPPLPP,0.42,66.92921877970015,704.1351757604773,-18.63761600196108,2,0.7031931256594233,6.782480251255015,9,68.49444444444444,62.28555555555555,7.96859903381643,0.837816596031189,0.9332230687141418,0.9570747017860411,0.9580610394477844,0.3232833445072174,0.6087096929550171,0.0,0.837816596031189,0.9272944927215576,0.925087571144104,9.75573221837922,727.1338757632158,-11.266777996000048,2,0.6423620117940523,6.937416834424544,10,0.9447750581635368,0.8383723563618131,2.5494636323141013,0.6218681172760212,13.634256,0.51544493,9.442565,2.1004946,9,908.0945000000002,0.0,158.68888888888893,5.954987144470215,-1.0,0.1111111111111111,0.8888888888888888,0.1111111111111111,0.1111111111111111,0.0,0.0,0.0,0.0,0.4456183502167798,0.0756207616569559,0.4855458497757673,0.0726777823627447,0.4217672546319903
249,4b4n_PVLFPGQPFGQPPLG,0.89,-292.87818146384114,1111.5159205848645,-42.46085938268726,4,0.6822954951247033,6.420809309150497,17,90.18733333333331,80.16266666666667,5.256909492273732,0.8462154269218445,0.9399768710136414,0.9634172916412354,0.9631043076515198,0.4618375301361084,1.490652561187744,0.0,0.8462154269218445,0.9436424374580384,0.8669726848602295,-100.01519062708516,1114.931537688036,39.37700858636356,17,0.6389815839898172,6.470664924254423,17,0.9299433747927348,0.8200325449307759,6.725000309009952,1.3699333572098225,12.060568,0.51776993,6.553059,0.9721938,15,1550.7974,0.1333333333333333,86.37333333333333,5.954987144470215,0.0799999999999998,0.1333333333333333,0.5333333333333333,0.3333333333333333,0.3333333333333333,0.1333333333333333,0.0,0.0,0.0,0.2985964615384981,0.7784393112259568,0.5605328973736027,0.3247606245510089,0.1677445882103915
250,4bxu_ASEDELVAEFLQDQN,0.72,90.7349239559492,1152.992103340692,-34.0711110143186,0,0.6424930162327759,6.9084545997428135,13,80.488,64.66466666666666,8.026317460317474,0.9539153575897216,0.9103264212608336,0.8994291424751282,0.9456409215927124,0.3564551770687103,0.4910401403903961,0.0,0.9539153575897216,0.8862233757972717,0.9774682521820068,-115.38255397297029,1077.9891773375668,-23.517623841470296,1,0.5590134735017975,6.827148021375227,10,0.9559090415636698,0.5698736508687338,2.6815303721834742,0.610757833624643,11.858271,4.102813,10.031599,3.2149873,15,1707.7461999999996,0.0666666666666666,69.58666666666667,4.0500284194946286,-0.7066666666666668,0.4666666666666667,0.2666666666666666,0.2666666666666666,0.4,0.2666666666666666,0.0,0.3333333333333333,-0.3333333333333333,0.2161287295072533,0.4313253967239746,0.7930259068274297,0.2103417150976548,0.7145203033892905
251,1gi9_LKFQCGQKT,0.92,-513.9851370067895,1067.331010100998,-32.32355190591488,4,0.6234755757568983,6.176376739779621,22,87.11111111111111,87.11111111111111,8.35191601049868,0.9806771874427797,0.9850926399230956,0.986196517944336,0.981298327445984,0.2703218460083008,0.4553182423114776,0.0,0.9806771874427797,0.988201916217804,0.9735555648803712,-104.89979425005288,1068.7775700131265,-13.057840058974222,9,0.6465814014071242,6.162554683028472,19,0.9524676667319404,0.9524676667319404,4.967220749129147,0.4394771827357126,0.4766771,0.29881003,0.589509,0.69638383,9,1052.2478,0.1111111111111111,-8.922222222222224,9.314085960388184,-0.7555555555555555,0.3333333333333333,0.1111111111111111,0.3333333333333333,0.2222222222222222,0.4444444444444444,0.2222222222222222,0.0,0.2222222222222222,0.1308102367662194,0.6131862888943709,0.9025631936158576,0.3085231142448751,0.7404859245537936
252,2roz_DAAVTPEERHLSKMQQNGYENPTYKFFEQMQN,0.82,-129.58871381633125,1719.599840871996,-58.79520599614625,3,0.6915744961284478,6.272611211252658,30,83.65218749999998,54.7375,8.092697172619049,0.913217842578888,0.929203987121582,0.933200478553772,0.9454624652862548,0.4984317421913147,0.9201895594596864,0.0,0.913217842578888,0.8844595551490784,0.910560667514801,-213.8441877396181,2024.476607510829,-23.27303840861524,10,0.7200370649213379,6.131296922706976,29,0.9273985791951418,0.5723189450800419,5.884862262666935,1.3134494676432085,4.0757127,1.6706479,4.3146477,4.4247217,32,3832.1501000000026,0.125,35.578125,4.960589027404784,-1.4031250000000002,0.34375,0.25,0.25,0.3125,0.3125,0.125,0.15625,-0.03125,0.184933279952585,0.7635080541798378,0.8535017024486761,0.3581820955890558,0.6248830719446558
253,2mwo_RAHSSHLSKKGQST,0.33,-51.670031647775645,1143.4104939718482,-1.694842174128638,12,0.6501597108724223,6.8043538728640485,17,36.945,29.645,20.146558915537,0.925800919532776,0.8991585969924927,0.8924980163574219,0.8256456851959229,0.3305832743644714,0.7278562188148499,0.0,0.925800919532776,0.9513757824897766,0.9621489644050598,-22.540637516135074,1290.158747106893,90.12516732335276,17,0.6351374493577234,6.949073955028349,18,0.6674648438181195,0.4862023464271,3.6110917201908586,0.6214380431473566,5.223574,7.9894586,7.186906,7.545431,14,1523.6532999999995,0.0,42.3,11.166327095031736,-1.4928571428571429,0.2857142857142857,0.3571428571428571,0.1428571428571428,0.1428571428571428,0.4285714285714285,0.3571428571428571,0.0,0.3571428571428571,0.2262401241119304,0.0241234207736931,0.794265728559817,0.0119446706674523,0.4592910304764349
254,4m8h_KHKILHRLLQD,0.9,-383.0484067531513,1193.7417171644431,-48.95928188996987,3,0.5587827231891507,7.29815289771646,18,88.68090909090907,88.68090909090907,6.547418181818188,0.9549042582511902,0.9444385766983032,0.941822111606598,0.9404327273368835,0.4954465627670288,1.066366195678711,0.0,0.9549042582511902,0.9065569639205932,0.9758313298225404,-346.8920953505369,1131.4366742740694,-43.48754450551184,5,0.5424584937389011,7.234638873300243,18,0.8852818662470038,0.7480082945390181,6.780912901452093,1.2833966331048443,1.736756,1.4306042,3.555492,5.76983,11,1400.6712,0.0,87.55454545454546,9.994485282897951,-0.890909090909091,0.4545454545454545,0.0909090909090909,0.3636363636363636,0.3636363636363636,0.0909090909090909,0.4545454545454545,0.0909090909090909,0.3636363636363636,0.4295813480562456,0.6337773181581374,0.8052764232205968,0.1886627771603987,0.4748602659085135
255,3ui2_QKAPPGTARRKRK,0.89,-549.6322420127069,1971.6775973541776,-80.05579905976288,1,0.6441560227310765,5.826642028359465,23,84.75,84.75,10.487502335720963,0.9477872252464294,0.9526153802871704,0.9538224339485168,0.9480287432670592,0.3864718079566955,1.1603530645370483,0.0,0.9477872252464294,0.8606217503547668,0.962360143661499,-414.81262790174105,1796.3231107692457,-72.17173251131061,2,0.704328949210207,5.591980066982925,22,0.9069491166334884,0.9069491166334884,9.16524064603976,1.799414034351609,0.3238216,0.9039402,1.0038228,0.8891318,13,1493.7598999999998,0.0,101.46923076923078,11.999967765808105,-2.261538461538461,0.3846153846153846,0.2307692307692307,0.0769230769230769,0.1538461538461538,0.1538461538461538,0.4615384615384615,0.0,0.4615384615384615,0.2855686178537434,0.4843350879862936,0.5274157881273331,0.2518797906098582,0.4647552926774944
256,2mv7_TNKLPVSIPLASVVLPSRAERARST,0.77,-98.61555712206103,2011.265620869048,-91.33729084414584,2,0.6084794216222523,6.058378319488014,25,76.01319999999998,67.79599999999999,9.370076595744685,0.9258617758750916,0.9424070715904236,0.9465433359146118,0.96580708026886,0.44229456782341,0.7053808569908142,0.0,0.9258617758750916,0.9182594418525696,0.9215101003646852,-87.41544175868688,2080.878698646352,-8.959860586050254,7,0.589283574958466,6.091195122813714,26,0.9578227758407593,0.8076128911972046,3.2623513434668805,0.7571779830151416,0.49086064,0.62341106,0.9354406,1.4433208,25,2663.080999999999,0.0,64.608,11.711342811584473,0.0039999999999999,0.32,0.32,0.36,0.3999999999999999,0.28,0.16,0.04,0.12,0.2060996679369147,0.6839569502587718,0.8175976617732283,0.2410711601383311,0.5622108090640932
257,1gj7_LKFQCGQKTL,0.91,-519.2780525791827,1253.448763771544,-35.35127485942132,10,0.7000610356288273,6.136630538724148,22,86.181,86.181,7.922324218749985,0.9747953414916992,0.9850864410400392,0.9876591563224792,0.9850128889083862,0.2725780606269836,0.4550977647304535,0.0,0.9747953414916992,0.9868376851081848,0.966615617275238,-49.535331985082514,1005.8657032914,16.427639189718185,2,0.6813372211730293,6.168881198417139,18,0.9702532172203064,0.8748108208179474,5.439246719458606,0.4811653317068703,0.3499343,1.320283,1.3143227,2.1926045,10,1165.4054,0.1,-7.030000000000001,9.314085960388184,-0.3,0.4,0.1,0.4,0.3,0.4,0.2,0.0,0.2,0.1665109907353631,0.6312443800851132,0.9029029805447336,0.2991455070268613,0.6951194481776772
258,2ll7_KKTFKEVANAVKISASL,0.74,-251.2361719657765,2742.80602635751,-72.49113232082061,5,0.642404371781803,6.8109743400158855,38,66.49999999999999,66.49999999999999,9.064106951871668,0.960729479789734,0.8655266165733337,0.8417258262634277,0.8265814781188965,0.3969609141349792,0.8618054389953613,0.0,0.960729479789734,0.8936687111854553,0.984674334526062,-187.7842342835922,2535.394418054592,-12.718735994820577,9,0.6017385508251889,6.534475362247092,35,0.8016629639793845,0.8016629639793845,2.6925046826428907,0.7550279532205613,0.45023018,0.95196134,1.674308,2.341842,17,1834.1643,0.0588235294117647,1.1411764705882357,10.00138339996338,2.0898315757650003e-16,0.5294117647058824,0.1764705882352941,0.3529411764705882,0.4705882352941177,0.2352941176470588,0.2352941176470588,0.0588235294117647,0.1764705882352941,0.4643826912283323,0.3007644237337895,0.8515754842033514,0.0959738033840232,0.5890690122300631
259,5mwy_KSLLQQLLTE,0.92,-610.2454554871478,1045.321756643762,-41.87119376359567,0,0.5598891499749697,7.091853876138947,14,91.96899999999998,83.431,5.887401574803144,0.9763956069946288,0.968309998512268,0.9662886261940002,0.969079613685608,0.3050727248191833,0.4587173163890838,0.0,0.9763956069946288,0.9720191359519958,0.9893537759780884,-507.35696110124456,1030.1404018747437,-22.962427379712608,0,0.5396444924269863,7.051512722269229,14,0.9423501014709472,0.7603811919689178,3.961668147005904,0.52569177523842,0.1353857,0.42582685,0.37080446,0.4065894,10,1172.3716000000002,0.0,80.12,6.217469596862792,-0.0700000000000001,0.6,0.1,0.5,0.4,0.4,0.1,0.1,0.0,0.4875466167151874,0.7440525334898902,0.8972127499398411,0.2863470393061837,0.6512606369403439
260,3oap_KHKILHRLLQD,0.9,-434.8338555807677,1197.197647494826,-48.936049302708966,3,0.5615978482688055,7.201465117547195,18,88.35090909090908,88.35090909090908,6.794363636363629,0.9550691246986388,0.938283383846283,0.9340869188308716,0.9348074793815612,0.501187264919281,1.0561894178390503,0.0,0.9550691246986388,0.9067844152450562,0.975367307662964,-312.8945169493306,1171.39760095841,-44.4517338289117,2,0.5723833756443897,7.246933278606818,18,0.8775953108614142,0.7891831343824213,6.982816279909828,1.304208075169361,2.668118,2.056828,3.3497434,6.6126757,11,1400.6712,0.0,87.55454545454546,9.994485282897951,-0.890909090909091,0.4545454545454545,0.0909090909090909,0.3636363636363636,0.3636363636363636,0.0909090909090909,0.4545454545454545,0.0909090909090909,0.3636363636363636,0.4295813480562456,0.6404498374694423,0.8135094823253519,0.1976859905531993,0.4835371973408229
261,2kwj_ARTKQTARKSTGGAPRKQL,0.71,-87.49002385169686,1794.3757034179462,-58.13973722814782,14,0.6554645517557449,5.934842177857596,32,68.06421052631576,62.08473684210525,11.214451919271854,0.8792685270309448,0.8777015805244446,0.8773098587989807,0.853597104549408,0.3991729617118835,1.0767850875854492,0.0,0.8792685270309448,0.9183170795440674,0.8503196835517883,-63.242567132255125,1669.2200742551388,30.187376310848165,11,0.6769840184648099,6.031699702028113,22,0.729954038795672,0.5043334804083172,6.209511256201446,1.165129709206035,4.1705236,2.5249755,3.7131693,2.439625,19,2055.3458,0.0,38.08421052631578,11.999967765808105,-1.489473684210526,0.3684210526315789,0.2105263157894736,0.2105263157894736,0.2105263157894736,0.3157894736842105,0.3157894736842105,0.0,0.3157894736842105,0.2044078682509482,0.6060328336149047,0.8327965476382367,0.1840712193263646,0.4043753046779626
262,3bu6_YNPYPEDGDIEIG,0.89,-654.5009684363825,2055.8121170318136,-69.77727714856701,17,0.655808407044068,5.934389711202329,36,78.84153846153846,78.84153846153846,8.313735905788036,0.9594098925590516,0.9628621339797974,0.963725209236145,0.9442413449287416,0.3475572168827057,0.9205619692802428,0.0,0.9594098925590516,0.966474175453186,0.9531629085540771,-447.0703191842328,1473.0698422493351,-21.466937440145387,16,0.6452198957183689,5.920835605878727,18,0.9254146264149592,0.851029084278987,5.741685972024671,0.7934991306109824,0.6150386,2.3184342,3.5219512,5.827833,13,1481.5152999999998,0.1538461538461538,93.3076923076923,4.0500284194946286,-1.1615384615384614,0.1538461538461538,0.5384615384615385,0.3076923076923077,0.3076923076923077,0.0769230769230769,0.0,0.3076923076923077,-0.3076923076923077,0.0555556854686979,0.5882496300323424,0.8601369453199702,0.1814209239758115,0.5212736082308752
263,5w4s_DQSDFEGFY,0.28,-58.0711592911653,900.0745952636962,4.284925275617461,8,0.6851105136164174,7.401491018133146,12,28.75222222222222,26.175555555555555,22.87653903903901,0.8521443605422974,0.8983974456787109,0.909960687160492,0.8551924824714661,0.3307570219039917,1.2117537260055542,0.0,0.8521443605422974,0.966291606426239,0.9349622130393982,-189.9682296926165,970.4966059997352,49.10490624352869,9,0.6500266394798154,7.025606448350555,13,0.6253535019026862,0.5560235049989488,7.43919837893219,1.0860412543913625,4.1558523,7.4594626,6.7694783,4.65363,9,1107.0827,0.3333333333333333,85.55666666666667,4.0500284194946286,-1.2111111111111112,0.1111111111111111,0.4444444444444444,0.3333333333333333,0.3333333333333333,0.2222222222222222,0.0,0.3333333333333333,-0.3333333333333333,0.1957074808359281,0.01431247338502,0.4530919447770382,0.0,0.2088047749741285
264,4k0u_RTFRQVQSSISDFYD,0.9,-226.73311718476867,1438.055139880052,-44.93664954179286,8,0.7349739369449737,6.626869715494292,23,94.654,81.92866666666667,3.2598000000000003,0.9827919602394104,0.983895480632782,0.9841713905334472,0.9847248196601868,0.2760658860206604,0.3060939908027649,0.0,0.9827919602394104,0.9823206663131714,0.9882438778877258,-136.54000730608166,1331.806577176891,-39.20673174641861,5,0.694891244520101,6.578586079062411,23,0.977295994758606,0.7829365173975626,1.4227048792802923,0.3192447997584487,0.2307717,0.1365815,0.2387383,0.30108276,15,1848.9651,0.2,100.00066666666666,6.135791969299316,-0.8733333333333334,0.0,0.3333333333333333,0.4,0.3333333333333333,0.4,0.1333333333333333,0.1333333333333333,0.0,0.6554944485131589,0.8216248828148739,0.9667139844292404,0.4133719373593995,0.8536020089738007
265,2rqu_CIISAMPTKSSRKAKKPAQ,0.34,14.1547695429205,1070.4338021460612,-11.065939135541193,12,0.6974745370026569,6.3391234783302215,17,47.69421052631578,33.0578947368421,16.4244605263158,0.7362399101257324,0.8543939590454102,0.8839324116706848,0.8520625829696655,0.392210453748703,1.0622615814208984,0.0,0.7362399101257324,0.9671072363853456,0.7332436442375183,-25.10706246741755,1072.9521881443868,51.88107288810328,9,0.757804958035524,7.041291280588061,17,0.7392504027015284,0.3793212896899173,6.100880764209126,1.0309009757088987,2.7885327,4.055043,6.033028,8.240691,19,2045.4734,0.0,59.04210526315789,10.479351997375485,-0.5842105263157894,0.4210526315789473,0.2631578947368421,0.1578947368421052,0.3157894736842105,0.3157894736842105,0.2631578947368421,0.0,0.2631578947368421,0.2988534427920754,0.0399671011594075,0.4868302865347602,0.0146118521147657,0.2374217221831061
266,3obu_PEPTAPPEE,0.89,-307.9775421405651,1162.5303587309168,-32.36739638453071,3,0.6123013361033317,6.343858395625984,17,89.16666666666666,89.16666666666666,6.765084621044891,0.96921306848526,0.977169930934906,0.9791591167449952,0.9741589426994324,0.282656729221344,0.4153403341770172,0.0,0.96921306848526,0.975296437740326,0.9738208055496216,-228.40785628866183,1131.9723119429968,-10.975727857224967,3,0.6712287927993859,6.290664089721417,17,0.9375493460231356,0.9375493460231356,4.373723321096085,0.4627852100190913,0.23175833,0.47277278,0.50013554,0.89070565,9,965.9999,0.0,147.93333333333337,4.0500284194946286,-1.7555555555555555,0.4444444444444444,0.4444444444444444,0.1111111111111111,0.1111111111111111,0.1111111111111111,0.0,0.3333333333333333,-0.3333333333333333,0.1570594311722553,0.7009001077038861,0.9157514514194678,0.3465520123808862,0.7308365546806823
267,5l7e_KSLLQQLLTE,0.93,-630.2864420254784,1037.0914897800767,-44.65499485565943,0,0.5753438504695244,7.004408713892164,14,92.475,83.981,5.927565217391291,0.9771150946617126,0.9723291397094728,0.9711326956748962,0.9744787216186525,0.3021303415298462,0.4052651226520538,0.0,0.9771150946617126,0.9755443334579468,0.9896454215049744,-525.1771279077124,1059.6206884570097,-24.22172202852312,1,0.5683296278694578,7.008226373651997,14,0.9542717456817628,0.7699474632740021,3.882138653623728,0.4830344815263635,0.150041,0.49999505,0.4144305,0.3713668,10,1172.3716000000002,0.0,80.12,6.217469596862792,-0.0700000000000001,0.6,0.1,0.5,0.4,0.4,0.1,0.1,0.0,0.4875466167151874,0.769149874181833,0.9080763811106664,0.3125065055547906,0.6666418330604786
268,5b78_ARTKQTARKSTGGAPRKQLAT,0.85,-135.56874402885347,1850.8833830947071,-63.0073592222231,10,0.6592282249099658,6.198884731228573,31,89.39,76.61,4.753119047619052,0.9180966019630432,0.9231311082839966,0.924389660358429,0.8940413594245911,0.3407010734081268,0.5876241326332092,0.0,0.9180966019630432,0.9553802013397216,0.9217761158943176,-1.7977938803719855,2055.170588297912,13.128200136219604,10,0.6285752609438107,6.13932382960231,29,0.7913843932605925,0.5815864233743577,3.590233686100058,0.7173394933748407,0.2971864,6.205926,4.9673853,5.789059,21,2227.5276,0.0,35.4095238095238,11.999967765808105,-1.2952380952380949,0.3809523809523809,0.1904761904761904,0.238095238095238,0.238095238095238,0.3333333333333333,0.2857142857142857,0.0,0.2857142857142857,0.1530678109384351,0.7705185301619772,0.8900910913230858,0.247395470875723,0.5095062465587261
269,3ama_TTYADFIASGRTGRRNAIHD,0.93,-750.3857469297853,2073.5023864790824,-56.91145139643277,10,0.6806402555479807,6.758019412457361,34,86.898,73.11699999999999,5.912038674033146,0.9608119130134584,0.9412466883659364,0.9363553524017334,0.9328736066818236,0.4171515107154846,1.1758569478988647,0.0,0.9608119130134584,0.9497190117836,0.9526670575141908,-352.4907260835846,2032.920029496806,-35.99143285914772,9,0.6247203861742967,6.634063029010542,30,0.9160617649555206,0.7739407271146774,6.14163482322548,1.0647292621763045,0.32572386,0.7576522,0.7108142,0.62723964,20,2222.3766,0.1,50.06,8.43563976287842,-0.75,0.15,0.3,0.35,0.35,0.25,0.2,0.1,0.1,0.2883373133912657,0.7432540896848462,0.8273594608539157,0.2179882008118573,0.4703862572809272
270,3uvl_GSARAEPKM,0.94,-683.4637737376373,1160.919427588345,-42.825191005242345,6,0.8376964638647835,6.333542508376848,28,91.02111111111113,82.49333333333334,6.391794871794866,0.9665577411651612,0.978177845478058,0.9810829162597656,0.9825848937034608,0.3114945292472839,0.6612619161605835,0.0,0.9665577411651612,0.980202853679657,0.9733200073242188,-520.8297977232817,1189.2366655421763,-23.066957549150857,8,0.7551484315505858,6.390946976512694,27,0.9528149763743082,0.8609248730871413,5.419556701210914,0.590508988801061,0.25786978,0.24894682,0.49249628,0.58771676,9,946.0829,0.0,66.51111111111112,8.74786014556885,-1.0222222222222224,0.5555555555555556,0.3333333333333333,0.0,0.3333333333333333,0.1111111111111111,0.2222222222222222,0.1111111111111111,0.1111111111111111,0.3248781100067381,0.8764362755942368,0.9057262717108422,0.3393461439138502,0.5877147627791177
271,4rme_KHKILHRLLQD,0.9,-422.166034511241,1203.8572964431517,-48.368601094587405,4,0.4394599050902814,7.262452204962104,18,89.42636363636365,89.42636363636365,6.565208080808071,0.9551771879196168,0.9471440315246582,0.9451357126235962,0.9427945017814636,0.4666187763214111,1.0558525323867798,0.0,0.9551771879196168,0.9097406268119812,0.9760707020759584,-319.350801979204,1188.8822861338324,-43.49005734330041,2,0.4908931199892006,7.254603219309051,18,0.8875050002878363,0.7987162199887362,6.689414591355757,1.254494599224341,1.9530426,1.3922728,3.9443057,6.239267,11,1400.6712,0.0,87.55454545454546,9.994485282897951,-0.890909090909091,0.4545454545454545,0.0909090909090909,0.3636363636363636,0.3636363636363636,0.0909090909090909,0.4545454545454545,0.0909090909090909,0.3636363636363636,0.4295813480562456,0.654864286818312,0.8161875692810078,0.2048168220296084,0.4790292834095881
272,4qk4_PSLLKKLLLAPA,0.91,-577.5085700700067,1069.2653003333417,-41.08963112440574,0,0.4479009679842801,7.442599152385031,15,88.4875,80.6125,7.396292317708344,0.9606404900550842,0.9684864282608032,0.9704478979110718,0.9749725461006165,0.3669736087322235,0.7494072914123535,0.0,0.9606404900550842,0.960433542728424,0.9754504561424256,-396.2550359427685,1022.628070381102,-27.38613173268294,0,0.558568020920434,7.448108432687166,15,0.9263445188601812,0.7766508410374323,5.923048318790582,0.8698732855749162,0.31434697,0.26251483,0.42658213,0.6012111,12,1263.6114,0.0,43.16666666666667,10.01866092681885,0.9,0.75,0.25,0.4166666666666667,0.5833333333333334,0.0833333333333333,0.1666666666666666,0.0,0.1666666666666666,0.2653120861478626,0.7595838337744635,0.8859761902484277,0.2653295284401204,0.5615041520404717
273,2ktf_GHMFPSDIDPQVFYELPEAVQKELLAEWKRTG,0.62,-170.3858797287222,1224.433960379294,-30.59838424257535,0,0.5447407951254408,6.6686149435773885,17,75.48937500000001,41.8321875,7.602673611111106,0.8684887290000916,0.8982101678848267,0.9056405425071716,0.8887045979499817,0.3743237853050232,0.8526962995529175,0.0,0.8684887290000916,0.9474751353263856,0.9260998964309692,-200.48785797720612,1218.941269596928,-1.48989313212374,2,0.5777347960514282,6.529092001563158,15,0.8551365081220865,0.4142510667443275,4.018490550815369,0.7465011524726395,8.61373,1.7480419,10.781893,2.6592915,32,3732.1784,0.125,47.5065625,4.642631721496582,-0.5437500000000001,0.375,0.25,0.34375,0.40625,0.125,0.125,0.1875,-0.0625,0.122463785294447,0.3942068900772988,0.7419669470523862,0.1560997229624714,0.485617645281319
274,3m54_SKSKDRKY,0.93,-511.019020453486,1376.0793048716987,-40.795303628402735,8,0.8260811085509764,6.361411485635508,26,87.03125,87.03125,6.344802371541511,0.9500918984413148,0.964475154876709,0.968070924282074,0.961125373840332,0.3576142787933349,0.992233157157898,0.0,0.9500918984413148,0.9630250334739684,0.9480557441711426,-349.5989084832154,1274.6246574175375,-34.98278912637085,10,0.7471278192414075,6.567414346176475,23,0.9120047315955162,0.8018682524561882,7.112940424412725,0.9204774874855172,2.7519975,0.6078994,1.6950845,0.3747211,8,1011.1331,0.125,-0.675,9.996096992492678,-2.825,0.375,0.375,0.125,0.125,0.25,0.5,0.125,0.375,0.0672450622710355,0.767930611260873,0.8453208829996324,0.3527341296057029,0.5393098944048352
275,3c3o_DEEALKQLAEWVS,0.94,-808.2591624899098,1115.2476051800445,-39.313196866723615,2,0.5746188683294992,7.015493001393264,17,89.90846153846155,69.03846153846153,6.243981288981288,0.9653555154800416,0.9642764925956726,0.9640067219734192,0.9659295082092284,0.3506102561950683,0.9255144596099854,0.0,0.9653555154800416,0.9616580605506896,0.9852392673492432,-455.65075015141946,1075.8847368957008,-30.24450895290232,1,0.579308377693931,6.885245431209165,17,0.9373540786596444,0.5726247704946078,6.367626513500471,0.9343902259693324,0.2808918,0.31005365,0.49794993,0.50342065,13,1517.6354,0.0769230769230769,27.869230769230768,4.0500284194946286,-0.5923076923076922,0.6153846153846154,0.1538461538461538,0.3076923076923077,0.4615384615384615,0.1538461538461538,0.0769230769230769,0.3076923076923077,-0.2307692307692307,0.5339683391274932,0.706338465049772,0.8044034853402595,0.2676920685669509,0.4503197792593785
276,6a6w_GPLSDNEEFENVVKNGH,0.86,-303.1262126975993,1152.4069448631212,-36.68164262792294,2,0.735606555910723,6.271247438408786,18,83.63235294117646,72.94882352941175,7.556582817337444,0.9565799236297609,0.9694452285766602,0.972661554813385,0.973845362663269,0.28328937292099,0.371319055557251,0.0,0.9565799236297609,0.9792499542236328,0.9703401923179626,-163.4879210862337,1217.3667266300056,33.11649392463096,1,0.6509108698235059,6.502663059974131,17,0.9406470936887404,0.7314726114273071,3.225649122736956,0.4752563196277655,3.2107506,0.39424747,2.7718773,1.3120978,17,1884.9526,0.0588235294117647,18.052941176470583,4.396973609924316,-1.1647058823529413,0.2941176470588235,0.4705882352941176,0.2352941176470588,0.2352941176470588,0.2352941176470588,0.1176470588235294,0.2352941176470588,-0.1176470588235294,0.249759160399582,0.8298019788843547,0.9444423335251152,0.2832317356728082,0.6549249973554464
277,2kwv_LPLQALPEGVDQEVFKQLPADIQEEILSGKSRENLK,0.68,-135.6150509218158,1648.6793641015872,-48.961089221284624,9,0.6387057368132077,6.325714744903178,17,71.99027777777778,42.4675,9.007881944444453,0.8675692677497864,0.8820951581001282,0.8857266306877136,0.8387713432312012,0.4044908583164215,1.0041977167129517,0.0,0.8675692677497864,0.9525542855262756,0.906997799873352,-167.75276421952356,1755.8938230408778,15.580758829217215,9,0.5947763987172697,6.383110390346035,17,0.7892159057988061,0.3860321309831407,4.030006568191484,0.8435247780991688,1.05229,1.6995125,1.8942893,2.2882352,36,4033.537299999999,0.0277777777777777,71.95277777777775,4.494964027404785,-0.5222222222222221,0.4444444444444444,0.2777777777777778,0.3055555555555556,0.3611111111111111,0.1944444444444444,0.1111111111111111,0.1944444444444444,-0.0833333333333333,0.0760441656525167,0.5161972006221129,0.7884953885933383,0.2532335152299343,0.5486810781276588
278,3mo8_PATGGVKPHRY,0.47,-212.44549170674068,1213.6581036520088,-26.137004970396703,2,0.6188811297678745,5.95362097686346,10,46.08363636363636,46.08363636363636,17.81295125164688,0.6303191184997559,0.9008063673973083,0.9684281349182128,0.9576784372329712,0.5485457181930542,2.9829015731811523,0.0,0.6303191184997559,0.9496555924415588,0.7489035129547119,81.14525205612291,1381.092154222069,215.23143717448096,16,0.661027474807049,6.67151358199941,12,0.8965658166191794,0.8152397545901212,11.777802016070709,2.619086628806764,4.750231,6.316583,7.8461204,11.663421,11,1182.3315999999998,0.0909090909090909,13.772727272727272,10.010280036926268,-1.054545454545455,0.1818181818181818,0.3636363636363636,0.2727272727272727,0.2727272727272727,0.0909090909090909,0.2727272727272727,0.0,0.2727272727272727,0.2924903658610258,0.0338694701547263,0.1044586232960564,0.0143034817659384,0.0363596340462726
279,2c3i_KRRRHPSG,0.92,-633.3591269541904,1200.7041923735176,-36.025119898215394,5,0.6013585450387637,6.758607732259037,21,84.89750000000001,84.89750000000001,7.183517335766426,0.9872846603393556,0.981606900691986,0.9801874160766602,0.9750722646713256,0.2796457409858703,0.4253131449222564,0.0,0.9872846603393556,0.9830798506736756,0.9889526963233948,-559.966871358955,1138.4344516761478,-20.247121769774253,9,0.6806678654862084,6.698413938117685,20,0.9535167440772055,0.9535167440772055,3.4802950470416,0.419922883969045,10.275461,0.19852124,7.084097,0.66442025,8,993.1278,0.0,237.25,11.999967765808105,-2.925,0.125,0.375,0.0,0.0,0.125,0.625,0.0,0.625,0.1134544723419204,0.7159625049524779,0.9488842886042516,0.2699558413748899,0.7874069485567919
280,6qtx_GFGVVPSF,0.91,-615.9792623254065,1035.5130915747618,-36.49713817436111,5,0.7398524815823293,6.650910416005658,29,77.58625,77.58625,8.399895498392281,0.946222722530365,0.9640874862670898,0.9685537219047546,0.9611567854881288,0.3649613857269287,1.005674958229065,0.0,0.946222722530365,0.9661071300506592,0.9628662467002868,-216.80023142691545,1117.930657175531,39.65679878964073,9,0.7439972452743777,6.702385821710156,23,0.9252984970808028,0.9252984970808028,7.659753169481107,0.90129257664324,8.066004,0.4721797,5.812477,0.95328784,8,808.9200000000001,0.25,56.900000000000006,5.525000190734862,1.35,0.0,0.5,0.5,0.5,0.125,0.0,0.0,0.0,0.5283780642035021,0.636350743223177,0.8353548414225969,0.2103496437378199,0.4164170312550401
281,2xrw_RPSRDHLYLPLE,0.9,-675.716839232992,1313.5142389508533,-42.15815222223671,2,0.5425653548964335,6.754676487293208,18,86.07249999999999,78.67666666666666,8.662520775623278,0.9686694145202636,0.9390850067138672,0.9316889643669128,0.9344916343688964,0.3434811532497406,0.7214494943618774,0.0,0.9686694145202636,0.9555849432945251,0.9614954590797424,-272.9668148387772,1365.3927702170206,-4.919185381095417,6,0.6446049804425434,6.201743093281143,17,0.8823171059290568,0.807350272933642,7.17558626567778,0.826073071020737,0.25558108,0.61163646,1.9416974,3.138493,12,1495.6811,0.0833333333333333,73.36666666666667,6.766932106018066,-1.0916666666666666,0.3333333333333333,0.3333333333333333,0.3333333333333333,0.3333333333333333,0.0833333333333333,0.25,0.1666666666666666,0.0833333333333333,0.3079886513181293,0.5904184055854992,0.8270719563563568,0.1260421861795502,0.5401668148161086
282,6e3i_QRVVHIAAGLRRTGDQLEAYG,0.93,-402.1560332791423,1940.272678028096,-73.05288426046968,2,0.7126303815416591,6.474489312775242,32,94.85714285714286,90.75619047619048,3.92162124965593,0.9761533141136168,0.9715194702148438,0.970361053943634,0.9787755012512208,0.3783839643001556,0.549741804599762,0.0,0.9761533141136168,0.9663050770759584,0.983071744441986,-316.7395096761095,1897.7866322530265,-58.88267574893689,6,0.6988789489192648,6.5479170116169945,28,0.96835119951339,0.744378285748618,2.941161904991608,0.5764622595186835,0.19534172,0.21664277,0.25788325,0.29826784,21,2310.5710000000004,0.0476190476190476,58.80952380952381,8.750374412536619,-0.380952380952381,0.2857142857142857,0.1904761904761904,0.3333333333333333,0.4285714285714285,0.1428571428571428,0.1904761904761904,0.0952380952380952,0.0952380952380952,0.3951430850437426,0.8644152382245993,0.923910367313266,0.4184733632462511,0.7459206512888731
283,4zsh_KHKILHRLLQD,0.89,-294.7985396674047,1174.015765490817,-49.44885450088725,3,0.4865459938680376,7.286766544408455,18,87.39,87.39,8.20816558441558,0.9544875621795654,0.9638875126838684,0.966237485408783,0.948685586452484,0.4351085424423218,1.0788531303405762,0.0,0.9544875621795654,0.9174829721450806,0.9731953740119934,-424.38776031479387,1182.0122668330005,-41.252031968349456,1,0.4993626824752775,7.255506282090968,18,0.8836282383311879,0.7955672470006075,7.09469464147923,1.2045246538427936,0.24670918,1.8037332,2.9554603,4.374426,11,1400.6712,0.0,87.55454545454546,9.994485282897951,-0.890909090909091,0.4545454545454545,0.0909090909090909,0.3636363636363636,0.3636363636363636,0.0909090909090909,0.4545454545454545,0.0909090909090909,0.3636363636363636,0.4295813480562456,0.5872011641587987,0.8185659141827166,0.1633007449818188,0.4874041210831752
284,5kxh_DQCASNPCQNGGTCQDHLKSYVCFCLLDFEGRNCEKSK,0.93,-756.1934939207641,2145.669633382889,-40.19651378433298,15,0.6947886785994895,6.534061983262372,33,90.57447368421052,61.99552631578947,4.84717986977755,0.94067645072937,0.9472267031669616,0.9488643407821656,0.9252563118934632,0.4615255296230316,1.7039200067520142,0.0,0.94067645072937,0.9426738023757936,0.978053629398346,-460.80545110492335,2237.316624180506,12.946115648007606,20,0.6282072590306047,6.56093614990694,29,0.9192980245540016,0.5792358627444819,5.413470910519474,1.1735499940966208,7.7909226,0.5000396,4.5953465,1.4422029,38,4242.7076,0.0789473684210526,6.507894736842106,5.516019630432127,-0.7131578947368421,0.2368421052631578,0.3421052631578947,0.2105263157894736,0.2105263157894736,0.4210526315789473,0.131578947368421,0.131578947368421,0.0,0.1906234153107181,0.8026903801666256,0.7646172815486842,0.4660873207670757,0.4976553889559209
285,4zdu_SQGTKRSYEQME,0.94,-935.1314880686498,1446.9306433326717,-46.38590534776233,5,0.6541772720697501,6.426329385835246,25,89.135,89.135,7.294166666666691,0.9774762392044068,0.9612110257148744,0.9571447372436525,0.9632129073143004,0.3086990416049957,0.6561211943626404,0.0,0.9774762392044068,0.9589484930038452,0.9798955917358398,-824.4387326858548,1555.3849609015217,-21.71781128347164,9,0.5848950756837595,6.561599198919582,24,0.934878945350647,0.8541584759950638,5.889371209687951,0.7586363703708783,11.345335,0.5613478,6.1610765,0.9716863,12,1443.5386999999998,0.0833333333333333,91.69166666666668,6.005971717834471,-2.041666666666667,0.3333333333333333,0.25,0.1666666666666666,0.1666666666666666,0.4166666666666666,0.1666666666666666,0.1666666666666666,0.0,0.4768173616537554,0.7094818220974335,0.8734411345434366,0.2329771972817335,0.6025566513376536
286,2n1g_KGNMMSNFFGKAAMNK,0.74,-192.9265406183612,954.8820372393152,-35.41487271197175,3,0.6356203028372382,6.59408716654674,17,67.87249999999999,43.764375,12.246249999999996,0.8639113306999207,0.9320847392082214,0.9491280913352966,0.9486019611358644,0.5100719332695007,1.0928175449371338,0.0,0.8639113306999207,0.9358190894126892,0.8478397130966187,-164.7996358698877,896.6945673632274,-34.04711972648576,9,0.6621537960926002,6.546025213533238,14,0.8568299226462841,0.5103092305362225,7.523463710380549,1.223758458955721,12.768615,2.051983,8.96357,7.2004237,16,1776.1112999999998,0.125,24.525,10.302063941955566,-0.5562500000000001,0.5,0.375,0.125,0.4375,0.25,0.1875,0.0,0.1875,0.2208649166594541,0.642332879866948,0.7408367435406455,0.2018852283244767,0.3341373554678004
287,5yip_PEDDWTEFSSEEIREARQAAASH,0.84,-314.6129504216857,1904.084804120716,-62.17239757015457,10,0.697364917962248,6.085437282796922,25,86.31086956521739,65.88,6.747799285288868,0.9373594522476196,0.9321999549865724,0.9309101104736328,0.9168594479560852,0.3159929811954498,0.4879970252513885,0.0,0.9373594522476196,0.9735048413276672,0.9370766878128052,-252.2667203977933,2239.6466232178814,-7.307019546822914,12,0.6826601438709958,6.306210543442649,25,0.8673590680827266,0.6994187158087025,4.000296912151053,0.6462350736919651,0.53212655,1.7784764,2.3907247,3.7054949,23,2661.7038999999986,0.0869565217391304,75.00434782608696,4.24697551727295,-1.3608695652173914,0.3913043478260869,0.2608695652173913,0.1739130434782608,0.3043478260869565,0.217391304347826,0.1304347826086956,0.3043478260869565,-0.1739130434782609,0.2624452344137264,0.741918062853876,0.9129576658471072,0.3154281100042994,0.6212097560620918
288,1pjm_CGKRSAEGSNPPKPLKKLRG,0.92,-930.2970868709864,2897.6211137250834,-65.64892827076244,28,0.6251444966063711,6.676910880139316,51,85.724,85.724,7.805295302013428,0.891049325466156,0.961088001728058,0.9785977005958556,0.9745368361473083,0.3574826717376709,2.4066314697265625,0.0,0.891049325466156,0.9716070890426636,0.8665387034416199,-256.37620279342616,2718.727037360956,-14.05264438481035,30,0.6060640261129946,6.723409351539976,49,0.9035403013229372,0.7851012200117111,9.975490681683723,2.0088127388283445,6.4130044,0.6336092,3.601515,0.7469632,20,2123.4826000000003,0.0,44.84000000000001,10.464266395568847,-1.3649999999999998,0.4,0.4499999999999999,0.1,0.15,0.2,0.3,0.05,0.25,0.1763499661654426,0.6982581157974764,0.6845997200683116,0.1826369775225739,0.1113052325998891
289,4fmq_LSSLAASSLAKRRQQ,0.93,-763.9477017230445,1293.1165759827957,-47.6318236402276,7,0.6917869876575471,6.351848527802156,21,88.71999999999998,65.39933333333333,6.763185388127841,0.9038541316986084,0.9124801754951476,0.914636731147766,0.9162008166313172,0.3394894301891327,1.4365792274475098,0.0,0.9038541316986084,0.975512683391571,0.9403738379478456,-492.4601161300002,1278.3240030009326,73.40374651626053,5,0.6371371410621,6.509435603686196,21,0.8448421756426493,0.7283511360486349,8.578896970204566,1.3388045347498976,0.3509093,0.7573806,1.1288195,2.3425653,15,1615.8331000000005,0.0,120.61333333333332,11.999967765808105,-0.42,0.4666666666666667,0.2666666666666666,0.2,0.4,0.4,0.2,0.0,0.2,0.1651909031770621,0.6456876143495935,0.6188192972724358,0.239338472954514,0.1702521072532865
290,1ckb_PPPVPPRR,0.73,-145.17950259364972,967.9611545598344,-25.46683444706628,3,0.7127321351397758,6.938907760664955,14,85.70124999999999,85.70124999999999,5.4697307692307655,0.957764744758606,0.9806680679321288,0.9863938689231871,0.9835588932037354,0.2659687995910644,0.3445858061313629,0.0,0.957764744758606,0.9772980213165284,0.9662699103355408,-131.20796471325104,953.1017858882432,-10.85868597408944,2,0.6943089440598077,6.861923580007244,14,0.9733661860227584,0.9733661860227584,2.057483886583493,0.3498798107871642,0.24358311,0.15182298,0.3963567,0.5450943,8,915.0937,0.0,191.3,11.999967765808105,-1.6,0.0,0.625,0.125,0.125,0.0,0.25,0.0,0.25,0.0623405966770749,0.4407374863271791,0.8906457271338148,0.2655959566658989,0.8130178590849476
291,4n7h_EAPPSYAEV,0.6,-66.61253522005941,796.8388974855166,-25.330785330388352,0,0.701339072927384,6.171360564337911,14,85.44222222222221,66.23444444444445,4.55119047619048,0.9471153020858764,0.9697484970092772,0.9754067659378052,0.9776663780212402,0.2575768232345581,0.2758385241031647,0.0,0.9471153020858764,0.967706263065338,0.9560559988021852,-63.66817185905156,762.0372261262222,-17.17622961881922,1,0.728879818046259,6.226048548830637,14,0.9538121355904472,0.7407386700312296,1.2248278309901557,0.286589232150209,0.3585724,0.29575056,0.8029097,1.1352854,9,962.0110000000002,0.1111111111111111,99.40000000000002,4.0500284194946286,-0.4999999999999999,0.4444444444444444,0.3333333333333333,0.2222222222222222,0.4444444444444444,0.1111111111111111,0.0,0.2222222222222222,-0.2222222222222222,0.4332648551501714,0.27110470384738,0.8660488308208898,0.2669924382991108,0.8240281713307287
292,2vwf_IQPPPVNRNLKPDR,0.73,-136.95804666395782,1211.6304189121363,-32.60463650986499,3,0.6695137257668702,6.898148880083134,14,85.83785714285713,85.83785714285713,5.740959183673473,0.9459314942359924,0.9666175842285156,0.9717891216278076,0.9732282161712646,0.268604576587677,0.3069095313549042,0.0,0.9459314942359924,0.9736270308494568,0.948296844959259,-63.351934988160046,1088.8280210583018,-16.951945414257615,0,0.7841503027735146,6.705956136739167,14,0.9454960014138905,0.8756935894489288,2.166856105899324,0.3676200719816344,0.28943717,0.42287117,0.47748864,0.68212163,14,1643.8877999999995,0.0,50.90714285714286,10.835024070739744,-1.4857142857142855,0.1428571428571428,0.5,0.2142857142857142,0.2142857142857142,0.2142857142857142,0.2142857142857142,0.0714285714285714,0.1428571428571428,0.1111892647706439,0.4284619075080063,0.9004178723209482,0.2513952143870648,0.7535039417516581
293,5uul_QWAREIGAQLRRMADDLNAQYER,0.91,-413.42303372835534,2003.2599895156216,-69.62434757676698,6,0.708185504052433,6.4474097440699545,33,92.27869565217392,72.33652173913042,4.405103105590057,0.9534563422203064,0.9581980109214784,0.9593833684921264,0.9606285691261292,0.403300940990448,0.7302245497703552,0.0,0.9534563422203064,0.9598138928413392,0.9699743390083312,-255.58295157027945,2162.7858524036496,10.400292112630638,8,0.7570475203110848,6.3266289286812185,27,0.9351302437160326,0.7366446386212888,3.5269475202975067,0.68205452603583,0.26289958,0.5524349,0.7066924,0.90760845,23,2791.0659,0.0869565217391304,36.10869565217392,6.215139198303221,-1.191304347826087,0.391304347826087,0.1739130434782608,0.217391304347826,0.4347826086956521,0.1739130434782608,0.1739130434782608,0.1739130434782608,0.0,0.4649649436553613,0.8170811313438734,0.8643784023944066,0.3588931925575079,0.5810263324686563
294,5klt_FPAKKMKV,0.45,-847.163576442492,809.8563697768557,-5.33256633762926,8,0.57709778205924,6.934954102945342,17,27.70875,24.49,25.088856566820297,0.9682999849319458,0.9810711741447448,0.9842639565467834,0.9797989726066588,0.2772127091884613,0.9673064351081848,0.0,0.9682999849319458,0.9739739298820496,0.9813653230667114,-794.0758820516,1506.581723048425,-11.924486658765204,14,0.6618580345769217,6.430461681403953,28,0.931714378297329,0.931714378297329,5.922858259919602,0.876269371939763,25.325512,0.4793551,15.551386,5.6496572,8,948.2261,0.125,87.03750000000001,10.302063941955566,-0.3249999999999999,0.625,0.125,0.25,0.5,0.0,0.375,0.0,0.375,0.0852253978079246,0.0139577485965149,0.8400558512593463,0.0,0.4705860674042482
295,5inb_RKRVTFGEDLSPEVFDESLPANTPLRKGGTPVC,0.96,-707.155751862581,2879.6767941518942,-96.8466555060802,6,0.7314690087371716,5.963889107997769,38,96.78454545454548,96.78454545454548,3.954960959286111,0.885321319103241,0.9543733596801758,0.9716363549232484,0.956348180770874,0.3422748744487762,1.235636830329895,0.0,0.885321319103241,0.9870020151138306,0.8801214694976807,-675.8420386586109,2814.8413806689978,-62.11539038967351,12,0.7355865933952486,5.829417254979257,35,0.8596662698370038,0.6878883224545103,8.474995495085603,1.2633827129168722,0.14298114,5.5167007,4.7598553,9.604292,33,3617.0516000000016,0.0606060606060606,71.8181818181818,6.272944450378417,-0.5969696969696968,0.2727272727272727,0.3636363636363636,0.3333333333333333,0.2727272727272727,0.2121212121212121,0.1515151515151515,0.1515151515151515,0.0,0.3643865910084205,0.8924031009636423,0.8554486631717929,0.5499146732249488,0.4376219842682432
296,4k4j_KHKILHRLLQD,0.9,-359.1651086547154,1219.9919345355718,-48.572743575757954,3,0.5438612113944491,7.211697152827968,18,88.83454545454546,88.83454545454546,6.62083232323231,0.9560102224349976,0.9403557181358336,0.9364420771598816,0.9368704557418824,0.4769990444183349,1.0205568075180054,0.0,0.9560102224349976,0.9092580080032348,0.9764760732650756,-330.7054854082794,1179.6512552340728,-44.7949879909267,2,0.5429105359258029,7.24788156660528,18,0.8813239119269631,0.7927881370891224,6.710702084074117,1.2388835886632554,1.8726637,2.1039486,3.5100763,6.9639335,11,1400.6712,0.0,87.55454545454546,9.994485282897951,-0.890909090909091,0.4545454545454545,0.0909090909090909,0.3636363636363636,0.3636363636363636,0.0909090909090909,0.4545454545454545,0.0909090909090909,0.3636363636363636,0.4295813480562456,0.6501585348567996,0.8211465032762326,0.2036841222251257,0.4858267164646184
297,2y9q_MKLSPPSKSRLARRRAL,0.95,-816.3607920463855,1532.394475581796,-49.13286111795537,13,0.6207944171027492,6.553922826567735,27,92.46294117647058,76.7570588235294,5.669698669658602,0.9591126441955566,0.9425510764122008,0.9384106397628784,0.944839596748352,0.3150785863399505,0.7543206214904785,0.0,0.9591126441955566,0.975811004638672,0.9570167064666748,-527.7728277410149,1454.9028419346482,14.533405272974392,9,0.5600044981754543,6.471873792594052,27,0.911810222794028,0.7055829553043141,5.2381635875747,0.8088162247904181,0.33657748,0.47973356,0.5903956,0.6591359,17,1967.3896,0.0,131.64117647058825,11.999967765808105,-0.852941176470588,0.4705882352941176,0.2941176470588235,0.1764705882352941,0.3529411764705882,0.1764705882352941,0.3529411764705882,0.0,0.3529411764705882,0.0827098936989903,0.7287453330579535,0.8169628773532931,0.287508901849448,0.4554072144511842
298,6o7g_KGGARHR,0.59,44.41113141403617,1023.600350643784,-23.67161026388552,2,0.6390313785802656,5.816234236338298,13,59.10714285714285,59.10714285714285,10.617867803837957,0.9098028540611268,0.9126221537590028,0.9133270382881165,0.9285364747047424,0.3389536440372467,0.6201375126838684,0.0,0.9098028540611268,0.9314448833465576,0.9266168475151062,41.09349850612509,998.6557559084306,23.32700966418692,8,0.5545515194630257,5.72009504582965,14,0.8566385507583618,0.8566385507583618,3.7122841194621534,0.6386228501161278,3.9065812,2.550324,3.5066056,2.238749,7,780.8788,0.0,29.45714285714286,11.999967765808105,-2.157142857142857,0.2857142857142857,0.2857142857142857,0.0,0.1428571428571428,0.0,0.5714285714285714,0.0,0.5714285714285714,0.1684157876105709,0.1150975849627032,0.6050516685368902,0.0981201860446642,0.541337639424899
299,1ka7_RKSLTIYAQVQK,0.84,-202.85980847588763,1612.8338307092224,-60.245332017091386,11,0.572152677872098,5.7979300056449565,29,88.15083333333335,82.52083333333333,6.552570028011203,0.8392799496650696,0.922784149646759,0.9436601996421814,0.9570986032485962,0.4407162070274353,1.3000373840332031,0.0,0.8392799496650696,0.9417043924331664,0.8659643530845642,-116.68016804052576,1711.9554461316195,-6.890490179811849,13,0.6299309258521809,5.924643562248618,24,0.923025538523992,0.923025538523992,6.889874775432238,1.1660628830100976,0.47212964,0.5121826,1.0863454,1.4982836,12,1434.6824999999994,0.0833333333333333,22.616666666666667,10.289686012268067,-0.65,0.3333333333333333,0.0833333333333333,0.4166666666666666,0.4166666666666666,0.3333333333333333,0.25,0.0,0.25,0.357037104299866,0.7749089482841682,0.5371535698448923,0.3712940007108015,0.2181925831507224
300,4yje_LTGCGDIIAE,0.43,-665.3719163072196,1056.3696365097535,-9.836741226231084,11,0.645238017248544,6.706443100218299,13,32.242,32.242,22.196924855491343,0.9711637496948242,0.9684959650039672,0.9678289890289308,0.9609004855155944,0.2796466648578644,0.705441951751709,0.0,0.9711637496948242,0.982617974281311,0.9741687178611756,-618.6999426553331,1662.2550392298276,29.2502952011763,6,0.5698387804236558,6.408917748025087,21,0.8719423651695252,0.8719423651695252,5.812399471081751,0.6976795737453968,11.158773,0.86135805,8.994808,6.891145,10,991.1168,0.0,0.5099999999999998,4.0851549148559565,0.86,0.3,0.3,0.4,0.4,0.2,0.0,0.2,-0.2,0.6383502667671355,0.0150564052080892,0.9079252679263112,0.0122319337512086,0.6072038517929272
301,2lty_ELESPPPPYSRYPMD,0.52,63.62431737483328,1037.3266903500748,-15.448822044108717,2,0.5655545401936456,6.5630755535093614,14,68.26533333333334,59.00866666666666,9.23039455782313,0.8802697658538818,0.8906314969062805,0.8932219743728638,0.9063763618469238,0.2990610301494598,0.3560404181480407,0.0,0.8802697658538818,0.9463828802108764,0.8789802193641663,58.53430311207835,1152.0033471698712,107.5378775244216,7,0.7273902000480034,6.379292963617384,13,0.8294751365979512,0.6867672284444173,2.843309913078944,0.5239552807645733,2.0080953,1.9690968,2.2045224,2.0516508,15,1777.9469999999997,0.1333333333333333,101.0,4.377818870544433,-1.4333333333333336,0.2666666666666666,0.5333333333333333,0.2,0.2666666666666666,0.1333333333333333,0.0666666666666666,0.2,-0.1333333333333333,0.314657707954473,0.2581993645023365,0.7712774006414475,0.1634315299556727,0.6469026209491825
302,3uvm_GAARAEVYLR,0.95,-700.0638173719587,1460.6214946775056,-43.98912303611826,13,0.7955452993306049,6.57606443593545,32,96.243,87.06800000000001,3.851503184713372,0.9531930685043336,0.979665458202362,0.9862836003303528,0.985065221786499,0.276514321565628,0.5806113481521606,0.0,0.9531930685043336,0.9866973757743835,0.9521692991256714,-517.9869532466555,1453.244468864497,32.86662507737026,14,0.7999561918260988,6.472212908234535,31,0.9630771040916444,0.8703137278556824,6.254413897064841,0.6318893277151569,3.6152015,0.21202955,2.22225,0.94183004,10,1105.2475,0.1,12.23,8.745474815368652,-0.0799999999999999,0.5,0.1,0.3,0.6,0.0,0.2,0.1,0.1,0.1695451008682316,0.911731802708542,0.848421722327412,0.3548247508040494,0.5040804334261677
303,6kbm_SRIPIRQPYHYSQPTTAPFQAQAKFH,0.91,-1083.956767612364,2833.4943039184964,-62.95538606643368,16,0.5695283555896727,6.574685329395875,53,86.11230769230771,79.33076923076925,7.668881915048922,0.7741213440895081,0.8984659314155579,0.9295520782470704,0.9035351872444152,0.5224314332008362,4.390848159790039,0.0,0.7741213440895081,0.9056985974311828,0.8001670837402344,-337.5786947542241,3689.727337625798,352.75770127786893,33,0.6322625875769609,6.486518941294127,46,0.7193666375600375,0.7193666375600375,13.885207091638806,3.9245978873600977,31.801096,3.7685914,23.394827,10.012768,26,3070.4205,0.1538461538461538,82.0076923076923,10.277372550964351,-0.973076923076923,0.1538461538461538,0.2307692307692307,0.3076923076923077,0.3461538461538462,0.3076923076923077,0.1923076923076923,0.0,0.1923076923076923,0.1045535939750572,0.7725091629331345,0.4786912913190282,0.1778276961018182,0.0354225405343956
304,2mwy_SQETFSDLWKLLPEN,0.81,-163.94110634700996,1282.7844284934806,-44.90585285684514,3,0.6633080383077575,6.513030215740459,22,87.2,71.26200000000001,6.330653846153845,0.926406741142273,0.9464876055717468,0.9515078663825988,0.9506466388702391,0.3404140472412109,0.5776456594467163,0.0,0.926406741142273,0.950071096420288,0.950283706188202,-155.52830436902303,1264.53749985607,-36.1220589994972,7,0.5293615407215623,6.630891788497983,19,0.9279849688212076,0.6262466112772623,3.824532268482905,0.6261699439050296,6.3808737,1.4310863,4.370897,2.4790983,15,1806.965,0.1333333333333333,77.79333333333332,4.136821556091308,-0.8,0.4,0.3333333333333333,0.4,0.3333333333333333,0.3333333333333333,0.0666666666666666,0.2,-0.1333333333333333,0.4859876014582154,0.7725330702418202,0.9002740766325574,0.3085612510932091,0.5879042592575411
305,4rey_SNPCIPFFYRADENDEVKITVI,0.91,-407.9216598449024,2451.475954624315,-87.07370825734006,13,0.6309069602190105,6.230124006310119,45,91.34636363636363,79.86636363636363,4.484213928273567,0.9339748024940492,0.9536895155906676,0.9586181640625,0.9456751346588136,0.3308670222759247,0.6485783457756042,0.0,0.9339748024940492,0.9533807635307312,0.9281027913093568,-266.8646388283697,2493.5516928847883,54.6030797442466,14,0.7056674221271101,6.085352483085956,40,0.8825665576891466,0.776483262127096,4.604456957445183,0.697970779353226,0.20785634,1.03625,1.2696073,0.9266076,22,2570.8693,0.1363636363636363,10.359545454545456,4.315978050231934,-0.1636363636363635,0.1818181818181818,0.3181818181818182,0.4090909090909091,0.4090909090909091,0.2272727272727273,0.0909090909090909,0.1818181818181818,-0.0909090909090909,0.2405966744231857,0.7808392537452267,0.9071402126771544,0.2722498169381725,0.4802177203764872
306,2kwu_AEEKLPFPPDIDPQVFYELPEEVQKELMAEWERAGA,0.62,-136.44417750327185,1261.5079806115148,-33.43254169744975,6,0.6549407356154932,6.474975765887739,18,73.67166666666668,41.91,8.673000992063482,0.8692607879638672,0.9021919369697572,0.9104246497154236,0.898583710193634,0.360509306192398,0.9032439589500428,0.0,0.8692607879638672,0.9567665457725524,0.9103475213050842,-199.65215032385217,1287.7752711812377,-4.853990729765229,7,0.640202175029741,6.581212057982657,15,0.8565506190061569,0.3995400236712562,4.337057961712754,0.8251290449000422,1.8149135,3.4204102,3.7478764,4.7305937,36,4202.648800000001,0.1111111111111111,62.06972222222223,4.0500284194946286,-0.7194444444444443,0.5,0.2222222222222222,0.2777777777777777,0.4166666666666666,0.0555555555555555,0.0833333333333333,0.2777777777777778,-0.1944444444444444,0.2327196867464418,0.3667390064671077,0.7466972730800222,0.2043074960480765,0.5647844610755227
307,4gxl_NPGLAYGNPYS,0.89,-346.9917380720876,1055.6400190692502,-35.449548318111624,4,0.7238360706244152,6.650564663749485,19,88.56818181818181,81.05090909090909,5.65325265643448,0.5984349846839905,0.8882806897163391,0.9607421159744264,0.9214255213737488,0.5709918141365051,4.206260681152344,0.0,0.5984349846839905,0.9601420164108276,0.8088030219078064,-261.99462006537533,1044.3575669517904,-11.714593220872077,4,0.6903652341402154,6.730954412057784,19,0.7530549006028608,0.6844514879313383,12.689663787377908,3.436929320782388,15.663417,13.223074,18.853691,0.35651666,11,1152.2126999999998,0.1818181818181818,-11.58181818181818,5.523579216003417,-0.7999999999999999,0.1818181818181818,0.6363636363636364,0.2727272727272727,0.3636363636363636,0.2727272727272727,0.0,0.0,0.0,0.1867263028691041,0.6171726454309697,0.0827235799037978,0.2844511967012426,0.0147390771285062
308,4ezq_PPRPIYN,0.77,-457.19897735394056,1223.5976606578895,-40.770568987272384,8,0.646065755483565,6.257670577898634,21,69.35,69.35,12.39462524023062,0.9523104429244996,0.9738965034484864,0.9792930483818054,0.9709759950637816,0.2951559126377105,0.7359204292297363,0.0,0.9523104429244996,0.9634278416633606,0.9694077372550964,-372.3752274316853,1127.5137481349843,59.6797974090066,10,0.676658154040108,6.377019865549618,18,0.9091163447925024,0.7901243312018258,5.843055925408974,0.7674478415607413,7.3764753,2.8660645,5.1245494,1.3667542,7,855.9799999999999,0.1428571428571428,52.82857142857144,9.177155113220216,-1.3714285714285717,0.0,0.5714285714285714,0.2857142857142857,0.2857142857142857,0.1428571428571428,0.1428571428571428,0.0,0.1428571428571428,0.5646888688211473,0.2547520386950278,0.7596461219080771,0.1000962230061178,0.5223887467427916
309,5oua_TTYADFIASGRTGRRNAI,0.93,-769.1158579132994,1782.674845458161,-48.94650405987306,12,0.5790449083450843,6.13382735716604,37,89.83333333333333,69.25388888888888,5.419884953072967,0.9690385460853576,0.9559957385063172,0.9527350664138794,0.9438366293907166,0.3627475500106811,1.242591381072998,0.0,0.9690385460853576,0.9649768471717834,0.969569206237793,-622.6869115674373,1710.4409347339465,-33.9474608016659,10,0.6294351711122557,6.463801932505271,29,0.9408857127030692,0.781275600194931,4.967820796083581,0.8231551995195838,0.23072164,0.238126,0.9492791,1.5124379,18,1970.1499000000003,0.1111111111111111,47.65555555555556,10.736580848693851,-0.4611111111111111,0.1666666666666666,0.2777777777777778,0.3888888888888888,0.3888888888888889,0.2777777777777778,0.1666666666666666,0.0555555555555555,0.1111111111111111,0.2394286910137644,0.727590711203294,0.8453819826148599,0.2150418109363721,0.5033151392016108
310,5jeo_EEFELLINS,0.88,-464.67954619690425,1076.2387517241566,-37.00515488399839,4,0.688926714797883,6.232782981739724,15,81.22999999999999,73.27888888888889,10.930164609053495,0.9608930349349976,0.9583727121353148,0.9577425718307496,0.95268052816391,0.3368839025497436,0.6014730930328369,0.0,0.9608930349349976,0.9746304154396056,0.9642863273620604,-374.5308767146347,1097.9327211482928,-18.997375260510296,5,0.560789648512866,6.417826657438201,15,0.9030531843503316,0.9030531843503316,7.695921787727245,0.7135848240133938,0.31181127,0.7496893,0.7566906,1.0051056,9,1093.1838,0.1111111111111111,45.11111111111112,4.0500284194946286,0.011111111111111,0.5555555555555556,0.2222222222222222,0.4444444444444444,0.4444444444444444,0.2222222222222222,0.0,0.3333333333333333,-0.3333333333333333,0.4360685348756125,0.6120777828735503,0.8753600101119303,0.2159027119413178,0.6059254168691006
311,3gbq_VPPPVPPRRR,0.61,-73.51469955650529,945.2503020143536,-19.19078084217809,8,0.688817214377238,6.836788127687993,15,76.47,76.47,7.432417910447764,0.9091233015060424,0.9542883038520812,0.9655795693397522,0.963096797466278,0.3268127739429474,0.5410839319229126,0.0,0.9091233015060424,0.9492829442024232,0.9269788265228271,-120.98575606719903,959.144705292084,-13.183795856119076,0,0.6541534932378953,6.9196144806024416,14,0.943561464548111,0.8571750342845916,3.076191037092636,0.5246350511686125,0.7051382,1.0177717,1.123452,1.0449713,10,1170.4104,0.0,231.58,11.999967765808105,-1.31,0.0,0.5,0.2,0.2,0.0,0.3,0.0,0.3,0.3320427035273717,0.3012342196907342,0.838578395696808,0.1407316432927932,0.6444209787135495
312,2f31_DETGVMDSLLEALQSGAAFR,0.94,-542.2564553814341,1706.4413071920007,-61.03624245660456,4,0.5373919975715999,6.803417921606001,22,93.43999999999998,83.88049999999998,4.405987903225816,0.9505934119224548,0.9647852182388306,0.9683331251144408,0.9648618102073668,0.386358231306076,0.9183412790298462,0.0,0.9505934119224548,0.9594305157661438,0.9632892608642578,-421.75700648838347,1691.8443584697204,-48.86973092002791,7,0.544421503417809,6.736882457893143,22,0.9493785530328752,0.7133562743663788,5.192508052944416,0.8226832662979441,0.18882081,0.33851266,0.36994895,0.49738526,20,2110.3014000000003,0.05,48.91,4.0500284194946286,0.0299999999999999,0.45,0.3,0.3,0.4499999999999999,0.2,0.05,0.2,-0.15,0.2419419851209067,0.8644274777018522,0.8843277231925043,0.3569961616717903,0.5214267369145104
313,1aze_VPPPVPPRRR,0.49,20.65844967804012,826.6441255894099,-7.176644218716106,5,0.6732544040523502,6.887912772216731,13,66.042,66.042,9.179287878787882,0.95077645778656,0.9559451341629028,0.9572372436523438,0.96195250749588,0.2776531279087066,0.3488533794879913,0.0,0.95077645778656,0.9681187868118286,0.9615276455879213,-100.19556328873011,1011.7531022233596,-12.94715769327712,2,0.689212028049371,6.903905925652286,13,0.9364227533340456,0.8518131792545318,2.027800725174673,0.3534733201969753,1.1534221,0.5764541,1.6895251,1.8710961,10,1170.4104,0.0,231.58,11.999967765808105,-1.31,0.0,0.5,0.2,0.2,0.0,0.3,0.0,0.3,0.3320427035273717,0.1664921547342055,0.8966569728931881,0.0814335233669968,0.7798590687666368
314,2pv1_WEYIPNV,0.89,-274.47554330426823,1096.7776544923045,-48.169222318230965,6,0.6164946486249208,6.356515874803832,24,94.78714285714284,94.78714285714284,3.365298701298699,0.9845908284187316,0.980291783809662,0.979216992855072,0.9813054203987122,0.2607156038284302,0.2873302400112152,0.0,0.9845908284187316,0.9856763482093812,0.9919143915176392,-217.7575259826998,1095.7291847900087,-25.938127660351626,6,0.7327818381421959,6.3727410441238765,23,0.9762842399733408,0.9762842399733408,1.1993407768862587,0.2900532120234006,0.17401929,0.1200614,0.2553674,0.37169248,7,920.0188,0.2857142857142857,4.457142857142857,4.0500284194946286,-0.3000000000000001,0.1428571428571428,0.2857142857142857,0.5714285714285714,0.5714285714285714,0.1428571428571428,0.0,0.1428571428571428,-0.1428571428571428,0.7202805582429992,0.7218264014107462,0.9498302732514862,0.3931009476321651,0.8636390483221622
315,2mow_DDDEDGYNPYTL,0.73,-186.69687717503703,1104.5219906641591,-30.70605551913124,4,0.5553522919365517,6.635871422590016,20,66.1325,62.6225,14.706411368015418,0.9196906685829164,0.9065333604812622,0.9032440185546876,0.926596224308014,0.4145413041114807,0.8037947416305542,0.0,0.9196906685829164,0.933981478214264,0.9168269634246826,5.416671182047882,1381.1933212625331,-10.047545250103049,9,0.5470029622167616,6.460741349377912,15,0.8827627350886663,0.8827627350886663,6.578202463786956,1.0222129002644147,2.4507103,2.4440742,3.14112,3.438181,12,1416.3559,0.1666666666666666,8.66666666666667,4.0500284194946286,-1.875,0.1666666666666666,0.5833333333333333,0.3333333333333333,0.25,0.1666666666666666,0.0,0.4166666666666666,-0.4166666666666666,0.0713672654917922,0.4428056088173537,0.7750753314513759,0.1509944230282316,0.4681555629508994
316,1o5b_LKFQCGQK,0.93,-535.7183901997682,1047.164056388997,-33.16779687693332,5,0.6837845755762045,6.265110019919766,21,89.94625,89.94625,7.230163043478258,0.9855050444602966,0.9880289435386658,0.9886598587036132,0.9874603152275084,0.2677950263023376,0.4035279154777527,0.0,0.9855050444602966,0.9872840642929076,0.9804422855377196,-58.91796572242647,1008.3765960094704,-12.53556559646799,5,0.7112231286238534,6.30375817282591,18,0.9788507670164108,0.9788507670164108,4.248566523577149,0.3968193708613456,3.9571223,0.21682584,2.2538586,0.46701533,8,951.1439,0.125,-11.2875,9.314085960388184,-0.7625,0.375,0.125,0.25,0.25,0.375,0.25,0.0,0.25,0.1632922981930142,0.6062151258291423,0.8924941383822674,0.3300883899486266,0.7828334317707952
317,4kmd_GSYGHLSIGT,0.91,-722.4440941304822,1501.769974412979,-53.003580735958735,10,0.6713150929892064,6.143205746434669,29,84.23,84.23,8.033856763925739,0.8207769989967346,0.9123102426528932,0.9351934790611268,0.92660790681839,1.2355536222457886,3.51973819732666,0.0,0.8207769989967346,0.8213591575622559,0.8977758288383484,-35.13537827441522,1633.5535961299909,55.72527050120984,14,0.6651067254164567,5.942215629702355,27,0.9014422595500946,0.9014422595500946,13.004011162570048,3.3669934942251176,17.281054,0.58995974,9.965623,0.9852779,10,991.0554,0.1,-7.98,6.740160942077638,0.03,0.1,0.5,0.4,0.3,0.3,0.1,0.0,0.1,0.0659870983787105,0.7770329620016969,0.2769215972616747,0.2061188049941973,0.0843147602541591
318,3ro2_FYMGTCQDEPEQLDDWNRIAEL,0.88,-856.8894753338952,3082.0149785438693,-75.74635064355846,19,0.6178785893340883,6.814619348607789,53,83.28045454545455,83.28045454545455,6.504490909090903,0.8551939725875854,0.946625828742981,0.9694837927818298,0.9569151997566224,0.422292023897171,2.549037456512451,0.0,0.8551939725875854,0.92776221036911,0.8717085719108582,-633.9565597801397,3598.890125301973,27.38900285308545,39,0.6476554248310302,6.786055801933228,53,0.8868756646459753,0.8457466743209145,7.828615323819897,2.1431770931397165,0.40122882,0.6176126,1.2499254,1.9014777,22,2673.8831,0.1363636363636363,76.82318181818181,4.0500284194946286,-0.8999999999999999,0.3181818181818182,0.2727272727272727,0.3181818181818182,0.3636363636363637,0.2272727272727273,0.0454545454545454,0.2727272727272727,-0.2272727272727272,0.2190538151996337,0.656966853081355,0.6586214871551446,0.1317327179557727,0.0907549195387814
319,2hmh_STVESTVVHS,0.8,-169.6997502531502,1541.2878822340313,-51.91623297958896,7,0.6046955977029617,6.03735009920739,26,79.498,79.498,7.077046511627908,0.88214111328125,0.8656126260757446,0.8614804148674011,0.8505425453186035,0.5874310731887817,1.5714561939239502,0.0,0.88214111328125,0.9067383408546448,0.904116988182068,-4.80383368458207,1622.756299002472,21.375668202209383,24,0.6012791705249364,6.142141673072981,24,0.8061850607395172,0.8061850607395172,6.514174602359764,1.178488432667976,2.4031262,1.9977297,2.9549446,3.2681065,10,1045.1013,0.0,28.26,5.218410682678221,0.21,0.1,0.3,0.5,0.3,0.5,0.1,0.1,0.0,0.4052709791664793,0.6149792413715779,0.6388040493405298,0.2182207746048844,0.3310637332213932
320,5hjb_TKQTARS,0.87,-232.4806232922033,955.7917571445868,-27.036466094219264,8,0.656642083921238,6.070008332722128,15,87.20428571428572,87.20428571428572,9.20041788143829,0.8550835847854614,0.937863290309906,0.9585581421852112,0.940014123916626,0.3418716788291931,1.2692077159881592,0.0,0.8550835847854614,0.9575372934341432,0.935970902442932,-218.21856970172152,896.3004332330324,-1.8006976202200065,4,0.6827074814304385,5.777642330581633,14,0.8114307522773743,0.8114307522773743,8.721209994818658,1.2016959073360507,6.929508,0.4933886,5.0645223,0.45566246,7,790.8655,0.0,105.11428571428571,11.000192070007325,-1.7571428571428571,0.2857142857142857,0.1428571428571428,0.2857142857142857,0.1428571428571428,0.5714285714285714,0.2857142857142857,0.0,0.2857142857142857,0.5475072293868672,0.4213638825126372,0.4037001540887448,0.2405628732572777,0.1993648687316411
321,1irs_LVIAGNPARS,0.83,-182.0757984686132,1145.7016768866583,-31.905580644249767,3,0.6366738531480888,5.881056970688978,20,83.074,83.074,6.828852459016399,0.9132800102233888,0.9434364438056946,0.95097553730011,0.9529659748077391,0.4356477260589599,1.1671236753463743,0.0,0.9132800102233888,0.91451096534729,0.936320662498474,-161.25731196012248,1184.6089599370987,-27.534028675416067,8,0.6678169261340482,5.678356183381805,18,0.929310631752014,0.929310631752014,5.021608549649598,0.988960196688527,15.352388,0.618065,9.41558,2.8536503,10,997.1493999999998,0.0,60.83,9.750021171569824,0.5300000000000001,0.3,0.4,0.3,0.5,0.2,0.1,0.0,0.1,0.2568204692307815,0.5646705658296578,0.7019121486473276,0.2745154701490942,0.4287938738022818
322,1uj0_TPMVNRENK,0.69,-130.14504993759954,863.3661555751075,-25.32066088059659,1,0.6644158583048644,7.019242435136219,15,82.62444444444444,82.62444444444444,6.258043117744609,0.923510730266571,0.9654619097709656,0.975949764251709,0.9746337532997132,0.3042860329151153,0.5525320172309875,0.0,0.923510730266571,0.9626227617263794,0.9326790571212769,-97.98506576186192,841.3484314532351,-17.03898924614522,2,0.7504965237460903,6.990528219959363,15,0.9576375020874872,0.7422844502660964,2.8259099240030223,0.478458565957906,3.3365808,0.41621533,2.1155488,0.876491,9,1088.2386,0.0,26.822222222222223,8.408820915222172,-1.6777777777777778,0.3333333333333333,0.3333333333333333,0.2222222222222222,0.2222222222222222,0.3333333333333333,0.2222222222222222,0.1111111111111111,0.1111111111111111,0.3930909128705653,0.2518749806854804,0.6791275985708684,0.1606039860545465,0.6415851764277515
323,3m53_SKSKDRKY,0.93,-503.9619203468373,1336.5795329608293,-44.91808290309956,15,0.7997035596941525,6.452959465972084,25,85.61625,85.61625,6.335083661417324,0.93727046251297,0.9595643281936646,0.965137779712677,0.9549623131752014,0.4057247042655945,1.225149393081665,0.0,0.93727046251297,0.937089741230011,0.9394418001174928,-287.7717009064219,1329.3240751479866,-38.09111704092069,12,0.7629411499382286,6.468190500506484,24,0.9022856280207634,0.7952735349535942,7.822902740265324,1.0823097958368817,9.886076,0.51999617,5.533772,0.72337276,8,1011.1331,0.125,-0.675,9.996096992492678,-2.825,0.375,0.375,0.125,0.125,0.25,0.5,0.125,0.375,0.0672450622710355,0.7607609283634432,0.7932599454997541,0.334164238976099,0.4619826852497484
324,1guw_ARTQTARSTGGKAPGG,0.67,31.35939604910365,1554.3509968245646,-47.159434504369486,7,0.6975638256705593,5.906183055924427,17,69.6075,59.75625,10.42823735955056,0.8598803877830505,0.8585466742515564,0.8582132458686829,0.8681969046592712,0.5062634348869324,0.8012754321098328,0.0,0.8598803877830505,0.8025392293930054,0.867999792098999,-82.24682008088516,1757.6938160050445,-33.75165853690644,11,0.6242662760195239,5.847598163087901,19,0.7831806354224682,0.703738410025835,6.723374191546038,1.3027986021649636,2.3091197,2.040094,2.7646163,4.6500525,16,1515.6313000000005,0.0,48.975,11.999967765808105,-1.06875,0.25,0.375,0.1875,0.1875,0.3125,0.1875,0.0,0.1875,0.1883024840509489,0.5074485635362949,0.7321490539555559,0.189136463290353,0.4238256708191815
325,6eru_TTYADFIASGRTGRRSAI,0.91,-675.2192571883608,1650.5823082205654,-46.60065325973608,6,0.6726155709192232,6.248840824119667,24,87.04111111111109,67.18666666666667,6.418014346764354,0.9751026630401612,0.9496867060661316,0.9433327317237854,0.9395296573638916,0.3447113931179046,0.8619111180305481,0.0,0.9751026630401612,0.9658640623092652,0.9725837707519532,-599.4266793659008,1759.6712430194789,-17.959426523977868,9,0.5850215400287725,6.532615077405425,23,0.9397025008996328,0.7794051898850335,4.7753599013300825,0.746191116729899,12.509734,0.25062245,7.8176603,1.3649533,18,1943.1246,0.1111111111111111,65.21111111111111,10.736580848693851,-0.3111111111111111,0.1666666666666666,0.2777777777777778,0.3888888888888888,0.3888888888888889,0.2777777777777778,0.1666666666666666,0.0555555555555555,0.1111111111111111,0.2016941772938691,0.6884997441519239,0.8660602472642971,0.1677343226683705,0.5726688849548859
326,1lcj_EPQEEIPIYL,0.7,-186.05076159257672,1086.6809945826872,-19.23678377866713,6,0.6850936240985325,6.190041695866754,13,71.96600000000001,71.96600000000001,11.103517543859622,0.8986634016036987,0.9197441339492798,0.925014317035675,0.9073605537414552,0.3542751371860504,0.946948766708374,0.0,0.8986634016036987,0.958287477493286,0.9087753295898438,-55.818130506706645,1049.5716566434248,47.463478120624025,5,0.6684183650102543,6.045780842772401,11,0.7847202181816101,0.7847202181816101,5.807018178988967,0.8270037811053427,3.2490032,1.6600546,3.6450195,2.3763,10,1230.3629,0.1,115.76,4.0500284194946286,-0.5700000000000001,0.4,0.2,0.4,0.4,0.1,0.0,0.3,-0.3,0.2255148773672406,0.3270497285887283,0.7118885834440021,0.1288625919382327,0.459813692610776
327,1t63_KENALLRYLLDKDD,0.89,-571.395061432048,1344.8134456233968,-39.71906114352828,9,0.5636876560058476,7.025882400700242,20,85.0957142857143,78.38571428571429,7.945354437229449,0.9487930536270142,0.9631780982017516,0.9667743444442748,0.950740396976471,0.3081018328666687,0.8264486789703369,0.0,0.9487930536270142,0.9768322110176086,0.967451810836792,-476.1048914117787,1418.4014525944774,2.6121531546266965,8,0.5647691583028618,6.999682564068851,19,0.8671192867415292,0.7994664226259504,6.135785525971096,0.7863584877721546,0.77223736,0.46741152,0.95840913,2.0079935,14,1705.9058999999995,0.0714285714285714,11.592857142857143,4.864985847473144,-1.0071428571428571,0.5714285714285714,0.2857142857142857,0.3571428571428571,0.4285714285714285,0.0714285714285714,0.2142857142857142,0.2857142857142857,-0.0714285714285714,0.2192362356662247,0.7861951865049461,0.8732147723400023,0.2460700786442553,0.4730197821294238
328,2fci_DTEVESPADP,0.67,213.0131078986184,963.7308565469264,-23.03422634304553,9,0.5831873403920411,6.051041279493844,12,62.57900000000001,62.57900000000001,13.127817391304353,0.8739140629768372,0.8646406531333923,0.8623222708702087,0.8252788782119751,0.3627780377864837,1.001703143119812,0.0,0.8739140629768372,0.9565834403038024,0.9215658903121948,165.34180006863767,1055.5425831548755,218.9629972774128,7,0.712994305969271,5.992259266210038,13,0.5791019558906555,0.4655829071998596,5.326509528626566,0.9453097403567772,3.2678127,5.713031,5.051972,3.017448,10,1059.0386,0.0,87.20000000000002,4.0500284194946286,-1.27,0.3,0.5,0.2,0.2,0.2,0.0,0.4,-0.4,0.3736741186134616,0.1988759912635715,0.5385608360719548,0.090444963697899,0.2724075944116897
329,5hey_KNYKQTSV,0.87,-236.33645086605364,1032.054368717575,-45.35431160100472,0,0.7338918069653834,5.979380276478231,20,85.94125,85.94125,6.415826771653536,0.9670966863632202,0.9437496066093444,0.9379128217697144,0.9353993535041808,0.3143332004547119,0.4122269749641418,0.0,0.9670966863632202,0.968821346759796,0.9672576785087584,-154.77406787573696,1098.088644985157,-31.152607596881552,5,0.6091069948187737,5.803082070193059,17,0.9065140634775162,0.9065140634775162,3.353936051964525,0.4934767529544399,0.5807055,0.7955291,0.92722744,1.7168676,8,967.0771000000002,0.125,38.3,9.703023719787598,-1.6750000000000005,0.25,0.25,0.375,0.25,0.5,0.25,0.0,0.25,0.1636096552569783,0.6614552910390719,0.9268482009020106,0.3604098528208587,0.7658138962567727
330,3v31_LPLYTSPSLPNITLGLP,0.88,-425.9799892784117,1670.409830299638,-55.5270155354948,8,0.6154795484753902,7.037835144091245,27,89.27529411764705,79.99588235294117,5.284426229508201,0.9265856742858888,0.9387720227241516,0.9418185949325562,0.9314775466918944,0.3118210136890411,0.7330365180969238,0.0,0.9265856742858888,0.9720386266708374,0.9242984056472778,-337.1800207721555,1726.5960358422192,12.732966096244295,8,0.5860961552158603,7.075119234723272,26,0.8512728214263916,0.7485176114475026,4.843618080963547,0.708878337196965,0.28729308,1.9995849,2.6019642,3.9768221,17,1796.1112000000005,0.0588235294117647,101.42941176470588,5.524318122863768,0.5235294117647059,0.2941176470588235,0.4705882352941176,0.5294117647058824,0.411764705882353,0.2941176470588235,0.0,0.0,0.0,0.2612760904497359,0.7447512141871124,0.8653214559494642,0.2553165481913324,0.4493761968689984
331,2ych_MIRLNLLP,0.94,-558.3202008125763,1650.016069112086,-74.32295898344239,13,0.5115776868239297,6.685233279346506,30,91.46,91.46,5.261283185840704,0.9587591290473938,0.8495435118675232,0.8222395181655884,0.8549243211746216,0.8635421395301819,1.3472224473953247,0.0,0.9587591290473938,0.8491907715797424,0.978961706161499,665.3057854156852,1581.760795436681,-36.94968413268453,4,0.5329483628224575,6.746773562764982,28,0.8627730533480644,0.8627730533480644,6.662151970540704,1.5860241632084404,5.657349,0.5282658,3.2480636,0.43046004,8,969.2452,0.0,32.825,9.500077247619632,1.025,0.5,0.25,0.5,0.625,0.125,0.125,0.0,0.125,0.063984856964824,0.751939533103875,0.7139078484595416,0.3178950878762289,0.457711349117972
332,2gph_RLQERRGSNVALMLDC,0.94,-733.5708676291226,1549.5796157154628,-47.4585682259393,9,0.7211358157875488,6.896834933418275,27,89.52687499999999,72.585625,6.367313019390592,0.8954439163208008,0.9294754266738892,0.937983214855194,0.9330375790596008,0.3685376346111297,1.5158886909484863,0.0,0.8954439163208008,0.9721548557281494,0.8379714488983154,-206.03477295130483,1653.8705628304544,33.45539288567781,7,0.475413056380725,6.882148254924524,25,0.8779450207948685,0.7090923078358173,11.063130940060413,1.3572082224397448,0.3958238,0.55180585,0.89559716,1.1883874,16,1861.1548000000005,0.0,72.28125,8.249519538879394,-0.4312499999999999,0.375,0.25,0.25,0.375,0.25,0.1875,0.125,0.0625,0.211613982429645,0.6630613245080939,0.4002554977474272,0.2403231600667481,0.1904314550123754
333,4o36_ETAAAHFEQHHMDS,0.88,-186.31975734820088,1364.309929163989,-43.87983869180732,6,0.7579525282110833,5.971921123034057,21,92.18642857142858,67.26357142857144,4.159857142857147,0.9666849970817566,0.9829947352409364,0.9870721697807312,0.9882795214653016,0.2777549922466278,0.3544629514217376,0.0,0.9666849970817566,0.9685547351837158,0.9808235168457032,-116.68657406819696,1339.73174497329,-28.629731464983976,7,0.782528659229959,6.093223267534025,21,0.9844344343457904,0.7059610954352787,2.302224048861065,0.3813922310838047,0.22992,0.17197992,0.29109657,0.23138931,14,1610.6625,0.0714285714285714,23.32857142857144,5.175383567810058,-1.0714285714285716,0.4285714285714285,0.1428571428571428,0.1428571428571428,0.3571428571428571,0.2142857142857142,0.2142857142857142,0.2142857142857142,0.0,0.205876235467133,0.7986872741141778,0.956106786942692,0.3694592113502021,0.751281683995747
334,4uf1_STMGQVGRQLAIIGDDINRRYD,0.88,-290.78705698669324,1780.6508918443778,-62.72870635446918,7,0.5128463820721667,6.268048173815025,26,89.03545454545453,74.42863636363636,5.62236537348002,0.9576025009155272,0.8814932107925415,0.8624657988548279,0.9125154614448548,0.4059273898601532,0.4770860373973846,0.0,0.9576025009155272,0.9244205355644226,0.9688854217529296,-114.48014173062376,1723.760069733201,-26.49182426239909,7,0.5712132243248506,6.444473158165784,24,0.8765173039653085,0.7057485824281519,3.6879427817665777,0.6866871134594265,0.2621732,3.6057496,2.5920436,4.200615,22,2478.7392,0.0454545454545454,44.38636363636364,5.897579765319825,-0.6045454545454546,0.1363636363636363,0.3636363636363636,0.3181818181818182,0.3636363636363636,0.2272727272727273,0.1363636363636363,0.1363636363636363,0.0,0.4266306535161332,0.7728650932533139,0.8599266994253107,0.3341053764359645,0.6685168964663908
335,1nm6_DFEEIPEELA,0.85,-430.8304448835584,1110.5388619985413,-31.10975098768029,11,0.592350852193013,6.4517860538971545,14,79.494,64.144,10.521279720279717,0.927282214164734,0.9622789621353148,0.9710281491279602,0.961130917072296,0.464448481798172,1.0864704847335815,0.0,0.927282214164734,0.9617236852645874,0.9537912011146544,711.728594697392,1102.0367969496974,-28.53729813884695,11,0.5480792224389842,6.717009428229605,14,0.9012406051158904,0.7256356775760651,7.966050370371009,1.194011954984048,0.467203,0.30262586,0.76863396,1.395117,10,1191.2408,0.1,100.42000000000002,4.0500284194946286,-0.62,0.6,0.2,0.3,0.4,0.0,0.0,0.5,-0.5,0.525820187840885,0.5360831927807698,0.6956602177438784,0.1394084422248828,0.2978872284518893
336,6bgg_KVAPLKIKLGGF,0.7,137.1557755482719,1551.2332647611042,-37.7832801345607,7,0.5448424601517706,6.002500112149938,18,71.0725,71.0725,10.041224999999995,0.8129065036773682,0.8211660385131836,0.8232309222221375,0.8255204558372498,0.5274659395217896,1.2181594371795654,0.0,0.8129065036773682,0.8856821060180664,0.8441632986068726,-17.522065487228183,1449.321550482431,-1.3389127574156348,7,0.615993396784421,6.2453048776984295,16,0.6913270850976309,0.6403845647970835,7.548249973108371,1.3034395943582058,4.3994455,3.1216035,5.360297,7.685449,12,1270.6055,0.0833333333333333,0.1250000000000003,10.302063941955566,0.5666666666666667,0.5,0.25,0.4166666666666666,0.4999999999999999,0.0,0.25,0.0,0.25,0.2333655334986529,0.433281066804273,0.5843722492254811,0.1878236544508466,0.2663805238170073
337,4poj_KHKILHRLLQD,0.9,-425.0248799742642,1202.26761953236,-48.05176365996249,6,0.5367791486692115,7.26132338414258,18,88.20545454545454,88.20545454545454,6.848436363636358,0.9526376128196716,0.9419507384300232,0.9392790198326112,0.9386439323425292,0.5049605369567871,1.0376156568527222,0.0,0.9526376128196716,0.9039291143417358,0.9734101295471193,-321.3158313882311,1150.443046089645,-42.6979397763223,4,0.5405295156444394,7.200710892899244,17,0.8828744834119623,0.7942956523461775,7.034076366557016,1.3029155425471488,1.8859203,1.4615052,3.0531006,5.974196,11,1400.6712,0.0,87.55454545454546,9.994485282897951,-0.890909090909091,0.4545454545454545,0.0909090909090909,0.3636363636363636,0.3636363636363636,0.0909090909090909,0.4545454545454545,0.0909090909090909,0.3636363636363636,0.4295813480562456,0.6421625019382593,0.8076619258227348,0.2041750783549956,0.4716101786963038
338,3sri_KDIGAGPVASCFTTRMSPPQQICLN,0.95,-611.808236952352,2496.367048594595,-73.63519966535034,19,0.7105992539187641,6.110291990544785,40,91.912,88.222,4.653158842443728,0.9431925415992736,0.950653076171875,0.9525181651115416,0.9290377497673036,0.3838905096054077,1.3763747215270996,0.0,0.9431925415992736,0.9729695320129396,0.944522500038147,-337.9395874581785,2484.424551739125,27.82952041529649,20,0.7078238515581453,6.110964042144111,36,0.8758848357200623,0.7655511808395385,6.655287382817345,1.009154989044766,15.577902,0.98086387,8.351456,0.6503165,25,2635.0475,0.04,92.916,8.058370780944824,-0.028,0.2,0.36,0.28,0.32,0.36,0.08,0.04,0.04,0.133996987385861,0.813423175128951,0.819990585567408,0.3260337847303784,0.4006790122050346
339,5hff_KNYKQFSV,0.89,-191.25593667768948,1183.3554334402406,-51.35382672230787,3,0.6267614028520602,5.888657425924901,20,88.60875,88.60875,6.740823412698394,0.9687722325325012,0.9523823857307434,0.948284924030304,0.9561980366706848,0.3093720078468323,0.4052318036556244,0.0,0.9687722325325012,0.9630084037780762,0.968829333782196,42.07279006601216,1200.2314253427564,-43.26046661374232,3,0.6312926429374216,5.942186052986217,18,0.928030714392662,0.928030714392662,3.29996656998992,0.5057467993289705,0.43598628,0.49001727,1.087843,1.7770473,8,1013.1470000000002,0.25,28.875,9.703023719787598,-1.2375000000000005,0.25,0.25,0.375,0.375,0.375,0.25,0.0,0.25,0.1913724519818543,0.7754566753140438,0.922373588444778,0.4332353140438181,0.773433214927126
340,3c3r_EDDDIKQLAAWAT,0.9,-790.1830050133244,1132.0412330559034,-31.822039298372943,1,0.5961185301442002,7.046484152125954,17,83.33153846153846,76.77384615384615,7.603769230769203,0.9542123675346376,0.9541975855827332,0.954193949699402,0.9561153054237366,0.3352230191230774,1.0751445293426514,0.0,0.9542123675346376,0.9678363800048828,0.980774223804474,-398.5488949605231,1025.1627616331505,-10.946762841748182,2,0.6591823160716511,6.955038247096401,17,0.9218000036019546,0.559107794211461,6.748532756828468,0.98735168231748,0.2440621,0.2852319,0.50807375,0.5743629,13,1475.5557,0.0769230769230769,24.13846153846154,4.0500284194946286,-0.7153846153846151,0.4615384615384615,0.2307692307692307,0.3076923076923077,0.4615384615384615,0.1538461538461538,0.0769230769230769,0.3076923076923077,-0.2307692307692307,0.3310711421898592,0.6054074728795852,0.7738084525635509,0.1767841073848565,0.3865569464742737
341,2g6q_ARTQTAR,0.74,-46.45970519830406,958.304945940251,-36.51369005998341,4,0.590201503188201,5.669375475654364,18,85.53571428571429,76.44714285714285,5.517239709443098,0.9261132478713988,0.9557433128356934,0.9631507992744446,0.9632527232170104,0.3128352165222168,0.4561026990413666,0.0,0.9261132478713988,0.9452310800552368,0.9323495030403136,-39.04306365587461,1049.1182588888512,-22.64153026972818,4,0.8000682543070649,5.651239639776786,18,0.9225176743098668,0.9225176743098668,2.9439705206897586,0.5067041444865035,0.47395125,0.35955372,0.74476606,1.0991155,7,802.8795,0.0,-2.2,11.999967765808105,-1.4714285714285715,0.2857142857142857,0.0,0.2857142857142857,0.2857142857142857,0.4285714285714285,0.2857142857142857,0.0,0.2857142857142857,0.2226511236350129,0.493925141636805,0.8527851351783494,0.3337631602314101,0.7312582891869107
342,2odd_TISNPPPLISSAK,0.65,113.2490251260995,1129.8257741595728,-34.275689095869964,3,0.7404105488387018,6.294605704711141,21,76.02769230769232,68.15538461538462,8.412844932844935,0.8778170943260193,0.8774065971374512,0.877303957939148,0.926763653755188,0.4116820991039276,0.6423899531364441,0.0,0.8778170943260193,0.8619778752326965,0.8792644739151001,53.39085202332211,1189.94509856407,-26.09090432740475,6,0.6633518104257721,6.182523144719972,17,0.8706884980201721,0.8134857278603774,4.0398643336307725,0.7932422631243937,0.93742055,2.5527444,2.006463,3.309217,13,1324.5223,0.0,51.46153846153847,8.410110282897953,-0.0538461538461538,0.2307692307692307,0.5384615384615385,0.3076923076923077,0.3076923076923077,0.3846153846153846,0.0769230769230769,0.0,0.0769230769230769,0.3606306291554488,0.4530699010536621,0.7690222617499866,0.2305860269228742,0.5976280422016559
343,3uvk_GCARSEPKILT,0.94,-638.4379001782538,1299.6158718364666,-46.34670485933293,4,0.8112738431859224,6.503615679354505,29,92.12363636363636,85.06090909090909,5.274900293255127,0.9350054264068604,0.9754625558853148,0.9855768084526062,0.9844139218330384,0.3202958703041076,0.9011358618736268,0.0,0.9350054264068604,0.9797199964523317,0.9400509595870972,-568.8700695487728,1353.509180163061,-31.256771029902097,6,0.7400132703549273,6.465304081376644,27,0.9542291868816722,0.8800261074846442,6.8629138116875,0.8384115653565902,0.3333435,0.32996166,0.57096136,0.7508108,11,1174.371,0.0,93.84545454545456,8.22224941253662,-0.2545454545454546,0.3636363636363636,0.2727272727272727,0.2727272727272727,0.2727272727272727,0.2727272727272727,0.1818181818181818,0.0909090909090909,0.0909090909090909,0.4961268704266586,0.8668690366557742,0.8030696717202693,0.3197206770174757,0.3691508785441518
344,4wnd_QLLHSDHMEMEPETMETKSVTDYFSK,0.87,-851.5458798553103,3711.881949860158,-91.34965679557286,20,0.6301990293168559,6.885795707495324,63,83.00538461538461,83.00538461538461,7.597708559046564,0.810827910900116,0.9219607710838318,0.9497439861297609,0.9306891560554504,0.4484473466873169,2.7078139781951904,0.0,0.810827910900116,0.919260323047638,0.8345552682876587,-699.9140470314137,3885.049236368605,62.01527807238665,35,0.6891557029635977,6.836821883074164,61,0.7943746814360986,0.7730204669328836,10.388195559392123,2.490280589148128,15.145587,1.9591411,8.908467,2.4280953,26,3114.4385000000007,0.0769230769230769,20.442307692307693,4.629331398010254,-0.9923076923076922,0.4230769230769231,0.2307692307692307,0.3076923076923077,0.3076923076923077,0.2692307692307693,0.1538461538461538,0.2307692307692307,-0.0769230769230769,0.2722291419285193,0.7290661360025708,0.6635208843238272,0.1427038404653272,0.0674586475223238
345,3m57_SKSKDRKY,0.93,-502.1903664110597,1403.5680389081178,-39.48428687328135,12,0.7577619257757622,6.410469276042195,24,85.9125,85.9125,6.993799603174601,0.8381376266479492,0.9237686991691588,0.9451764822006226,0.8839462399482727,0.4873292744159698,2.3289554119110107,0.0,0.8381376266479492,0.9300293922424316,0.8747566342353821,-313.7339373854901,1425.810344241118,1.3725696682139414,12,0.7616608222658661,6.390346542133711,23,0.5954521670937538,0.5483049303293228,11.427813595840854,1.9277534584352185,0.2635623,4.0883727,3.0566719,2.1032662,8,1011.1331,0.125,-0.675,9.996096992492678,-2.825,0.375,0.375,0.125,0.125,0.25,0.5,0.125,0.375,0.0672450622710355,0.7630100606603242,0.3838385394701525,0.3636503607965489,0.1439472321197381
346,1q0w_YPEDEEELIRKAIELSLKESRNSA,0.72,-161.21216656500735,1155.1393935549495,-33.96357373538558,5,0.5829523788303694,6.554515839488379,15,75.92666666666668,54.66374999999999,8.477666666666664,0.9413596391677856,0.9620976448059082,0.9672821760177612,0.9665269255638124,0.295748621225357,0.4232484102249145,0.0,0.9413596391677856,0.9639744162559508,0.963848352432251,-195.99516680341708,1276.0159485700196,-31.76563678927795,8,0.6273420387827291,6.423011860388634,14,0.956322431564331,0.5240241934855779,2.301201709682742,0.4554210481916865,1.7194897,0.3938231,1.594778,2.8110552,24,2820.0694000000003,0.0416666666666666,93.12083333333332,4.546573829650879,-1.0875,0.5416666666666666,0.2499999999999999,0.25,0.3333333333333333,0.1666666666666666,0.1666666666666666,0.2916666666666667,-0.125,0.3143059551210931,0.5654399739529129,0.9121011853908234,0.183682197158715,0.6508480663463118
347,4uj2_TTYADFIASGRTGRRNAIHD,0.93,-825.0666228669104,2085.982436987148,-65.71688094853323,6,0.6825622841619128,6.582957330884627,35,88.39250000000001,79.086,5.507812676056348,0.9645552039146424,0.9716854095458984,0.973468005657196,0.962831437587738,0.3299403488636017,0.9016884565353394,0.0,0.9645552039146424,0.9726489782333374,0.9561137557029724,-31.35496768942857,2029.803135191386,-13.64717874303532,13,0.6348357675752748,6.723948568531062,32,0.9416434407234192,0.7469686597585679,5.402594919855326,0.7078846186819211,0.4294505,0.52612966,0.58695644,0.69587475,20,2222.3766,0.1,50.06,8.43563976287842,-0.75,0.15,0.3,0.35,0.35,0.25,0.2,0.1,0.1,0.2883373133912657,0.7776176287778502,0.8896403649192604,0.2446967010050282,0.5169730717930612
348,1xj7_HKKLLQLLT,0.86,-535.127966808703,1148.000345324705,-27.635275709538178,0,0.537084698167846,7.399755599663163,16,78.20777777777778,78.20777777777778,9.530150943396244,0.9425969123840332,0.9479996562004088,0.949350357055664,0.9285180568695068,0.3816328644752502,0.9643475413322448,0.0,0.9425969123840332,0.952717900276184,0.9737488627433776,-388.6464897261149,1078.4028203702892,6.493187911414566,2,0.5633636199723806,7.3478542444451955,15,0.803027437792884,0.7103043927086724,6.506826156490254,0.9462862857732632,0.27299875,0.6323821,0.6281891,0.460131,9,1093.3627,0.0,61.98888888888889,10.00280170440674,-7.401486830834377e-17,0.6666666666666666,0.0,0.5555555555555556,0.4444444444444444,0.2222222222222222,0.3333333333333333,0.0,0.3333333333333333,0.4903221627888771,0.4497875666377671,0.7074688737517081,0.1511051504716604,0.3855559938322887
349,1bxl_GQVGRQLAIIGDDINR,0.94,-151.73290167296187,1857.7470183689863,-71.52888961428168,9,0.6995314053668455,6.355746804782424,26,93.035625,93.035625,6.218588197969551,0.9716325998306274,0.9120176434516908,0.8971139192581177,0.9338722229003906,0.6737338900566101,0.9174081683158876,0.0,0.9716325998306274,0.8513047695159912,0.9832625985145568,-163.32815727271011,1714.7834380252116,-53.4484995594851,10,0.6487189440093564,6.420838158169809,24,0.9533358290791512,0.9533358290791512,5.009313327255588,1.5721088768016112,3.275547,0.75314295,3.0903776,2.5980477,16,1724.9156999999998,0.0,11.39375,5.961182594299316,-0.275,0.125,0.375,0.3125,0.375,0.1875,0.125,0.125,0.0,0.5014017671615124,0.7824012129073267,0.8122323591814012,0.4114675288394491,0.6826463411589813
350,1g1e_RMNIQMLLEAADYLER,0.9,-204.4730753653741,1806.469244945393,-68.5393216845089,7,0.661785036300598,6.405083740988006,23,92.171875,87.09375,3.987988095238094,0.9660950303077698,0.9212786555290222,0.9100745916366576,0.9290789365768432,0.3605387210845947,0.5411575436592102,0.0,0.9660950303077698,0.9246597290039062,0.9804994463920592,-137.4615786656504,1674.7306527230833,-54.40368712904581,1,0.6770995078589689,6.417581367981215,20,0.9294358417391776,0.8165216185152531,2.1831377140822865,0.5545399964742718,1.1023538,1.0114715,1.0251328,1.346566,16,1966.2853,0.0625,31.53125,4.679122352600097,-0.28125,0.5625,0.125,0.3125,0.5625,0.125,0.125,0.1875,-0.0625,0.4515136478803579,0.767713486381666,0.8865341333569345,0.4215831028159934,0.7262214791763815
351,6ezi_LETKKTKL,0.86,-192.27059451091475,1375.4236661204227,-53.92911403495833,1,0.6285372695387859,5.708476451831462,18,91.34250000000002,91.34250000000002,5.652898936170204,0.9568839073181152,0.9762187004089355,0.9810523986816406,0.982555329799652,0.3165928721427917,0.4705921709537506,0.0,0.9568839073181152,0.9629142880439758,0.9551199078559875,-205.78371510152576,1303.4683952720352,-43.85563600428097,1,0.65009753073689,5.73800287098994,18,0.9742743223905564,0.9742743223905564,3.058086211059956,0.4756145512566287,0.16996814,0.14609048,0.41752952,0.5573029,8,960.1691999999998,0.0,-1.8625000000000005,9.703023719787598,-1.125,0.75,0.0,0.5,0.25,0.25,0.375,0.125,0.25,0.257253621894229,0.7493700017043422,0.9210196351130446,0.4178079543750687,0.7514156634825282
352,5me5_KKYSRDFLLKFAEQFLDLPHNFEVTSDIESLMSTHTN,0.92,-98.59867815944682,2768.760352242784,-84.92603149009206,10,0.6920370523983804,6.230702299087503,31,93.6672972972973,86.03864864864866,4.161368511368509,0.8229208588600159,0.8705194592475891,0.8824191093444824,0.8560485243797302,0.764202356338501,3.239873170852661,0.0,0.8229208588600159,0.9473648071289062,0.6893351674079895,-10.807742554885095,2586.541276270247,64.89500583704589,20,0.586736225454118,6.52453992501958,29,0.7301900032404307,0.4872732081928769,11.59493044408268,2.720049728067685,0.14102426,1.8450496,4.7419214,8.667005,37,4402.8901000000005,0.1351351351351351,41.87567567567568,5.411890602111816,-0.5324324324324323,0.3513513513513513,0.2702702702702703,0.4054054054054054,0.3783783783783784,0.2702702702702703,0.1621621621621621,0.1621621621621621,0.0,0.1547732048218057,0.8127267608051341,0.6993888076639813,0.5849393010115701,0.2318148011455161
353,1xh5_TTYADFIASGRTGRRNAIHD,0.93,-820.5565673724332,2053.7939889392223,-58.970953757749726,14,0.6266152415906059,6.576708739470678,30,87.1555,73.17750000000001,5.618314084507018,0.9650044441223145,0.9709300994873048,0.972411572933197,0.9621739983558656,0.3331656157970428,0.9405997395515442,0.0,0.9650044441223145,0.9726961255073548,0.9566712379455566,-147.1145809245689,1995.8030431369093,-14.695660606637349,10,0.6193814223780677,6.742060531069938,30,0.9403753787279128,0.7949056953191758,5.370319258864497,0.712177901330968,0.48584253,0.47543192,0.6045945,0.75125194,20,2222.3766,0.1,50.06,8.43563976287842,-0.75,0.15,0.3,0.35,0.35,0.25,0.2,0.1,0.1,0.2883373133912657,0.7737726878653141,0.8810120624465465,0.2184991649252157,0.5154614842515585
354,1c5z_LKFQCGQKT,0.92,-538.9412049321425,1175.8960901426894,-34.581946361827875,9,0.6699718499219784,6.1609398583015125,24,87.97999999999999,87.97999999999999,6.672082239720045,0.9785417318344116,0.9846288561820984,0.9861506819725036,0.981751263141632,0.2789003252983093,0.4963453412055969,0.0,0.9785417318344116,0.9852231740951538,0.9689115285873412,-95.7286815945316,1091.67229493456,-16.23004967891947,7,0.7517086978393085,6.219647162088636,20,0.9540087779362996,0.9540087779362996,4.92632673975416,0.4683705749656689,0.34800833,0.31158742,0.48723543,0.48929697,9,1052.2478,0.1111111111111111,-8.922222222222224,9.314085960388184,-0.7555555555555555,0.3333333333333333,0.1111111111111111,0.3333333333333333,0.2222222222222222,0.4444444444444444,0.2222222222222222,0.0,0.2222222222222222,0.1308102367662194,0.6416275342325491,0.8670809227216639,0.3078221240430607,0.7092981548423398
355,2ltx_ELESPPPPYSRYPMD,0.5,83.29140039300313,906.0982617466328,-17.44126062856266,1,0.6438757240024808,6.483493870789388,12,66.53866666666667,57.16333333333333,9.82658666666665,0.8825611472129822,0.8640037775039673,0.8593644499778748,0.8451760411262512,0.2937999963760376,0.4244064092636108,0.0,0.8825611472129822,0.9555957317352296,0.8969960808753967,43.989422487664285,1144.65702363766,51.91696634477298,10,0.5439195139051328,6.380795497671371,13,0.7416020154953002,0.6534443457921346,2.378212678790093,0.4870587905248006,1.8102945,7.6913705,6.519647,6.202956,15,1777.9469999999997,0.1333333333333333,101.0,4.377818870544433,-1.4333333333333336,0.2666666666666666,0.5333333333333333,0.2,0.2666666666666666,0.1333333333333333,0.0666666666666666,0.2,-0.1333333333333333,0.314657707954473,0.2553267934926837,0.6594557006776918,0.1437001136591184,0.5828499717579129
356,6f0y_LAITMLKPRKKAKAL,0.77,-168.69911717682953,1439.4567711387244,-52.8682471469935,3,0.6145182365815518,6.210717798547329,25,75.72800000000001,70.70466666666667,12.229119429590035,0.8828717470169067,0.8737159967422485,0.8714269995689392,0.9080550074577332,0.519436240196228,0.795965313911438,0.0,0.8828717470169067,0.8726766705513,0.8860101699829102,-94.70557986451192,1293.480147458533,-39.79247731195744,1,0.4875592589990591,6.137880556569834,19,0.8412194887797038,0.7070282419522603,8.62653600249486,1.3671005410625336,3.2953591,2.6523871,3.2882266,1.9388818,15,1682.1693999999998,0.0,-6.38,11.33375148773193,0.0533333333333334,0.7333333333333334,0.0666666666666666,0.3333333333333333,0.5333333333333333,0.0666666666666666,0.3333333333333333,0.0,0.3333333333333333,0.1251937247055947,0.5888915815044106,0.7599344739463991,0.2121908229638771,0.4230023480900625
357,1qwf_VSLARRPLPPLP,0.78,-155.86693986088602,1193.5683322780403,-43.94439608005274,6,0.6485611295592668,6.425951539858126,17,90.12,85.4375,5.016813725490193,0.966491401195526,0.974709451198578,0.976763904094696,0.9794509410858154,0.263602465391159,0.2940030992031097,0.0,0.966491401195526,0.9767164587974548,0.9650171995162964,-131.33433065526555,1194.0869122624122,-25.772187347335816,4,0.6707198774671591,6.455129796898741,15,0.9581745813290278,0.891653761267662,1.6273098620860016,0.3128693609261045,0.36938277,0.24725087,0.47969455,0.783071,12,1315.6065,0.0,121.10000000000002,11.999967765808105,0.0999999999999999,0.3333333333333333,0.4166666666666666,0.3333333333333333,0.4166666666666666,0.0833333333333333,0.1666666666666666,0.0,0.1666666666666666,0.4925050988597546,0.547333488754806,0.914743429945472,0.3383927295368642,0.8351466979184261
358,4k6i_KHKILHRLLQD,0.9,-405.7581942457443,1200.1519546841491,-49.20198796612402,4,0.6378491675884682,7.300885007775338,17,89.65454545454546,89.65454545454546,6.476020202020211,0.948248326778412,0.9510364532470704,0.9517335295677184,0.9437483549118042,0.5066090226173401,1.2950338125228882,0.0,0.948248326778412,0.8974316120147705,0.972877025604248,-336.4583355205611,1196.3819659296523,-46.11971796043497,3,0.4978694818886776,7.279769982977738,17,0.8801588795401833,0.7919728864323009,7.173334791949301,1.4154951027306644,0.18947625,0.8181817,3.4426455,6.043282,11,1400.6712,0.0,87.55454545454546,9.994485282897951,-0.890909090909091,0.4545454545454545,0.0909090909090909,0.3636363636363636,0.3636363636363636,0.0909090909090909,0.4545454545454545,0.0909090909090909,0.3636363636363636,0.4295813480562456,0.6749219440122625,0.7746185407131487,0.2195165965520498,0.4382454353844217
359,5vkl_LVNADLDVKDELMFPLVDS,0.77,-410.7065456363496,2319.3726894295846,-66.60997946186387,9,0.6128477387915365,6.455878245889839,32,71.3878947368421,71.3878947368421,11.680666825434614,0.6921658515930176,0.8541351556777954,0.8946275115013123,0.77857905626297,0.489558607339859,3.317634105682373,0.0,0.6921658515930176,0.9456939697265624,0.6948583126068115,-231.7296412367824,2300.016561388928,109.6648096122255,34,0.6418655374868582,6.29481659961203,26,0.4909658494748567,0.4658924686281304,13.800617279339813,3.238333369698176,8.145052,11.882128,11.321623,6.1915536,19,2133.4174,0.0526315789473684,15.85263157894737,4.0500284194946286,0.368421052631579,0.4210526315789473,0.3684210526315789,0.4210526315789473,0.5263157894736842,0.1052631578947368,0.0526315789473684,0.2631578947368421,-0.2105263157894736,0.2736621867320633,0.3469183799192177,0.1578399689668363,0.0900832258641871,0.0315091503907835
360,1t5z_SEKFKLLFQSY,0.92,-590.4484131790447,1278.3747571755805,-42.000539970862974,2,0.7098321414714764,6.987539137899655,17,88.80181818181818,80.31272727272727,6.686910484151891,0.9770076274871826,0.9778804183006288,0.9780985713005066,0.9741290211677552,0.2875550985336303,0.6199470162391663,0.0,0.9770076274871826,0.9817832708358764,0.9873729348182678,-424.1121816718141,1219.2264020975715,-10.95191557080176,2,0.6751043694909565,6.647089581020022,17,0.9413634430278432,0.7679749998179349,4.646951347807483,0.5377689897287435,0.19991302,0.18981698,0.37872013,0.5138353,11,1389.5937,0.2727272727272727,45.16363636363637,8.219993019104006,-0.409090909090909,0.4545454545454545,0.1818181818181818,0.4545454545454545,0.4545454545454546,0.2727272727272727,0.1818181818181818,0.0909090909090909,0.0909090909090909,0.3567029179418756,0.7203464466624303,0.913494341714859,0.2735714771743234,0.6673248235101963
