,complex_filename,alphafold_iptm,alphafold_rosetta_score,alphafold_interface_sasa,alphafold_interface_dG,alphafold_interface_delta_hbond_unsat,alphafold_packstat,alphafold_distance_score,alphafold_n_contacts,alphafold_peptide_plddt,alphafold_interface_peptide_plddt,alphafold_peptide_pae,alphafold_ipsae_max,alphafold_ipsae_min,boltz_iptm,boltz_confidence_score,boltz_complex_plddt,boltz_complex_iplddt,boltz_complex_pde,boltz_complex_ipde,boltz_ligand_iptm,boltz_protein_iptm,boltz_chain_0_ptm,boltz_chain_1_ptm,boltz_rosetta_score,boltz_interface_sasa,boltz_interface_dG,boltz_interface_delta_hbond_unsat,boltz_packstat,boltz_distance_score,boltz_n_contacts,boltz_peptide_plddt,boltz_interface_peptide_plddt,boltz_peptide_pae,boltz_peptide_pde,boltz_ipsae_max,boltz_ipsae_min,intra_alphafold_mean_rmsd,intra_boltz_mean_rmsd,intra_all_mean_rmsd,inter_model_rmsd,length,molecular_weight,aromaticity,instability_index,isoelectric_point,gravy,helix_fraction,turn_fraction,sheet_fraction,hydrophobic_aa_percent,polar_aa_percent,positively_charged_aa_percent,negatively_charged_aa_percent,delta_net_charge_frac,uHrel
0,1t7r_ASGFSEFLRS,0.8,-497.4564104665296,923.7350698196587,-21.15547803591471,0,0.6799072464077677,7.172326154990385,13,52.298,42.838,12.471842307692304,0.4222541032237817,0.1266743849537373,0.9162859916687012,0.9611970782279968,0.9724249243736268,0.9621705412864684,0.3057957291603088,1.0461483001708984,0.0,0.9162859916687012,0.9781858921051024,0.96406751871109,-498.9051847296201,986.6180261319532,-3.0578171551799187,2.0,0.5893791502043727,6.467606465837565,13.0,0.8826595783233643,0.721775233745575,7.240956428349018,0.9228109219441047,0.6412161299334003,0.2957786029290359,2.2721343,0.4639797806739807,1.7215347,3.2232589721679688,10,1100.1813,0.2,91.46,6.047009468078613,0.0399999999999999,0.3,0.4,0.3,0.4,0.3,0.1,0.1,0.0,0.7321589573469661
1,6eru_ITRDARAAIYSRFTSGTG,0.75,-264.5619322931348,1030.1393391631543,-14.667969745348046,11,0.7108424093821883,7.083936991739513,18,43.36333333333333,22.40277777777778,13.129638278388278,0.3626347460386757,0.0491706696875527,0.8506147265434265,0.8782864809036255,0.8852043747901917,0.8378925323486328,0.4537814557552337,2.358394145965576,0.0,0.8506147265434265,0.9542236924171448,0.9306923151016236,-246.2618579360112,1606.739443484995,219.82989772178124,20.0,0.650157352971659,6.442472542480511,17.0,0.6697476274437375,0.5008145703209771,10.751859026823434,2.109369297667665,0.5077812277374395,0.128414043473996,10.154068,2.408186674118042,7.5301967,6.121988773345947,18,1943.1246000000008,0.1111111111111111,10.711111111111112,10.737290000915529,-0.3111111111111111,0.1666666666666666,0.2777777777777778,0.3888888888888888,0.3888888888888889,0.2777777777777778,0.1666666666666666,0.0555555555555555,0.1111111111111111,0.2924170046864954
2,5h19_LSNEKTFQQNESWIIQMVRRPELRIKSQR,0.44,-404.8792364249759,1849.8977607595211,17.65819342436407,22,0.676662066525825,6.264611174272267,18,32.670344827586206,22.79172413793103,24.4546084770114,0.0201299018037992,0.0,0.7446637749671936,0.864179253578186,0.8940580487251282,0.7716085314750671,0.4708397090435028,3.903846502304077,0.0,0.7446637749671936,0.9666038155555724,0.8074976205825806,-9.55973284452666,3748.497157938615,329.9550115747853,37.0,0.6281427671724451,6.267717360705065,36.0,0.3723076201718429,0.345710735896538,12.2184811475949,3.5807009203032987,0.418702927159714,0.026067826830422,4.4400945,25.108474731445312,29.599949,37.00103759765625,29,3616.1164,0.0689655172413793,69.93448275862069,10.834572792053224,-1.1344827586206896,0.2758620689655172,0.2068965517241379,0.3103448275862069,0.3103448275862069,0.3448275862068966,0.2068965517241379,0.1034482758620689,0.1034482758620689,0.1628980162759825
3,6bnh_LLKRNWETKKYRR,0.34,219.82894430704005,1495.1410587735263,-8.321237703425368,11,0.6166983488659555,6.384790508690716,23,35.76307692307692,33.66230769230769,17.515096153846155,0.0289646273437712,0.0136294121996288,0.9283140897750854,0.8602489829063416,0.8432326912879944,0.8277056217193604,0.3420263528823852,0.6237763166427612,0.0,0.9283140897750854,0.9387966990470886,0.9326907396316528,-30.53341771015552,1638.6716228995954,42.50046448573924,16.0,0.6073067534072563,6.45416452544203,21.0,0.6963872084250817,0.6421360877844003,3.3602125941274257,0.666585501928169,0.7646294473551961,0.5596541104521047,2.1370533,2.6681628227233887,5.551409,7.530403137207031,13,1791.1081,0.1538461538461538,60.346153846153854,11.06891536712646,-2.1153846153846154,0.4615384615384615,0.0769230769230769,0.3846153846153846,0.3076923076923077,0.1538461538461538,0.4615384615384615,0.0769230769230769,0.3846153846153846,0.1143899409834622
4,3fxv_KLDLHKLYDRDLQ,0.71,-405.8036241406298,1219.9356806345252,-29.969175709520528,3,0.5676441070934332,6.65489025722555,16,63.03153846153847,53.99615384615385,14.309538461538509,0.3446172283282597,0.0880829483802782,0.8727259635925293,0.9151796698570251,0.9257929921150208,0.9187759757041932,0.4925573766231537,1.90715491771698,0.0,0.8727259635925293,0.928663969039917,0.9300651550292968,-266.3319413082264,1484.8778013690423,14.052342213141172,14.0,0.4999946068963819,6.809313388654599,16.0,0.8686163792243371,0.7248344467236445,8.485545620180776,1.5630463996905155,0.591952388407736,0.1815480804707749,1.2556651,0.6521164178848267,5.0208545,9.27464485168457,13,1656.8798999999997,0.0769230769230769,51.87692307692308,6.748516273498535,-1.2000000000000002,0.4615384615384615,0.2307692307692307,0.3846153846153846,0.3846153846153846,0.0769230769230769,0.3076923076923077,0.2307692307692307,0.0769230769230769,0.2177763329500933
5,6bw9_FGRRTMKYGVVLCAKDLRQAPPVP,0.61,-760.5623196551921,2922.655185673423,-43.73001988592091,24,0.6173554449520955,7.074168243762085,55,39.75499999999999,36.474166666666655,21.245768939393876,0.3886439332953162,0.0432859428616309,0.8465642929077148,0.9026323556900024,0.9166494011878968,0.8382895588874817,0.3772057592868805,2.837132215499878,0.0,0.8465642929077148,0.9677190780639648,0.813889741897583,-499.8221431395039,3421.0864530843032,198.17718117355776,45.0,0.6535884697033928,6.692800950979162,56.0,0.4440866398314635,0.4020880957444508,11.048791676677876,2.4650319509687977,0.6531760694083455,0.0693965628258169,18.267548,5.766473293304443,13.140166,5.263890266418457,24,2703.2356,0.0833333333333333,78.0625,10.295617103576657,-0.2041666666666667,0.2916666666666666,0.2499999999999999,0.3333333333333333,0.4166666666666667,0.125,0.2083333333333333,0.0416666666666666,0.1666666666666666,0.2800475277346964
6,1o9a_EKTLWESPVIEDSKTDFNDKSPEH,0.24,148.01397247089358,1603.8792056638456,-32.03762335666221,14,0.5893898259551897,5.570823598437784,21,33.67583333333334,24.500833333333336,21.61053774928778,0.0149928773790939,0.0131781575163,0.7677153944969177,0.783225417137146,0.7871028780937195,0.7472288608551025,0.8644400238990784,4.276413440704346,0.0,0.7677153944969177,0.5968517661094666,0.8644715547561646,90.22144121657098,1221.5783147133325,75.61373876175621,17.0,0.6649730243243492,5.332802327819278,14.0,0.4895340849955876,0.3118002315362294,9.62317193652957,3.526625126589652,0.2832816621741644,0.0615268742574902,13.13018,16.166152954101562,19.220304,22.45577812194824,24,2831.9923000000003,0.0833333333333333,103.89583333333331,4.434259986877441,-1.4791666666666667,0.3333333333333333,0.375,0.2916666666666666,0.2083333333333333,0.25,0.1666666666666666,0.2916666666666666,-0.1249999999999999,0.1833835142980652
7,1g1e_RAAEQDINYMEMLLLR,0.43,-73.38441322839002,1533.1017760789302,-8.695280090591112,3,0.5991078202654684,6.842929976958197,25,52.20562499999999,42.771875,13.004916666666672,0.0406573719638169,0.0151088341117977,0.9198234677314758,0.8847770094871521,0.8760153651237488,0.8662667870521545,0.3730006814002991,0.6845319867134094,0.0,0.9198234677314758,0.9136453866958618,0.9709674715995787,41.53121752423543,1883.0995935132676,84.46873054565634,5.0,0.5846746803800149,6.771061738823353,19.0,0.8499440811574459,0.7940784953534603,2.8185057461084355,0.660737970240769,0.781689001102939,0.4885575762135515,1.1895702,2.4952189922332764,2.194618,2.9106264114379883,16,1966.2853,0.0625,72.95,4.679122352600097,-0.28125,0.5625,0.125,0.3125,0.5625,0.125,0.125,0.1875,-0.0625,0.3860728476072443
8,5zjy_QKRRYSKLLF,0.36,-291.23240575103245,1113.757753345447,-8.944445949871294,7,0.6526986975521043,6.000464852637612,16,33.988,31.666000000000004,21.701736842105245,0.01615498182861,0.0,0.8526966571807861,0.907461941242218,0.9211532473564148,0.847896158695221,0.3892982602119446,1.8702528476715088,0.0,0.8526966571807861,0.967362105846405,0.919726550579071,-3.4399304137886872,1393.2231000946406,194.4962948320251,24.0,0.6151637661729069,6.834964953167589,0.0,0.5617363542318344,0.5162726938724518,7.447140556056248,1.4965419726465878,0.5187947331969979,0.1234641953257621,18.228386,4.74138069152832,21.91388,33.9327278137207,10,1338.6,0.2,82.85,11.097152519226071,-1.1999999999999995,0.4,0.1,0.4,0.4,0.2,0.4,0.0,0.4,0.1962388621667803
9,2cv3_FDKTLPWDDTS,0.5,-405.374389807261,1514.9471171813095,-14.31106215631246,15,0.7011696575166187,6.203227706477847,25,39.35818181818181,39.35818181818181,20.96076059398769,0.0286577698521872,0.0129671067704476,0.9194681644439696,0.9535444378852844,0.962063491344452,0.8983376622200012,0.289240151643753,0.8654009699821472,0.0,0.9194681644439696,0.98624449968338,0.9385040402412416,-230.9995682612773,1538.2566642023382,171.33097582446118,26.0,0.7067902317663652,6.490740672670504,16.0,0.6350889205932617,0.6350889205932617,6.119188361358314,0.8562525948485962,0.6743336544022702,0.3278404105461849,2.2470775,7.431246280670166,5.5856214,7.179065227508545,11,1324.3913999999995,0.1818181818181818,13.818181818181818,4.0500284194946286,-1.1363636363636365,0.1818181818181818,0.4545454545454545,0.4545454545454545,0.2727272727272727,0.2727272727272727,0.0909090909090909,0.2727272727272727,-0.1818181818181818,0.3117191286836188
10,5jw9_TCEEKELLPSWTKSHPPAFPSDHTFTIKVPPITCP,0.28,176.65592527671942,3249.453559212966,-20.65275174033141,13,0.4739984536487928,6.540876772652689,34,41.428571428571445,33.82171428571429,20.00718725868725,0.0166552728067869,0.0132239655311707,0.7458987236022949,0.755052387714386,0.7573407888412476,0.6997395157814026,0.7206650376319885,2.517683982849121,0.0,0.7458987236022949,0.7905070185661316,0.7806555032730103,484.3161334044951,2391.8691054303163,313.9756594492575,16.0,0.5892508869925993,6.868327266149449,17.0,0.5266815219606672,0.417228775365012,8.067820724724113,2.2767900382689987,0.3270424075261366,0.124020133144309,18.11697,6.333110809326172,16.418064,30.305814743041992,35,3935.480600000001,0.0857142857142857,59.95714285714284,5.9633993148803714,-0.482857142857143,0.2571428571428571,0.3142857142857143,0.3714285714285714,0.2571428571428571,0.2857142857142857,0.1428571428571428,0.1142857142857142,0.0285714285714285,0.167885717014803
11,1j80_AHRMAEKQTEKSDAF,0.25,-86.90467723792719,928.2451635042092,-13.286043669927691,7,0.821161422578912,5.63769225097942,17,33.26,22.270666666666667,19.56835057471265,0.0194255608257815,0.0,0.8560861945152283,0.890870213508606,0.8995662331581116,0.8271211385726929,0.3638869524002075,1.1059759855270386,0.0,0.8560861945152283,0.957114577293396,0.8673135042190552,-27.59275621115086,1728.8425073001026,32.21622148995043,22.0,0.6619401397033344,5.859102457803875,18.0,0.5457674304644267,0.5198378006617228,5.551777851033485,0.9814707914474368,0.7001176505231421,0.269442263244215,8.158432,16.78742790222168,13.679324,17.755319595336914,15,1748.9142000000002,0.0666666666666666,40.5,6.803309059143066,-1.393333333333333,0.5333333333333333,0.1333333333333333,0.1333333333333333,0.3333333333333333,0.2,0.2666666666666666,0.2,0.0666666666666666,0.3649915124636685
12,4x8n_EIFERDDEE,0.48,-378.45495664451136,893.3326908869792,-15.096221220837606,6,0.7076075351048964,6.733998173719842,11,44.60888888888888,44.60888888888888,19.573705705705702,0.027238748106061,0.0138731213790724,0.8199657797813416,0.9246179461479188,0.950780987739563,0.8919891715049744,0.3529098629951477,2.7609145641326904,0.0,0.8199657797813416,0.9834861159324646,0.9386902451515198,-233.98892848074377,978.6533440812892,56.29577425237923,4.0,0.7784276865846625,6.450789111018555,11.0,0.4850362903541989,0.4301629629400041,8.15050983228483,1.799768099484143,0.4257978278019996,0.0648011641859887,6.089818,9.34948444366455,8.407866,3.2544751167297363,9,1181.1632000000002,0.1111111111111111,66.51111111111112,4.0500284194946286,-2.022222222222222,0.4444444444444444,0.2222222222222222,0.2222222222222222,0.2222222222222222,0.0,0.1111111111111111,0.6666666666666666,-0.5555555555555556,0.3589083858075471
13,2kwu_EPVWYEEREFMALEDQEPPLKLKDQIEVFEPGPAAA,0.34,11.08453943778582,1656.1395296431422,-25.05128856618393,9,0.5910026235335888,5.8693271591092895,17,47.40027777777778,31.094722222222224,15.656847718254015,0.02446483899949,0.0177610720748077,0.7090315222740173,0.7527785301208496,0.7637152671813965,0.6655624508857727,0.5853477120399475,2.125652313232422,0.0,0.7090315222740173,0.9474566578865052,0.7399153709411621,176.3340443895715,2258.042626244469,168.57038796959029,20.0,0.4696137758878381,6.150727651749977,17.0,0.5297342273924086,0.345401977499326,7.566877681429365,1.9443783644912025,0.3063786957543088,0.149301569614206,14.237033,17.673072814941406,17.31985,16.49294090270996,36,4202.648800000002,0.1111111111111111,68.04166666666666,4.0500284194946286,-0.7194444444444446,0.5,0.2222222222222222,0.2777777777777777,0.4166666666666666,0.0555555555555555,0.0833333333333333,0.2777777777777778,-0.1944444444444444,0.1269184562152019
14,2m41_AQVHSFFPPWLVPSL,0.29,68.72304257767306,1642.0669553983498,-8.145589421514202,14,0.7179986459853498,6.597887415986056,32,32.33266666666666,29.221999999999998,19.00182608695649,0.0209306524408454,0.0107413722280651,0.8842733502388,0.8836182951927185,0.8834545016288757,0.8294997811317444,0.439816266298294,0.9224112033843994,0.0,0.8842733502388,0.9293010234832764,0.9099586009979248,38.85834031640378,1893.0288879831455,150.3095762256415,21.0,0.6419911318993256,6.485598874443016,29.0,0.6544158657391866,0.6544158657391866,4.528879572069587,0.9256526215352874,0.6915690792872307,0.3116895852422083,9.009704,4.934597969055176,9.790613,6.326846122741699,15,1724.9966,0.2,61.973333333333336,6.786086845397949,0.6266666666666667,0.2,0.3333333333333333,0.4666666666666667,0.5333333333333333,0.2,0.0666666666666666,0.0,0.0666666666666666,0.2654577776216787
15,1aze_RPVPRPRPVP,0.15,129.9608035704925,400.36151150803744,2.7663099199404826,1,0.6030117900519205,7.110768891267681,7,38.31,28.306,18.201151515151523,0.0137361795318344,0.0,0.6973516941070557,0.8622707724571228,0.903500497341156,0.8725549578666687,0.443564772605896,1.887325644493103,0.0,0.6973516941070557,0.9429163932800292,0.8260523676872253,-64.74932421451287,866.5083377621335,40.485042578999455,5.0,0.6352687283151078,7.002132605934639,11.0,0.7563071131706238,0.6146162033081055,6.627778162739494,1.4241055594249206,0.1777143362223351,0.1009820985799325,10.597476,2.6276841163635254,9.069633,6.645743370056152,10,1170.4104000000002,0.0,128.74,11.999967765808105,-1.31,0.0,0.5,0.2,0.2,0.0,0.3,0.0,0.3,0.2897286318501815
16,4x3e_SQARQAF,0.62,-708.2841544019565,859.9490723953639,-13.035814299742242,5,0.7592988577158869,6.87874536018863,12,44.62571428571429,44.62571428571429,19.0504410616706,0.0302429826640324,0.0134894235715204,0.9210038185119628,0.9634101986885072,0.9740117192268372,0.962099552154541,0.2810693085193634,1.0462583303451538,0.0,0.9210038185119628,0.9851444959640504,0.9540491700172424,-528.0921913508356,747.7236568183143,65.80928395174715,4.0,0.7532523600792463,6.587481530399465,10.0,0.7773535251617432,0.6933086173874992,8.990069808657983,1.0046691491234403,0.7104137693681506,0.2863268886968503,24.232342,1.56011164188385,16.63177,8.443235397338867,7,806.8663,0.1428571428571428,63.60000000000001,9.46507091522217,-0.8428571428571427,0.2857142857142857,0.1428571428571428,0.1428571428571428,0.4285714285714285,0.4285714285714285,0.1428571428571428,0.0,0.1428571428571428,0.5495378500194993
17,2bdy_EIEDLFEPE,0.55,-329.4705490783324,819.8601859272856,-22.366122069911118,0,0.5657361347212959,6.790975902639662,8,48.30555555555555,38.37222222222223,20.307146198830416,0.0202495748350647,0.01293166881368,0.8716431856155396,0.931195080280304,0.9460830688476562,0.928983986377716,0.4755619168281555,2.1102538108825684,0.0,0.8716431856155396,0.9630653262138368,0.940334677696228,-8.856539666776818,1462.6140323647526,108.82315853798858,19.0,0.6649159151441284,6.138665498291733,1.0,0.7926836940977309,0.7926836940977309,7.832848566933217,1.8148042219772675,0.629538002540311,0.0982017266699964,1.0456556,0.8396793603897095,17.634825,31.39631462097168,9,1120.1629,0.1111111111111111,141.22222222222223,4.0500284194946286,-0.8888888888888888,0.5555555555555556,0.2222222222222222,0.3333333333333333,0.3333333333333333,0.0,0.0,0.5555555555555556,-0.5555555555555556,0.4384660421493601
18,4gly_CCLNHEGCRCRLG,0.48,-270.603944400152,1616.0035813414108,-14.973870069634645,22,0.7140403540223881,6.257343132048556,30,36.13769230769231,34.28769230769231,21.37780262373288,0.0212302326736964,0.0,0.9057125449180604,0.9488987922668456,0.9596953988075256,0.9086295366287231,0.3149599134922027,0.9730320572853088,0.0,0.9057125449180604,0.982594907283783,0.9235119819641112,19.02529559694217,1561.1655611972974,300.38677086680485,33.0,0.7138210831919379,5.979283964432859,28.0,0.707449747965886,0.6587064953950735,6.639886560970356,0.9249194743434944,0.7403838113092823,0.2806195460020977,5.8984213,6.384362697601318,7.171093,8.368866920471191,13,1463.7319999999995,0.0,24.04615384615385,7.902228355407716,-0.1846153846153845,0.2307692307692307,0.2307692307692307,0.1538461538461538,0.1538461538461538,0.3846153846153846,0.2307692307692307,0.0769230769230769,0.1538461538461538,0.0222436132287959
19,3sri_LNTRQISQDIASPCGAPVKTGPFMC,0.72,-453.9165887332703,2274.1419931719606,-52.65801077038873,19,0.6850165864199556,6.346334926152558,29,59.208,52.207200000000014,15.14957942122183,0.1287319671406522,0.0465794308511535,0.7889443039894104,0.91728013753891,0.9493640065193176,0.9230541586875916,0.4434176981449127,2.711390495300293,0.0,0.7889443039894104,0.9715388417243958,0.828805148601532,-372.1063407980504,1384.4974157050126,-4.377482873445104,15.0,0.6408411089311534,6.970334254906996,2.0,0.8080596566200257,0.4965800428390503,11.10342165728474,2.3847140028622373,0.6560815858745602,0.1008989319793125,12.669878,4.169528961181641,23.452892,37.350364685058594,25,2635.0475,0.04,59.04400000000001,8.058370780944824,-0.028,0.2,0.36,0.28,0.32,0.36,0.08,0.04,0.04,0.2852971738368697
20,1jh4_PSMLSSSGSNVESYLPYKFAYV,0.22,288.2793473531659,928.4667194779668,8.341125656122756,5,0.591617855007247,6.124438086674213,17,31.99681818181818,21.56954545454546,22.10423863636369,0.0132947931933406,0.0,0.7021178007125854,0.7443027496337891,0.7548490166664124,0.714686930179596,0.6831638813018799,2.4716482162475586,0.0,0.7021178007125854,0.8362531065940857,0.6469669342041016,-18.85862162202789,1869.9003432410775,56.94735353457223,10.0,0.5332806912299634,6.734025817180767,21.0,0.4979326914657246,0.382210531017997,9.90371181339477,2.5045616276675102,0.1598883259980676,0.0585563404150202,15.168881,9.152901649475098,17.380768,21.215333938598636,22,2426.6942000000004,0.1818181818181818,53.31818181818182,6.411802101135254,-0.0318181818181818,0.2727272727272727,0.4545454545454545,0.3636363636363636,0.4545454545454545,0.3181818181818182,0.0454545454545454,0.0454545454545454,0.0,0.364265295533944
21,1svg_TYIRSHFTRDIRGAAAGNTD,0.42,-584.3786103197332,1588.4989686873084,-0.4579011023810153,17,0.5997669019497781,6.787900602709439,33,29.713500000000003,23.498,23.401594972067027,0.0159849078219535,0.0,0.8473753929138184,0.8853866457939148,0.8948894739151001,0.825144350528717,0.4490823149681091,2.403974771499634,0.0,0.8473753929138184,0.9619766473770142,0.8311485052108765,-142.47407757543002,2192.677338557686,71.89284129530753,28.0,0.6050943330440992,6.140748098138138,29.0,0.6123156815767288,0.5506881088018417,10.890032500677934,1.856830364099428,0.6222200422755848,0.1404053106412447,2.7796698,2.4865593910217285,7.1017647,10.78566551208496,20,2222.3766,0.1,9.304999999999996,8.43563976287842,-0.75,0.15,0.3,0.35,0.35,0.25,0.2,0.1,0.1,0.332385141576992
22,2a0t_DPLSDIYNE,0.32,-33.89906936561933,726.0392285274218,-21.83477953201686,5,0.7110211825094813,7.096405765381001,0,33.00888888888889,26.221111111111117,19.930333333333348,0.0107627198185633,0.0,0.4835220575332641,0.8002955317497253,0.8794889450073242,0.8165426850318909,0.5781332850456238,5.778466701507568,0.0,0.4835220575332641,0.9168508052825928,0.826335072517395,-138.5513302690038,873.1445605133878,4.75273885340161,9.0,0.6387972614387563,6.092339234621934,5.0,0.4486458566453721,0.3406996495193905,17.040202543781035,4.856107183732092,0.0122447211639366,0.0113953012864142,16.19719,9.861818313598633,20.148472,28.344633102416992,9,1065.0876,0.1111111111111111,8.88888888888889,4.0500284194946286,-1.0444444444444445,0.2222222222222222,0.5555555555555556,0.3333333333333333,0.3333333333333333,0.2222222222222222,0.0,0.3333333333333333,-0.3333333333333333,0.6454154110819734
23,5wa1_TEDADQIWKTALD,0.78,-467.0587564901311,738.0022349408573,3.344302411999536,3,0.7162842575620302,7.00369350055508,11,46.900000000000006,34.92230769230769,13.89597760729844,0.3003228302039739,0.0750331153660851,0.7901531457901001,0.9093691110610962,0.9391731023788452,0.8948365449905396,0.3675187528133392,2.8548946380615234,0.0,0.7901531457901001,0.9669671654701232,0.929366409778595,-320.41368985245845,1133.4421506688377,179.81266323768529,6.0,0.663730263676695,6.664337518761133,12.0,0.6654570698738098,0.4963896778913644,13.067631648927955,2.426006184650263,0.2966874534368572,0.0571654986830349,2.9630191,4.516308784484863,5.5322137,6.431437015533447,13,1505.5817000000002,0.0769230769230769,32.330769230769235,4.0500284194946286,-0.9076923076923078,0.3846153846153846,0.2307692307692307,0.3846153846153846,0.3846153846153846,0.2307692307692307,0.0769230769230769,0.3076923076923077,-0.2307692307692307,0.5719454780748576
24,1q69_RPVVVKDRKPGRRNRCSCK,0.27,279.44428113028107,1030.2157690703543,4.559156657084827,6,0.4753049131056739,6.242241298971833,7,54.6921052631579,34.92368421052632,10.52617324561404,0.0419395678093469,0.0337275563389992,0.6061888933181763,0.6117553114891052,0.6131468415260315,0.6217877268791199,0.8969083428382874,1.612746238708496,0.0,0.6061888933181763,0.6431106925010681,0.7068851590156555,234.21145031026504,1586.2056138072066,82.73932824759288,11.0,0.5325060087245432,5.912499014047792,7.0,0.6005076954239293,0.4523903507935373,5.565665379395349,1.6349435281335265,0.1243376390119954,0.123805755018033,4.575835,4.668898105621338,5.60322,7.25707483291626,19,2254.6885,0.0,74.09473684210526,11.454758644104007,-1.4736842105263157,0.1578947368421052,0.3157894736842105,0.1578947368421052,0.1578947368421052,0.2105263157894736,0.4210526315789473,0.0526315789473684,0.3684210526315789,0.142868373959575
25,1ckb_RRPPPPPV,0.53,-70.95763055743559,977.3637241754996,-16.77576120196499,4,0.6727007531713544,6.861864069171818,14,67.41499999999999,67.41499999999999,9.682134615384626,0.0965832042125713,0.0947632915205104,0.9196419715881348,0.9619023203849792,0.9724674224853516,0.956970512866974,0.2763302624225616,0.4619994461536407,0.0,0.9196419715881348,0.9744300842285156,0.9558204412460328,-116.60539603086632,898.9701896981288,-9.403617619860512,3.0,0.7122092260623899,6.695770989035856,14.0,0.9057568162679672,0.9057568162679672,2.7810110934078693,0.432776117668702,0.6833662028008898,0.6499349668754344,2.6322145,0.3869639933109283,2.4007807,1.337996006011963,8,915.0937,0.0,224.8,11.999967765808105,-1.6,0.0,0.625,0.125,0.125,0.0,0.25,0.0,0.25,0.2321341439477969
26,2llo_RWMILKKSLPNRANPKSAS,0.31,107.92031034083988,1645.6654209509786,-39.978725367651975,2,0.4737456458288456,6.554960704811194,23,43.4578947368421,36.37736842105263,15.456581605528957,0.025574174652351,0.0138129012703295,0.8790786862373352,0.8752326369285583,0.8742710947990417,0.844012975692749,0.3768970072269439,0.925744354724884,0.0,0.8790786862373352,0.9273564219474792,0.9077122807502748,61.55014841862821,2042.9799909500168,132.74481575450835,9.0,0.6192772494916247,6.28401046366523,23.0,0.7686843432878193,0.6485143743063274,3.5314850498234445,0.8077072199198364,0.6989678498535115,0.3121438651209549,7.734027,2.5022318363189697,6.4079676,5.071503162384033,19,2197.6056,0.0526315789473684,66.37368421052632,11.999967765808105,-0.8736842105263158,0.4210526315789473,0.3684210526315789,0.2105263157894736,0.3684210526315789,0.2631578947368421,0.2631578947368421,0.0,0.2631578947368421,0.0657210296412186
27,1l2z_GPHPRPPVHSR,0.41,-34.07880334991893,903.0497998619292,-18.04004383911789,5,0.7135654004550167,7.091351058080837,13,54.15636363636363,44.46272727272727,13.0845579078456,0.1765969014051885,0.0707971108650852,0.8340920209884644,0.9115201830863952,0.9308772683143616,0.9067353010177612,0.3130329251289367,0.7693322896957397,0.0,0.8340920209884644,0.9577734470367432,0.9030484557151794,83.38326544180649,1046.3307198488114,71.85784951295801,7.0,0.5572883350088778,6.330171053055964,9.0,0.7797750668092207,0.6366394649852406,4.382443358673996,0.7434030018217982,0.5583859838425744,0.2992638081032144,10.911683,11.72855281829834,12.003017,11.526424407958984,11,1236.3856999999998,0.0,69.65454545454546,11.999967765808105,-1.7090909090909092,0.0,0.5454545454545455,0.0909090909090909,0.0909090909090909,0.0909090909090909,0.3636363636363636,0.0,0.3636363636363636,0.1635219312895572
28,3u9q_LLLKSLLKA,0.9,-537.805266197275,1054.338399055226,-41.57900978276706,3,0.5120459293940371,7.256941852455468,16,88.52222222222223,78.33444444444444,7.200843776106932,0.6299557311834382,0.1901835155481574,0.9657986164093018,0.9552909731864928,0.9526641368865968,0.9534579515457152,0.3621187508106231,0.8488175868988037,0.0,0.9657986164093018,0.9606121182441713,0.9848024845123292,-224.1960559148578,1057.4097674167344,-26.726331602003143,2.0,0.4636692260022712,7.211835273865904,16.0,0.8935015996297201,0.7884523736106025,5.3790139104290215,0.8517684748547218,0.8280020036431206,0.5140894328660061,0.20232554,0.737109363079071,0.79734886,0.6189161539077759,9,998.3031,0.0,-9.977777777777778,10.002737236022949,1.3555555555555552,0.888888888888889,0.1111111111111111,0.5555555555555556,0.6666666666666667,0.1111111111111111,0.2222222222222222,0.0,0.2222222222222222,0.4584753703165563
29,1eol_RPAEPDEIEYA,0.26,-330.7011955913147,1044.81239975486,11.91506699989742,6,0.6262650818826767,6.721782138698451,14,22.08636363636364,22.08636363636364,24.293139351997443,0.0,0.0,0.7847532629966736,0.8998082280158997,0.9285719990730286,0.8824054598808289,0.6070883274078369,3.009517192840576,0.0,0.7847532629966736,0.9555342197418212,0.8718938231468201,213.9395388007426,1616.476107904587,122.83921322908004,25.0,0.6794349845205724,6.090969931631182,12.0,0.6056193194606088,0.6056193194606088,11.539812203397087,2.582791938679366,0.4183868457715343,0.0548329850305265,14.456349,7.186017036437988,21.53917,31.91899871826172,11,1289.3474,0.0909090909090909,133.74545454545455,4.0500284194946286,-1.3545454545454545,0.4545454545454545,0.2727272727272727,0.1818181818181818,0.3636363636363636,0.0,0.0909090909090909,0.3636363636363636,-0.2727272727272727,0.1998228208310474
30,2vda_LAGSARPKAMTLIRAVRLVAAMVKAQMM,0.41,-933.8539023696026,2599.771221066215,7.555171784182448,22,0.6683125712543057,6.493295272225427,19,27.69642857142857,25.5275,26.83124791388508,0.0,0.0,0.3068329691886902,0.7414911389350891,0.8501556515693665,0.8039975762367249,0.9340118169784546,13.521199226379396,0.0,0.3068329691886902,0.7946415543556213,0.7631187438964844,-537.3784987287052,2545.608162407452,86.93463983209529,27.0,0.6000524016018582,6.548876355795437,0.0,0.4770126225692885,0.3420413892183985,27.359638441505734,13.01583011794303,0.0,0.0,19.029612,14.897491455078123,18.015327,26.93699836730957,28,2985.7465999999995,0.0,13.435714285714283,11.999967765808105,0.7285714285714285,0.5714285714285714,0.1071428571428571,0.2857142857142857,0.6428571428571428,0.1071428571428571,0.1785714285714285,0.0,0.1785714285714285,0.2970616288861963
31,1gjb_KGLCQFQK,0.68,-500.9240179109339,953.015008117834,-22.84270799251391,7,0.6599331953840483,5.885156914259392,20,56.9375,56.9375,16.953750000000017,0.0507158850144803,0.0312846852989766,0.9113420248031616,0.9471408128738404,0.9560904502868652,0.9297741651535034,0.2917426526546478,1.006462574005127,0.0,0.9113420248031616,0.9856463670730592,0.9302278161048888,-10.313488055802615,939.0467657772164,210.29909867974044,7.0,0.6558966161368225,5.992459740328843,16.0,0.757488563656807,0.6745294108986855,9.14189171342282,0.970545555516256,0.6476087009758575,0.3222278140261188,3.099831,0.936349868774414,2.3792498,1.504899024963379,8,951.1439,0.125,-20.7125,9.314085960388184,-0.7625,0.375,0.125,0.25,0.25,0.375,0.25,0.0,0.25,0.5305504963612572
32,6osw_ESAKLRLGSMNDSQLTVAAADFTNG,0.25,234.2469157363551,1425.1543952090865,-17.86404247857365,10,0.503573453700085,5.997847689445175,16,44.42,32.462399999999995,13.956010126582289,0.0213060985458363,0.0163183270755418,0.5852429866790771,0.6897878050804138,0.7159239649772644,0.6844645142555237,1.1014831066131592,3.3666391372680664,0.0,0.5852429866790771,0.8701241612434387,0.6587617993354797,-106.36194701300327,1436.212095461003,-24.032158450351943,3.0,0.4993917879379279,5.584314214917499,15.0,0.5592477858066559,0.3787186276912689,9.262737372947644,2.5556065644795383,0.1306554894586038,0.0328133625818257,13.8334255,2.1294870376586914,9.663532,3.824159383773804,25,2596.824,0.04,18.584000000000003,4.558396339416505,-0.26,0.3999999999999999,0.36,0.28,0.3999999999999999,0.32,0.08,0.12,-0.0399999999999999,0.0641687197864699
33,4os5_CNGRLACEHGGLR,0.55,-414.1080672507104,1209.406287668678,-9.537798453954052,13,0.698421377927818,6.310256320273184,29,45.64615384615385,37.11769230769231,18.39337507453784,0.0281713691212427,0.0141848151870221,0.8618391156196594,0.9373950958251952,0.9562840461730956,0.8947591781616211,0.3242430388927459,1.412514567375183,0.0,0.8618391156196594,0.9866138100624084,0.8667423725128174,-89.04762779558651,1443.600655961112,105.04948222393878,36.0,0.7616056304456212,6.406354635504646,30.0,0.6472976712080148,0.5932490137907175,8.62019583566884,1.277160990199093,0.7258910463579556,0.2100403575870399,17.287441,6.285456657409668,12.869073,9.778332710266112,13,1385.5754,0.0,42.00000000000001,8.081772804260254,-0.4615384615384617,0.3076923076923077,0.3076923076923077,0.1538461538461538,0.2307692307692307,0.2307692307692307,0.2307692307692307,0.0769230769230769,0.1538461538461538,0.1258307959092104
34,2mkr_SDLTIDWDTFEEY,0.28,-50.37448292462071,1000.3613071675172,-3.672160738601207,1,0.6314185345882245,7.236260518507149,14,34.77,27.97,21.137806490384623,0.0163142793335926,0.0,0.8677141070365906,0.9231627583503724,0.9370248913764954,0.9248991012573242,0.3733750581741333,0.7975271940231323,0.0,0.8677141070365906,0.8987951874732971,0.8728026151657104,-130.51877984237,1229.9168928318873,44.07773152107029,3.0,0.6160022120449857,5.837743918857202,11.0,0.8507661040012653,0.6172700203382052,6.152075795474677,1.1408519585115404,0.71495101635851,0.3955738019158327,2.9161344,0.9410794377326964,9.111849,15.178412437438965,13,1633.6627,0.2307692307692307,32.23846153846154,4.0500284194946286,-0.8307692307692308,0.2307692307692307,0.3076923076923077,0.5384615384615385,0.3846153846153846,0.2307692307692307,0.0,0.3846153846153846,-0.3846153846153846,0.2144177227509103
35,2n9x_DSEDYDLVDLTDYYSEE,0.41,-22.669417205710616,1737.8899916187042,-45.85702076971703,5,0.6908192765158668,5.790388477440326,19,41.07,37.811764705882354,18.851829111206506,0.0418759752908914,0.0174665468555635,0.7843383550643921,0.8589734435081482,0.877632200717926,0.8302821516990662,0.486860454082489,1.50036358833313,0.0,0.7843383550643921,0.9316375851631165,0.8086849451065063,-109.89369925255032,1912.2856718827795,85.99964959497512,12.0,0.6499637446666615,6.427616940997599,23.0,0.67635236417546,0.6326245139626896,8.857628995151979,1.5579894625894908,0.5623489225907047,0.1786304131705001,1.997987,15.576130867004396,10.997125,7.352540493011475,17,2071.0186000000003,0.1764705882352941,86.2529411764706,4.0500284194946286,-1.3176470588235298,0.2941176470588235,0.4117647058823529,0.4117647058823529,0.3529411764705882,0.1764705882352941,0.0,0.4705882352941176,-0.4705882352941176,0.2777069908200447
36,1o3p_KFKCQLGQ,0.85,-520.4250971237327,914.8338363353556,-23.37443320953776,5,0.6860806545045979,6.337101943115894,17,77.51875,77.51875,11.443666338582672,0.5907774798363457,0.2268652879862371,0.9237390160560608,0.9448361396789552,0.9501103758811952,0.8886741399765015,0.2854425311088562,0.9524688720703124,0.0,0.9237390160560608,0.987567126750946,0.9377110600471495,-92.5702011975622,1030.7781374264034,67.80679599541963,12.0,0.6879701081885794,5.9842686065939406,18.0,0.5648039095103741,0.5648039095103741,8.579424360532343,0.9405624690340963,0.7362404954718799,0.3801159744038273,5.1249113,7.7987961769104,8.052156,9.753378868103027,8,951.1439,0.125,-19.4625,9.314085960388184,-0.7625,0.375,0.125,0.25,0.25,0.375,0.25,0.0,0.25,0.3677945038363389
37,5iay_WSGGTKKKRASGKGPG,0.6,-73.10588896168089,1736.2403607088513,-21.80821947552512,11,0.6809642916856488,6.78070333153814,18,53.08562499999999,47.859375,16.267648809523855,0.2118214805111068,0.0765079341918073,0.9053213000297546,0.8688193559646606,0.8596938252449036,0.8418894410133362,0.3576361835002899,0.7668405771255493,0.0,0.9053213000297546,0.9377880096435548,0.8825742602348328,-154.81230017188008,1772.4085473022687,38.951636999392406,22.0,0.6325452211588828,6.801396913450491,15.0,0.6257476769387722,0.5640953294932842,6.8787990097466505,0.9064831792133018,0.7122518191315385,0.4003359360315079,4.3538265,1.9354441165924072,6.0802374,4.789852619171143,16,1601.8081999999995,0.0625,21.54375,11.33375148773193,-1.5687499999999996,0.3125,0.5,0.125,0.125,0.1875,0.3125,0.0,0.3125,0.1817631553148967
38,5zjz_KLLRWSYFRQK,0.4,-306.92909047352373,808.8563116295009,-10.670524919395802,6,0.7221532641692932,6.76937848456104,13,41.91454545454546,24.893636363636368,20.583758831841724,0.0166988509367109,0.0118422464385205,0.8369935154914856,0.8704212307929993,0.8787781596183777,0.8483161330223083,0.3973917365074157,2.4227333068847656,0.0,0.8369935154914856,0.9681418538093568,0.9673627018928528,4.10765274583537,1178.2248325430023,243.98425771278508,8.0,0.5502586124094718,6.608340651416347,14.0,0.5089407942511819,0.3638484423810785,6.761862832942326,1.8941969763008537,0.4523963743892599,0.0606582319221568,4.111404,17.030410766601562,11.461227,7.479934215545654,11,1524.8099000000002,0.2727272727272727,88.46363636363637,11.097152519226071,-1.1727272727272728,0.3636363636363636,0.0909090909090909,0.4545454545454545,0.4545454545454546,0.1818181818181818,0.3636363636363636,0.0,0.3636363636363636,0.2090666245114937
39,4jk6_ASADRRYCEGVSCGRC,0.45,-375.8556119522348,1254.2469144740091,0.6307697275567534,18,0.745384592185702,6.424667187982633,26,34.25500000000001,29.855,21.89001915708808,0.0215138626860074,0.0126725143781656,0.7036207318305969,0.8883070349693298,0.934478521347046,0.8372484445571899,0.427158921957016,2.7732434272766118,0.0,0.7036207318305969,0.9850563406944276,0.6973428130149841,100.9643807519331,1586.377361962621,400.6774514721649,33.0,0.7426273076943731,5.994841251536921,29.0,0.497705664485693,0.4493029974400997,13.589722994315329,2.60917203319598,0.4899873064201924,0.0702630893216318,7.779483,3.91998291015625,8.719655,12.150007247924805,16,1732.9197,0.0625,50.81875,7.997706031799316,-0.55625,0.1875,0.3125,0.125,0.25,0.3125,0.1875,0.125,0.0625,0.1179072213494944
40,4m8h_LRQHLKHLIDK,0.82,-395.6662950791802,1183.6090569301218,-39.43531875409735,5,0.5051634587578193,7.0751936289169,17,77.36545454545454,77.36545454545454,11.596052525252528,0.5639339399306763,0.166555438780169,0.8254320025444031,0.8974403738975525,0.9154424667358398,0.904204487800598,0.5817254185676575,2.425997257232666,0.0,0.8254320025444031,0.8968011736869812,0.9395392537117004,-242.6832067640447,1040.138206335528,20.348671192583595,3.0,0.6213370589916914,7.346352063584457,13.0,0.7779704169793562,0.5126899047331377,10.100696043498589,2.223668166519416,0.413702746846496,0.0934919716725778,3.7759871,3.851090908050537,6.2661843,12.121546745300291,11,1400.6712,0.0,28.672727272727272,9.99442081451416,-0.8909090909090908,0.4545454545454545,0.0909090909090909,0.3636363636363636,0.3636363636363636,0.0909090909090909,0.4545454545454545,0.0909090909090909,0.3636363636363636,0.5500500405064238
41,2jq9_NALRLLDQSRERA,0.29,-139.9183752580436,853.5691880906048,-6.886743522959534,6,0.4729837742188886,6.791958771501773,10,48.75538461538462,41.22153846153846,14.794166666666644,0.0273815239530277,0.0147116844239765,0.8310316205024719,0.8622943162918091,0.8701099157333374,0.8231173157691956,0.3301057517528534,1.155506610870361,0.0,0.8310316205024719,0.9610693454742432,0.9736024737358092,-52.08317774556895,904.3355800433638,103.56261785937288,0.0,0.6977482970857606,6.695925817141507,10.0,0.6537535282281729,0.4933783457829402,3.704106244548554,0.9615603095336712,0.481236735296462,0.1477286105770886,2.8342686,18.61768341064453,12.683195,7.617133140563965,13,1541.7115,0.0,72.66153846153847,9.510327720642092,-1.0230769230769232,0.4615384615384615,0.2307692307692307,0.2307692307692307,0.3846153846153846,0.2307692307692307,0.2307692307692307,0.1538461538461538,0.0769230769230769,0.4725439448180446
42,5q0t_DQLHLRLKYDL,0.75,-427.9757298564806,1133.0022423701269,-33.746859880934096,1,0.5805707765207819,7.093246299448178,16,69.41636363636364,69.41636363636364,11.952750682793598,0.3165809272795204,0.0599744816650761,0.6976760029792786,0.846923291683197,0.8842350244522095,0.8160578012466431,0.5400357842445374,4.14603853225708,0.0,0.6976760029792786,0.9266630411148072,0.824131429195404,149.6480157247361,1693.8786909747882,172.16660437540676,26.0,0.4140095681117077,6.710960835872782,0.0,0.3749051175334237,0.3473898551680825,13.380569477938042,3.4439943881296244,0.1476845181341288,0.0257905037263145,3.4086366,26.399799346923828,22.2233,30.70170211791992,11,1413.6202,0.0909090909090909,40.409090909090914,6.7460721969604505,-0.7454545454545457,0.4545454545454546,0.1818181818181818,0.4545454545454546,0.4545454545454546,0.0909090909090909,0.2727272727272727,0.1818181818181818,0.0909090909090908,0.258515805995029
43,2kxh_AGGDGQVDQADLRTKAKAGNAIFSAYIGRAM,0.25,-191.3809982939835,1012.783552370756,-15.732134800075984,3,0.7087730160139892,6.583537801523184,20,34.473225806451616,18.106129032258067,22.93701122019629,0.0121182393768701,0.0,0.4643429219722748,0.7639533877372742,0.838856041431427,0.7271369695663452,0.7552763819694519,6.809942245483398,0.0,0.4643429219722748,0.9360180497169496,0.6129491925239563,-133.6626039860157,2247.605976196563,129.70124101226148,34.0,0.6216925957055959,6.199573124878262,3.0,0.441678790315505,0.3473524143618922,18.001195516475956,5.832008853592344,0.0132372538768603,0.0117014537059215,15.1913395,25.14098358154297,21.123114,30.57428932189941,31,3153.4843,0.064516129032258,7.112903225806453,8.539433860778807,-0.2677419354838706,0.3548387096774193,0.3225806451612903,0.2258064516129032,0.4516129032258064,0.1612903225806451,0.1290322580645161,0.0967741935483871,0.032258064516129,0.0602254128958858
44,2n01_FPEHAAPTGTPRFDKDKHVGNWE,0.38,-82.51647325671608,1651.793776160959,-41.670501267489314,9,0.7174395682626393,6.1814691565643445,22,50.79956521739131,45.93869565217392,16.58783619818,0.0172969270326874,0.0140989120977823,0.8138392567634583,0.8046296238899231,0.8023272156715393,0.7827053070068359,0.6737491488456726,2.326395034790039,0.0,0.8138392567634583,0.8682544231414795,0.7880090475082397,421.701108356852,2561.606563976969,507.7872940328487,22.0,0.7106791458840199,6.398985020201516,26.0,0.6386067063912101,0.6386067063912101,7.431329645701116,1.7152243411456611,0.4581499471278901,0.1395865859374626,16.85247,5.252659797668457,17.895868,20.564027786254883,23,2636.8299,0.1304347826086956,6.021739130434776,6.051101875305175,-1.334782608695652,0.2608695652173913,0.3478260869565217,0.2608695652173913,0.2608695652173913,0.1304347826086956,0.217391304347826,0.1739130434782608,0.0434782608695652,0.2239846869877142
45,6fdp_VMEEDTDRS,0.68,-294.8234520078639,1260.952857311116,-23.64499541098473,4,0.6210430212259669,7.022429585086348,23,61.96444444444444,61.96444444444444,13.146141257536607,0.3237040857871679,0.1227703409639502,0.8354498744010925,0.9376007318496704,0.963138461112976,0.9460840821266174,0.3775242567062378,1.610263466835022,0.0,0.8354498744010925,0.945334494113922,0.8719092011451721,-205.74799382632133,1194.8129149321096,31.76204730780171,13.0,0.6776890391094798,7.116959427459983,17.0,0.8009774088859558,0.8009774088859558,7.733886441390746,1.390528740115868,0.4269956883100219,0.2013197878509721,3.0208385,1.4436208009719849,3.6568003,5.948237419128418,9,1081.112,0.0,90.25555555555556,4.0500284194946286,-1.5444444444444447,0.3333333333333333,0.3333333333333333,0.2222222222222222,0.2222222222222222,0.2222222222222222,0.1111111111111111,0.4444444444444444,-0.3333333333333333,0.276282069128918
46,2kqs_SDILPCVSITEQTAVDKDSE,0.44,438.7378870360703,1445.0011236669495,-21.41408361088492,9,0.5994264608498179,6.112258404625288,17,44.7375,29.876,18.693337606837616,0.2174358977185545,0.1086307369044171,0.7168700695037842,0.6968759298324585,0.6918773651123047,0.6145409345626831,0.7175816297531128,2.815638780593872,0.0,0.7168700695037842,0.8326849341392517,0.6933838129043579,25.359545191120837,2114.370907645517,45.36798399910119,22.0,0.6516139611605738,5.928477269431448,16.0,0.3372393392026424,0.3187356822192669,9.549158469746764,2.60476727931418,0.2182157211892471,0.053260737408968,18.098158,23.358402252197266,20.469719,28.780866622924805,20,2150.317500000001,0.0,47.98,4.0500284194946286,-0.2399999999999999,0.25,0.35,0.35,0.3,0.35,0.05,0.25,-0.2,0.2631118644733469
47,6e83_STARKQKATGTR,0.25,150.55726663361708,1093.7787056592254,-11.74330947933734,11,0.7336106063403137,5.920147262225848,0,39.515,34.86166666666667,17.265921052631576,0.0253302631521324,0.0151365857343758,0.7382892370223999,0.8313337564468384,0.854594886302948,0.820520281791687,0.4081495106220245,1.261043906211853,0.0,0.7382892370223999,0.942647397518158,0.7885241508483887,78.31440315389176,1133.6969221975153,55.82658414803079,17.0,0.7253685242290981,6.170406473769151,0.0,0.6539730181296667,0.3338277439276377,7.105523800346673,1.3155348197017844,0.5061323485830957,0.187454687721557,17.580788,6.49695348739624,15.38924,18.14964866638184,12,1304.4566000000002,0.0,14.716666666666663,11.999967765808105,-1.6666666666666667,0.3333333333333333,0.1666666666666666,0.25,0.1666666666666666,0.4166666666666666,0.3333333333333333,0.0,0.3333333333333333,0.1999537650605472
48,1doj_EFPEQDEELI,0.28,-111.97535505297444,1150.550387717152,9.432260438627438,7,0.6505788446755763,6.068436923083279,15,23.554,16.644,24.661353135313544,0.0,0.0,0.7022072076797485,0.8598063588142395,0.8992061614990234,0.8951185941696167,0.6919286847114563,4.364274501800537,0.0,0.7022072076797485,0.9428558945655824,0.8441452383995056,-123.89289073399948,1248.9297184871857,207.9661703901945,13.0,0.6638615519052514,6.133038605732305,0.0,0.5975556820631027,0.4711575269699096,13.81587381282262,3.9188331178804434,0.3670882662804169,0.0271444822490277,24.552872,3.0990805625915527,23.16968,36.45848846435547,10,1248.2921,0.1,116.76000000000002,4.0500284194946286,-1.15,0.5,0.2,0.3,0.3,0.1,0.0,0.5,-0.5,0.4074664981540003
49,4uja_RFYNAGTDTRIARGASDTHI,0.39,-312.3136423581424,1731.7738769845446,4.934575934502448,24,0.6695527457136462,6.197282773658928,20,25.099,19.7355,24.454898876404503,0.0151840572425441,0.0,0.7685769200325012,0.8744534850120544,0.9009225964546204,0.8206884264945984,0.5287147760391235,3.151038408279419,0.0,0.7685769200325012,0.95930278301239,0.7455834150314331,-219.84185956933808,2970.20110384742,259.33186206956736,41.0,0.6463925805008843,6.179487983722411,25.0,0.6021106213331222,0.5719540804624558,12.536191841813451,2.769426951000697,0.4149642903822388,0.0584143806047871,7.651826,9.641900062561035,10.59994,11.41605281829834,20,2222.3766,0.1,20.0055,8.750245475769042,-0.75,0.15,0.3,0.35,0.35,0.25,0.2,0.1,0.1,0.084671523951246
50,1xh9_YGFTHAARSAINRTGDRDIT,0.65,-723.2282124640742,2124.499821239712,-34.97723638583295,21,0.6424447267063879,6.297546066229897,22,50.9635,43.3015,17.753485955056146,0.255843026842689,0.0612181891405786,0.8734537959098816,0.8991220593452454,0.905539095401764,0.8137927651405334,0.4418555498123169,1.952059030532837,0.0,0.8734537959098816,0.9654917120933532,0.8198701739311218,395.7274985346646,3049.3038082634807,693.9723020178214,42.0,0.6707845517907394,6.23281218885077,28.0,0.5564256563782692,0.5564256563782692,9.244421535043903,1.594245202383131,0.5442391355593543,0.1766333401497654,9.200865,1.5356611013412476,11.975167,23.57784652709961,20,2222.3766,0.1,19.21,8.750245475769042,-0.75,0.15,0.3,0.35,0.35,0.25,0.2,0.1,0.1,0.3045820670905276
51,1zgi_PDLEEFIEE,0.77,-440.8927589120954,766.9324247709703,-24.852953017009725,5,0.5556936230152948,7.224791230634238,7,70.89444444444445,62.29666666666666,12.906288499025331,0.3320685770274107,0.0504177162485684,0.6885600686073303,0.880801796913147,0.92886221408844,0.887475311756134,0.6490364670753479,6.4757513999938965,0.0,0.6885600686073303,0.9538015723228456,0.9290656447410583,-86.85785982969978,1113.8637685227227,82.26670624523528,8.0,0.6700491975219213,6.1902104130253415,0.0,0.5868534611331092,0.5868534611331092,12.978218791115353,4.510417897891813,0.1947493128174276,0.0155022600166161,4.6111608,2.206294536590576,22.657145,38.26451873779297,9,1120.1629000000005,0.1111111111111111,121.77777777777776,4.0500284194946286,-0.8888888888888888,0.5555555555555556,0.2222222222222222,0.3333333333333333,0.3333333333333333,0.0,0.0,0.5555555555555556,-0.5555555555555556,0.6351174779113183
52,2k42_PHPLPGADAQHAMNLMMWPVQELHIRERNAIAPQHG,0.54,250.93297955204656,1388.413391555165,-34.99899366047467,3,0.6430868533476446,6.325369578158761,22,52.21444444444443,29.14527777777778,16.447157921810724,0.3334954262728278,0.0774050622599239,0.6758537292480469,0.7418281435966492,0.7583217024803162,0.7376462817192078,0.6749224662780762,2.1158571243286133,0.0,0.6758537292480469,0.864470362663269,0.7654550075531006,-50.06241190803989,2117.5409220163488,31.57300678066887,10.0,0.5801899567030097,6.249263755590723,19.0,0.7036451978815926,0.4137590113613341,8.121148110831102,2.1889738318100265,0.2963791432413162,0.1242487366254268,9.281966,18.883975982666016,17.26256,22.55965614318848,36,4064.637100000001,0.0277777777777777,42.90833333333333,6.463923454284667,-0.5611111111111111,0.3611111111111111,0.2777777777777778,0.1944444444444444,0.4166666666666667,0.1388888888888889,0.1666666666666666,0.0833333333333333,0.0833333333333333,0.1136832769878635
53,3ch5_PDPPAEAAFVCCEVDFGCDCKTKTQPKGWKLITGKNV,0.21,51.05750821588076,1773.6760441901615,16.419348553670005,24,0.6695009426116338,6.234194410878537,17,33.825405405405405,23.177567567567568,22.33903760282021,0.0,0.0,0.4942479431629181,0.7421194911003113,0.8040873408317566,0.6596900224685669,0.9137200713157654,6.524279594421387,0.0,0.4942479431629181,0.9464028477668762,0.579494833946228,-64.20296113624103,1852.3786183004188,63.35842308436942,23.0,0.6153792594351569,6.457047255880326,16.0,0.4142110694099117,0.2658240609877818,17.742811574726492,5.149338924657164,0.0122655843519273,0.0,15.41107,16.291318893432617,18.05477,20.647315979003903,37,3997.5962000000018,0.081081081081081,14.532432432432431,6.51217975616455,-0.3432432432432432,0.2972972972972973,0.2972972972972973,0.2972972972972973,0.2972972972972973,0.2432432432432432,0.1351351351351351,0.1351351351351351,0.0,0.0560315776539347
54,1qwf_LVAPPPLRPSRL,0.37,-53.93275918875375,840.7773442079449,-14.460561123912726,3,0.6344327555559472,6.806842041368804,15,54.1875,44.01083333333333,14.064080882352954,0.0447124224540705,0.0331350726083553,0.9280011653900146,0.9404598474502563,0.9435744285583496,0.9385939240455629,0.2706371247768402,0.3980867862701416,0.0,0.9280011653900146,0.978729486465454,0.9385225176811218,-97.60860816257984,888.1212696098453,-2.647635938476398,3.0,0.6535740103456724,6.789219602870781,15.0,0.8595567295948664,0.6741044819355011,2.5146280055244765,0.3782601619468015,0.8858366814234321,0.7087987917438968,5.656091,1.9192345142364504,4.504269,2.381706953048706,12,1315.6065,0.0,121.5166666666667,11.999967765808105,0.1,0.3333333333333333,0.4166666666666666,0.3333333333333333,0.4166666666666666,0.0833333333333333,0.1666666666666666,0.0,0.1666666666666666,0.1699369200265868
55,4tq1_IFWKTVEEAKQLLRRQTAEAQQYHRFRTEENQ,0.71,-533.3947368989218,2055.355787124096,-41.58467303274921,13,0.6410051029557567,6.403151804497774,27,68.3584375,46.76187500000001,11.81686422413788,0.3599492088692585,0.0670379556304202,0.3776712119579315,0.6934635043144226,0.772411584854126,0.6666661500930786,1.2839874029159546,8.507746696472168,0.0,0.3776712119579315,0.8662307262420654,0.8507201671600342,684.3776157706923,2308.0505446464235,281.77348801596594,24.0,0.6187309972142053,6.143144145391099,16.0,0.5668739899992943,0.3864088971167803,19.076348640943134,6.406182365251127,0.0,0.0,1.2638446,19.8218994140625,17.186594,31.000720977783203,32,4035.4405,0.125,78.56875000000001,8.502815818786619,-1.390625,0.375,0.03125,0.34375,0.34375,0.28125,0.21875,0.15625,0.0625,0.2747466329109124
56,1ta6_LEADAFEEIP,0.75,-460.1828411892843,1135.008750448409,-32.31482157056064,9,0.650533991356824,6.307003885040539,14,64.96600000000001,60.978,15.34407692307692,0.4328593721587289,0.0899431888453679,0.8596594929695129,0.927742600440979,0.9447633028030396,0.9293514490127563,0.4404115676879883,1.827863335609436,0.0,0.8596594929695129,0.96746826171875,0.8925490379333496,-108.22250797267176,954.2120480030784,-12.574025575113836,10.0,0.553348787417056,6.298615394961385,13.0,0.7369181036949157,0.5732072949409485,11.666564761800366,1.59742603011273,0.6289883182659418,0.1742924258272476,20.716637,1.764054536819458,13.6785345,5.407039165496826,10,1133.2047000000002,0.1,49.49,4.0500284194946286,-0.09,0.6,0.2,0.3,0.5,0.0,0.0,0.4,-0.4,0.3510389879358339
57,2lxm_TYESEGDLAAELSEALASDPLALDEGDLDDLDEDAE,0.44,-117.02846544515997,2397.158065868352,-34.868697532940786,15,0.6027357013764699,6.754781701862265,25,37.10388888888889,31.341388888888886,18.72417922948076,0.1378051505596906,0.0351489232559378,0.6341252326965332,0.779557466506958,0.8159155249595642,0.7011889219284058,0.5834935307502747,3.370079278945923,0.0,0.6341252326965332,0.9421889185905457,0.6985607147216797,-181.9203588368416,2626.5275606493647,59.56356263180328,25.0,0.5862802325596055,6.045028805281713,22.0,0.4499496445059776,0.3107536112268765,11.971176303066168,3.044790466489205,0.2113994906764159,0.0455821620459301,15.409296,19.861309051513672,17.664633,8.665575981140137,36,3797.8099,0.0277777777777777,29.027777777777786,4.0500284194946286,-0.6083333333333333,0.5555555555555556,0.3888888888888888,0.25,0.3888888888888889,0.1111111111111111,0.0,0.4166666666666666,-0.4166666666666666,0.1861606105181266
58,5zgg_LNASGRVIYAVTDRLSVFAYITTVCVWGPINAKL,0.26,169.90603661151908,1468.408641836657,-6.065762523691888,3,0.5348561944696633,6.614859788065384,5,65.76411764705881,43.47705882352942,9.701829584775082,0.0255779185820955,0.0193419411013252,0.7021704316139221,0.656923234462738,0.6456114053726196,0.6507341265678406,0.5699841380119324,1.963812232017517,0.0,0.7021704316139221,0.8745817542076111,0.845329761505127,74.8250760872596,1139.5822267343726,-0.9557486203067072,5.0,0.5696876402875523,6.607100488678392,8.0,0.6009145449189579,0.2353604102835935,4.545837928924491,1.4974241995971302,0.1181229870153121,0.10062935224226,9.890696,15.501226425170898,17.350847,22.662315368652344,34,3712.3209,0.1176470588235294,4.191176470588236,9.194948387145995,0.7470588235294119,0.2352941176470588,0.2352941176470588,0.5294117647058824,0.5588235294117647,0.2352941176470588,0.088235294117647,0.0294117647058823,0.0588235294117647,0.2558239586796025
59,5o45_FWYGVYLD,0.34,-158.7007794520129,774.463427409099,-13.818790506016086,4,0.7681169082572598,6.78597471705877,15,36.416250000000005,31.6975,21.05623175182481,0.0192814335282296,0.0,0.8924264311790466,0.8949207663536072,0.8955442905426025,0.8456636667251587,0.335286021232605,1.5072158575057983,0.0,0.8924264311790466,0.9574180245399476,0.9310540556907654,-33.972401047991184,953.7975749693336,90.02274900307886,5.0,0.798258911135721,6.826807171099123,11.0,0.5373152606189251,0.3960067890584469,6.206581742359991,1.2262101269660204,0.5090729911033673,0.2107052393493725,15.31916,20.800559997558597,18.335741,6.264325141906738,8,1062.1726999999998,0.5,-11.2875,4.299381065368652,0.425,0.125,0.25,0.75,0.75,0.0,0.0,0.125,-0.125,0.1659201947590879
60,4fmq_ASSRSQLALRKSAQL,0.52,-666.43304584853,1124.1271888246035,2.7498161240317813,3,0.611458209714304,6.141819077095254,18,42.11666666666667,31.90533333333333,23.02860821917812,0.0164078156439222,0.0,0.799627423286438,0.8782968521118164,0.8979642391204834,0.8651449680328369,0.3701842129230499,2.9325714111328125,0.0,0.799627423286438,0.9749606847763062,0.8806707262992859,-545.055309731668,1498.7541307927409,45.31418203296085,11.0,0.5927986311503612,6.02140130894531,19.0,0.6848242859045665,0.5360593934853871,12.63075715620768,2.4028662386005872,0.343691376262083,0.0551594136577016,2.5140774,3.975040435791016,6.2107754,10.022845268249512,15,1615.8331000000005,0.0,89.98666666666668,11.999967765808105,-0.4200000000000001,0.4666666666666667,0.2666666666666666,0.2,0.4,0.4,0.2,0.0,0.2,0.300773201988938
61,2kpl_RSQRTSERVRT,0.38,90.39856402421444,1466.6668808133556,-7.454140991252331,18,0.6168995711899334,6.414693108391066,26,36.77363636363636,34.68090909090909,17.755759740259762,0.0233271319067737,0.0145285623238317,0.8339444398880005,0.8442177176475525,0.8467859625816345,0.7940412163734436,0.5753228664398193,1.6183780431747437,0.0,0.8339444398880005,0.9153514504432678,0.8472588658332825,79.18073553581605,1951.6314281834336,213.3652607511061,31.0,0.6226966854532578,5.958809771725828,26.0,0.6598394458944147,0.6598394458944147,6.911451105134828,1.3847356152998938,0.5103931128795516,0.2360259223919576,2.0406651,5.919765472412109,5.0164165,4.4590744972229,11,1375.4947,0.0,84.05454545454546,11.999967765808105,-2.163636363636364,0.0909090909090909,0.1818181818181818,0.2727272727272727,0.0909090909090909,0.4545454545454545,0.3636363636363636,0.0909090909090909,0.2727272727272727,0.3960496955566662
62,6h41_EAEIAFCIHTEDWWRCSV,0.38,-301.46265596637744,1268.160167307661,20.505330963834183,11,0.7240892510017053,6.594322223918416,5,31.690000000000005,27.602777777777774,24.90222052327557,0.0122209869103084,0.0,0.5817797183990479,0.8179578185081482,0.8770022988319397,0.7989388108253479,0.6911470293998718,10.29172134399414,0.0,0.5817797183990479,0.9015663862228394,0.9043357372283936,361.71954728392177,1361.4534922821,214.1875115535939,10.0,0.6255197345644171,5.741888479517905,0.0,0.4920426507790883,0.3877069602409999,18.02851403199549,8.272402529398722,0.0,0.0,6.1580563,1.275630235671997,33.99744,58.19112777709961,18,2195.4323,0.1666666666666666,44.21111111111112,4.397087287902832,-0.0222222222222222,0.2777777777777778,0.1111111111111111,0.3888888888888888,0.4444444444444445,0.2222222222222222,0.1111111111111111,0.2222222222222222,-0.1111111111111111,0.0462174007366261
63,1gbq_PPPRPRRVVP,0.46,5.2031825406986485,966.402932360673,-9.567311417748224,8,0.672204748867347,6.852300087503401,16,60.765,51.797,11.443985074626866,0.129458818983485,0.08023196049624,0.8944064974784851,0.9447604417800904,0.9573489427566528,0.9467784762382508,0.3181195855140686,0.5428488850593567,0.0,0.8944064974784851,0.9517740607261658,0.9072540402412416,-80.32222017279072,1146.635234111003,16.863972755734537,4.0,0.7355589194042206,6.732614108359904,14.0,0.9033459842205048,0.8281279325485229,3.227499463531508,0.5492137879133224,0.7804948497356434,0.5929227091671947,4.131836,0.4865091443061828,3.2211986,2.4932427406311035,10,1170.4103999999998,0.0,128.24,11.999967765808105,-1.31,0.0,0.5,0.2,0.2,0.0,0.3,0.0,0.3,0.3444403175527145
64,2hfp_EGLLHSEHSTRKPQILR,0.62,-510.0678563200494,1613.6024969828572,-32.14461460528622,10,0.4950266056590239,6.808999888815119,15,51.22176470588236,44.54058823529412,18.61202727457767,0.1103949512901951,0.0507732037250368,0.6951733827590942,0.8246604204177856,0.8570321798324585,0.7843648791313171,0.5553964972496033,4.3274335861206055,0.0,0.6951733827590942,0.9524266719818116,0.768876850605011,798.1316741809774,2801.4799078605997,1152.2354115403073,58.0,0.5291107582346125,6.147041831457426,12.0,0.458997905254364,0.4350800338913412,12.419542025202237,3.823709689337005,0.2785882556817433,0.0222022301909206,8.850733,14.107154846191406,14.465829,13.823246955871582,17,2001.2502000000004,0.0,45.85882352941177,8.854619789123536,-1.0705882352941176,0.3529411764705882,0.2352941176470588,0.2941176470588235,0.2352941176470588,0.2352941176470588,0.2941176470588235,0.1176470588235294,0.176470588235294,0.0340680122332352
65,6nwl_PKLKSALALLPL,0.8,-605.1430863032824,1205.2721223909691,-27.27212426099345,1,0.4971235029855073,7.300823737735907,14,73.39083333333333,73.39083333333333,11.930367177522342,0.5414261779274714,0.1270408028796442,0.856580913066864,0.9227650761604308,0.9393110871315002,0.9144790172576904,0.3988752961158752,2.337268352508545,0.0,0.856580913066864,0.9634142518043518,0.9490297436714172,-455.0244050917781,1257.762434223565,39.39702366022391,2.0,0.5796817775974302,7.047673148840911,13.0,0.7723328818877538,0.6366591701904932,8.70142445522973,1.8012850014338244,0.5405800029386464,0.0988495176877076,1.3489894,2.074744701385498,1.760867,1.2386164665222168,12,1263.6114,0.0,11.066666666666668,10.01866092681885,0.9,0.75,0.25,0.4166666666666667,0.5833333333333334,0.0833333333333333,0.1666666666666666,0.0,0.1666666666666666,0.2511273025298627
66,3mvh_REGTTFRASP,0.7,-485.5178401608977,1475.3977934337208,-28.41661241499105,7,0.6004974360106465,6.385343174390152,19,54.622,54.622,16.90492523364486,0.1458504855364229,0.0417382355783892,0.8815297484397888,0.8933812975883484,0.8963442444801331,0.8290455937385559,0.4442163705825805,2.1080398559570312,0.0,0.8815297484397888,0.9557915329933168,0.9228116869926452,-438.3761719072963,1433.7182681845077,40.46828044069912,7.0,0.6523250377656108,6.254814229645209,17.0,0.593471571803093,0.593471571803093,10.640959167963247,1.5801327832948382,0.6746399790426214,0.174736627330258,6.521193,1.5272541046142578,4.8048773,3.23306941986084,10,1121.204,0.1,56.79,9.598842811584472,-1.21,0.2,0.3,0.3,0.2,0.3,0.2,0.1,0.1,0.0758454149397745
67,5b75_RKAKGSTKALQATTTARRKQAPAG,0.5,-33.78058579344507,1708.84312846735,-4.645411638582953,10,0.6414121817643885,6.4871850802716615,34,55.85375000000001,34.415,15.323578088578095,0.1994917438469797,0.0496338558498666,0.7953526377677917,0.869167149066925,0.887620747089386,0.8556818962097168,0.5476680397987366,1.9458763599395752,0.0,0.7953526377677917,0.9126477241516112,0.860913872718811,79.8679174393738,2025.052806631572,77.83807094656507,13.0,0.6392933458872796,6.159052907169316,24.0,0.7480849735438824,0.6420613303780556,7.660576037272359,1.6156955743447328,0.5005020436195364,0.1331941074377014,14.237793,3.63684344291687,12.503684,20.57022476196289,24,2497.8557,0.0,69.39583333333333,11.999967765808105,-1.145833333333333,0.4583333333333333,0.1666666666666666,0.2083333333333333,0.2916666666666667,0.2916666666666666,0.2916666666666666,0.0,0.2916666666666666,0.2455826763799808
68,2k00_RGVSYESIWGEKNYE,0.28,-8.872898818049913,1386.9906999901846,11.849686005298564,13,0.6803646497197409,6.385153117383255,8,45.206,38.29733333333333,17.320492211837994,0.0183088861461728,0.0127904206894993,0.7922343015670776,0.8218429684638977,0.8292451500892639,0.7412235736846924,0.4641074240207672,1.4185161590576172,0.0,0.7922343015670776,0.9231219291687012,0.8990957140922546,22.392138608529663,1317.9556519900827,148.09430365485352,11.0,0.5902745331303689,5.660963353055978,5.0,0.492170105377833,0.3698034008344014,5.813231005326981,1.2128700938180228,0.4252636384532985,0.130467316283037,13.286636,16.1422119140625,15.6661415,13.480786323547363,15,1816.92,0.2,-5.479999999999999,5.009527397155761,-1.3066666666666669,0.2666666666666666,0.3333333333333333,0.3333333333333333,0.3333333333333333,0.2,0.1333333333333333,0.2,-0.0666666666666666,0.2016440545830247
69,4bxu_DLEFQNDSEQLAAEV,0.44,193.56841957565356,1153.2330208336186,-14.189230944720151,1,0.6365974167196636,6.645883180660778,12,59.48733333333333,55.79533333333333,12.535968253968266,0.0602272433192654,0.0381150521908612,0.8665493726730347,0.8336936831474304,0.8254798054695129,0.8603145480155945,0.4980181157588959,1.3442766666412354,0.0,0.8665493726730347,0.8601205348968506,0.9659220576286316,-43.41605576732167,955.5327192555156,3.460879007332011,1.0,0.6419643462849058,6.410346068189801,11.0,0.8452995260556538,0.4944771329561869,4.365215506369159,1.270600414418039,0.4131551604101921,0.2426311117077261,6.8804107,7.03832483291626,10.512345,14.09762477874756,15,1707.7462,0.0666666666666666,47.85333333333333,4.0500284194946286,-0.7066666666666668,0.4666666666666667,0.2666666666666666,0.2666666666666666,0.4,0.2666666666666666,0.0,0.3333333333333333,-0.3333333333333333,0.2654879177396644
70,2k3w_ELLPSIEPPVPE,0.55,-29.262676249668655,1253.5750557962183,-16.251333945931286,2,0.6813013479979652,6.856811352194831,22,58.625,58.625,12.544549019607835,0.1807004445005168,0.0875785522681753,0.6765617728233337,0.859255313873291,0.904928743839264,0.8584502339363098,0.4987873136997223,2.583102941513061,0.0,0.6765617728233337,0.9436596632003784,0.8226137161254883,-91.33520765984774,1388.4094199614888,54.87852910394624,13.0,0.6321437505891873,6.939636745498115,21.0,0.655459518233935,0.655459518233935,7.1865060593567645,2.0180567637670275,0.2217288188418663,0.0430214074618842,3.1992373,12.898496627807615,9.0344715,2.696465492248535,12,1319.4992000000002,0.0,156.56666666666666,4.0500284194946286,-0.1166666666666667,0.4166666666666666,0.4166666666666666,0.3333333333333333,0.3333333333333333,0.0833333333333333,0.0,0.25,-0.25,0.6506949702741536
71,5hfc_KYVNQSF,0.45,-152.71968506886276,1087.4759881784614,-20.11991789291224,9,0.6842465828790869,5.97370882620617,19,45.28285714285715,45.28285714285715,16.954850230414735,0.027598899607884,0.012873614483305,0.929459035396576,0.923510491847992,0.9220232963562012,0.8992468118667603,0.3525124490261078,0.6814060211181641,0.0,0.929459035396576,0.9479806423187256,0.9256892800331116,18.511066908538048,1045.7835707638396,9.849296077088118,8.0,0.6948900903280402,6.142617608325928,16.0,0.7368384940283639,0.7368384940283639,4.87889426884838,0.8233623998368391,0.7725079710477053,0.5644931516891895,1.4495546,3.205904722213745,2.874865,2.89959979057312,7,884.9747000000001,0.2857142857142857,60.57142857142857,8.590879631042483,-0.8571428571428573,0.1428571428571428,0.2857142857142857,0.4285714285714285,0.4285714285714285,0.4285714285714285,0.1428571428571428,0.0,0.1428571428571428,0.6866732485358337
72,5nwm_KPPWGIISEGPLLLTEFQLDTEDGGEPTLGQL,0.2,576.8733066061993,2178.0219872401244,17.39365183056634,2,0.6074647882916923,6.139335116839425,27,26.809687499999992,17.8003125,22.097425685975665,0.011340791963804,0.0,0.5599433779716492,0.6929093599319458,0.7261508107185364,0.696658194065094,1.04973566532135,4.258233070373535,0.0,0.5599433779716492,0.846920371055603,0.5523567795753479,58.92990479011589,2685.943269140704,142.4184961626621,27.0,0.5681574489235929,6.3253250964694985,28.0,0.4956039814278483,0.4190439628437161,14.093092259309232,4.122010900258518,0.0651245690640608,0.0217380208933466,16.876852,15.521194458007812,16.858086,11.325250625610352,32,3451.827600000001,0.0625,33.453125,4.0500284194946286,-0.2968750000000001,0.34375,0.375,0.40625,0.3125,0.1875,0.03125,0.1875,-0.15625,0.2690049393726796
73,1qwe_RPRNRAPPLLPP,0.57,-95.5543259855958,1214.056760124221,-20.682939810623186,3,0.6179394731357608,6.604747735385212,15,72.48416666666667,61.37,9.42030637254902,0.2390406810662664,0.1291831093706984,0.915577471256256,0.9341351389884948,0.938774585723877,0.903889775276184,0.2866207957267761,0.4894833266735077,0.0,0.915577471256256,0.9721053838729858,0.9206562042236328,-120.25185447180604,1118.1902535699628,-19.17349713598024,6.0,0.7075746301018422,6.524319731499166,13.0,0.8368772466977438,0.6960102021694183,2.845088044327556,0.4435892481283814,0.7976689389464967,0.6517150667319598,2.701447,2.57813024520874,3.168698,2.5367136001586914,12,1383.6441,0.0,93.41666666666669,11.999967765808105,-1.3,0.25,0.5,0.1666666666666666,0.25,0.0833333333333333,0.25,0.0,0.25,0.4233730782949826
74,6hgj_FITMIKQATNTPMFVFNPHFDRSSVVKRIIFRWL,0.77,-455.0650253193808,3841.717939272322,-95.15457617708267,36,0.6927750368315289,6.056830275548901,55,42.991764705882346,39.27558823529412,19.990266519476407,0.590284572984428,0.0954647804700234,0.8922330737113953,0.8871440291404724,0.8858717083930969,0.7889447212219238,0.4240190088748932,1.676565170288086,0.0,0.8922330737113953,0.9699217081069946,0.8688475489616394,853.2615911247501,4352.624222886004,623.4063746720008,27.0,0.6741393595765441,5.910549397246511,65.0,0.5373060002046472,0.5141536996645086,7.262855390037127,1.4555248482979128,0.7335791619787572,0.2664739378484751,6.8417993,14.388259887695312,13.11456,17.224700927734375,34,4141.9046,0.1764705882352941,50.347058823529416,11.723011589050294,0.226470588235294,0.1764705882352941,0.2058823529411764,0.5,0.5,0.2352941176470588,0.1764705882352941,0.0294117647058823,0.1470588235294117,0.3291253728598806
75,5iql_ARAAASP,0.39,-245.0820151492336,699.915745331045,-19.83910546695648,0,0.6534215682505652,6.003461360963933,0,45.16571428571428,45.16571428571428,18.40590198123044,0.0202130639288915,0.0122461158237531,0.907698094844818,0.9336406588554382,0.9401262998580932,0.8848628997802734,0.3180543482303619,0.8556638956069946,0.0,0.907698094844818,0.9661770462989808,0.9525784850120544,299.5343312676475,932.4725448780116,377.3352367604463,18.0,0.7606224579735864,6.013707813241729,6.0,0.6412223832947868,0.6412223832947868,5.97715170599124,0.7830313148600466,0.5696100063439802,0.3759889131266772,12.45112,8.812166213989258,17.307589,27.3675479888916,7,642.7051,0.0,71.34285714285714,9.79502010345459,0.0428571428571428,0.5714285714285714,0.2857142857142857,0.0,0.5714285714285714,0.1428571428571428,0.1428571428571428,0.0,0.1428571428571428,0.4593373235149069
76,6co4_DIEEEPEFPPYQPD,0.43,-148.69547842816667,1179.1785192313866,-31.07551223528648,1,0.608151300289023,6.082563047858406,17,49.65142857142856,42.123571428571424,16.745073115860528,0.0443938309188355,0.0329699767093619,0.7880629301071167,0.8923535346984863,0.9184261560440063,0.8587310910224915,0.4406666755676269,1.912499189376831,0.0,0.7880629301071167,0.9457302689552308,0.8385674357414246,-96.46759475330914,1688.2820328681355,44.37739052641072,24.0,0.6013269832416691,6.289634070049048,21.0,0.7601974308490753,0.7601974308490753,7.699971744377916,1.5701215312605634,0.3301004978109284,0.0925013897125858,9.46341,1.3299400806427002,7.78312,22.815820693969727,14,1704.7406999999998,0.1428571428571428,149.29999999999998,4.0500284194946286,-1.7785714285714287,0.2857142857142857,0.4285714285714285,0.2142857142857142,0.2142857142857142,0.0714285714285714,0.0,0.4285714285714285,-0.4285714285714285,0.1767967638420423
77,2mnu_LTQEWEQWGKWKPTNISWSSGRIGIS,0.29,82.93830113145167,2784.4345259364127,-59.08671427733117,16,0.6128399660048617,5.824988650133373,21,37.29461538461539,30.334615384615383,18.183555268261134,0.0177827531676585,0.0146564940122493,0.4551622569561004,0.6994799971580505,0.7605594396591187,0.6959508657455444,0.8239639401435852,4.605362415313721,0.0,0.4551622569561004,0.9352409839630128,0.5614483952522278,43.55826875349902,1761.2012219128342,130.55380457774532,18.0,0.6536521503214512,6.5562866229828325,6.0,0.3908818811178207,0.2620038195298268,13.085947027264986,3.8135156563273074,0.0132064415735469,0.0128360564825571,11.743139,12.718096733093262,15.504963,16.363405227661133,26,3075.3907,0.1538461538461538,20.857692307692307,8.590106010437015,-0.9038461538461536,0.1923076923076923,0.3461538461538461,0.3846153846153846,0.3076923076923077,0.3461538461538462,0.1153846153846153,0.0769230769230769,0.0384615384615384,0.2421587685251928
78,2a3i_TQESLQKLQLQL,0.56,-474.4948926079857,1090.7464869720936,-13.159321695080337,1,0.5859368593587653,6.893555375820967,14,48.95666666666667,40.63166666666667,18.8309150943396,0.0273166661643722,0.0127210544508149,0.7620751261711121,0.9035781025886536,0.9389538764953612,0.9076007008552552,0.4079659879207611,2.870718717575073,0.0,0.7620751261711121,0.9593931436538696,0.956987738609314,-255.24236472865465,1132.877276795684,88.08299074315133,9.0,0.5309320984175735,6.770955188509218,12.0,0.7671447992324829,0.5799015710751215,10.965274960036922,2.274748514217776,0.2492342225623011,0.053814916347508,1.3069332,2.471277236938477,3.332641,4.402101993560791,12,1428.63,0.0,109.40833333333336,5.663630485534668,-0.6416666666666667,0.4999999999999999,0.0833333333333333,0.4166666666666666,0.3333333333333333,0.4999999999999999,0.0833333333333333,0.0833333333333333,0.0,0.3314043034027779
79,5mwy_QKEQLSLLTL,0.71,-458.5103014114304,897.5793872378371,-30.676187482766977,2,0.5067328405330266,7.209553345483881,13,50.18300000000001,35.696000000000005,16.275783464566956,0.3431159886002466,0.1077965522327192,0.8392431139945984,0.9185470938682556,0.93837308883667,0.872897207736969,0.3432368636131286,1.5638607740402222,0.0,0.8392431139945984,0.970863401889801,0.9094744324684144,-407.53166199382974,1115.715911924939,37.157423576339625,6.0,0.5182729271245647,6.844399636001488,12.0,0.5352356404066085,0.4851307302713394,10.006908027933338,1.6021681552210192,0.4913806619994558,0.1246880034821348,3.8717766,5.429879665374756,5.748832,6.345849990844727,10,1172.3716000000002,0.0,28.26,6.001424598693848,-0.0700000000000002,0.6,0.1,0.5,0.4,0.4,0.1,0.1,0.0,0.0953114484728604
80,3b1m_PLSLLAKKLLP,0.89,-535.9973805749304,1046.3962744155165,-38.67592030913653,2,0.6154748668564675,7.195588777942423,14,87.37454545454547,72.05636363636364,7.941351895337149,0.6575024388446344,0.1916589046738158,0.9503104090690612,0.9488009810447692,0.9484236240386964,0.956293284893036,0.3612037599086761,0.7092571258544922,0.0,0.9503104090690612,0.9587525725364684,0.9645856618881226,-482.9636680911569,1044.428419562402,-31.572878348207496,1.0,0.6285551859544747,7.29506565133184,14.0,0.8883809013800188,0.7416345422918146,6.668173111272874,0.9169964908213872,0.8493617158373493,0.4986584737927046,1.6004465,0.7257108688354492,1.865684,2.1810901165008545,11,1192.5335,0.0,18.881818181818183,10.01866092681885,0.8181818181818183,0.7272727272727273,0.2727272727272727,0.4545454545454545,0.5454545454545454,0.0909090909090909,0.1818181818181818,0.0,0.1818181818181818,0.4511726023890792
81,4h39_TPLFKRPLNT,0.71,-490.9444586446053,926.3305916139036,-20.166574381226557,0,0.5300095078750315,6.89366443533951,15,46.144000000000005,42.738,17.058302857142863,0.199478136644267,0.0432366488894439,0.6781371235847473,0.8612610697746277,0.9070420861244202,0.841586709022522,0.3907932043075561,6.224231243133545,0.0,0.6781371235847473,0.969038188457489,0.9313342571258544,-358.3892097800292,995.3192371269593,125.06509316035874,4.0,0.7036740838255688,7.263657136560464,11.0,0.4527299851179123,0.3583907932043075,13.677450043695314,4.4849400191817965,0.1765115276145164,0.0145584921032955,6.987114,7.985394954681396,12.437963,14.611139297485352,10,1186.4031,0.1,37.34,11.000192070007325,-0.61,0.3,0.3,0.5,0.3,0.3,0.2,0.0,0.2,0.5298221744302445
82,2q8y_QFMVAYE,0.43,-339.9394875063519,972.029990224386,-13.502322278916893,9,0.6532669155176176,6.511768952931431,12,36.36571428571428,32.33,22.77489610389613,0.0158077500078193,0.0,0.8885847330093384,0.8901224136352539,0.8905068039894104,0.8230105042457581,0.4395302832126617,1.6972651481628418,0.0,0.8885847330093384,0.9592605233192444,0.9365070462226868,403.0087415617898,1422.4049741599104,308.6731202971686,21.0,0.6421679911379848,6.936421221203127,10.0,0.5391702907426017,0.5391702907426017,7.912459869102224,1.3335976536591332,0.4539257581166112,0.2031924816261157,20.59409,2.1795763969421387,16.99054,13.74891185760498,7,887.0104,0.2857142857142857,-12.971428571428572,4.598865699768066,0.3428571428571429,0.4285714285714285,0.0,0.4285714285714285,0.7142857142857142,0.1428571428571428,0.0,0.1428571428571428,-0.1428571428571428,0.0988563932985931
83,4a1u_FRGYLIINYIDQA,0.58,-236.71260714675643,1662.0237637113914,-41.87151465175046,5,0.6843656460537773,6.387014759331003,3,51.65615384615386,51.65615384615386,14.355696083058051,0.0425865646214871,0.0392111089535004,0.7038851976394653,0.8443955779075623,0.8795231580734253,0.7862923741340637,0.6233891844749451,4.510219573974609,0.0,0.7038851976394653,0.9269525408744812,0.8921443819999695,-205.0990276050289,1413.1138806628248,18.38588645373096,5.0,0.7191285089989058,6.648453525425081,16.0,0.5705344287248758,0.482141199020239,10.407477856849711,3.2317025793532594,0.2234996947520766,0.0290716856869537,15.386826,1.2482088804244995,10.088437,24.614093780517575,13,1585.7999999999995,0.2307692307692307,-3.830769230769232,5.834943199157714,0.2999999999999998,0.1538461538461538,0.2307692307692307,0.5384615384615385,0.6153846153846154,0.1538461538461538,0.0769230769230769,0.0769230769230769,0.0,0.3120569836589351
84,3tz1_KAAKLKKKEISGQMPLLDKANMLE,0.47,259.38626968965207,1987.338824583268,20.41228692723047,8,0.5794597090318243,6.219383821091694,21,46.59083333333334,40.87875,10.829745614035112,0.1879699053688281,0.0527984691773308,0.8582899570465088,0.8608407974243164,0.8614784479141235,0.8391158580780029,0.4428485035896301,1.0355151891708374,0.0,0.8582899570465088,0.9299532175064088,0.8708379864692688,44.8722365215442,2106.6354842883766,44.25211106760088,14.0,0.5813654204254083,6.3028441042344205,23.0,0.7418139899770418,0.5778476546208063,4.645974557742215,0.9067240448897343,0.7609343823014658,0.3445229341100608,4.6727705,4.099072456359863,5.9215984,10.531746864318848,24,2685.2537999999995,0.0,25.304166666666667,9.701025199890136,-0.6166666666666667,0.7083333333333333,0.2083333333333333,0.2083333333333333,0.4166666666666666,0.125,0.25,0.125,0.125,0.1917719065057873
85,2n1g_ANKNNFMAKGMMGKFS,0.51,-194.4175230906208,1109.3396346339673,-28.35217849424833,5,0.5804974385196365,6.538763554985931,18,54.62875000000001,36.78937499999999,14.8569431818182,0.2571794459436465,0.0793399396101322,0.8575521111488342,0.9032050371170044,0.9146182537078856,0.8977786898612976,0.4265141189098358,0.8902759552001953,0.0,0.8575521111488342,0.9460980892181396,0.8946650624275208,-196.24585756251685,913.1110877653728,-17.702753764185303,4.0,0.4422731108882358,6.545591277515048,14.0,0.7537522278726101,0.4173380397260189,5.588671580041674,0.9233962398530408,0.7293941976417349,0.3300941273205148,13.7438755,9.749550819396973,16.228354,1.714725136756897,16,1776.1112999999998,0.125,10.08125,10.30232181549072,-0.5562500000000001,0.5,0.375,0.125,0.4375,0.25,0.1875,0.0,0.1875,0.2593964247741907
86,2nm1_KFNKKLDNIEFKADFEM,0.6,-825.9947482168068,1522.9047636158334,-30.905195317905736,10,0.6463058299468216,6.963073841479816,21,42.658235294117645,33.39823529411765,23.51565600736929,0.0234149984174466,0.0132254628870636,0.5087713599205017,0.8451740145683289,0.9292747378349304,0.8532503843307495,0.5949328541755676,7.821619987487793,0.0,0.5087713599205017,0.9391210675239564,0.7272526621818542,-243.9461868739192,1439.8969043909833,177.54529556727135,8.0,0.6322204114763789,6.732512011968174,9.0,0.4786619210944456,0.3103216290473938,22.20521618048758,6.5289637075315765,0.0,0.0,21.714489,17.018348693847656,21.403746,13.218194961547852,17,2117.423,0.1764705882352941,51.77058823529411,6.212922477722167,-0.9529411764705882,0.5294117647058824,0.2352941176470588,0.2941176470588235,0.4117647058823529,0.1176470588235294,0.2352941176470588,0.2352941176470588,0.0,0.255599305854716
87,1haa_EDRSSEPYWPYYL,0.29,179.7095476917146,1390.6900455735793,-11.674870237986056,17,0.728911168563118,6.011149702947334,21,37.66769230769231,29.443846153846152,19.266374889478318,0.0524928615885495,0.0171647625471856,0.7363197207450867,0.8540927171707153,0.8835359811782837,0.8432769179344177,0.4549665749073028,1.6458070278167725,0.0,0.7363197207450867,0.931729793548584,0.8137063384056091,71.82310376492568,1293.0183100673987,84.65499217545855,12.0,0.6823755175380446,6.077194982378996,17.0,0.6954752665299636,0.6483952494767996,6.7904069784939765,1.333748448959607,0.3792305157068362,0.1361176857675671,14.193278,9.480481147766112,12.246727,18.922557830810547,13,1704.7885,0.3076923076923077,98.00769230769232,4.1375036239624015,-1.6000000000000003,0.2307692307692307,0.3846153846153846,0.3846153846153846,0.3846153846153846,0.1538461538461538,0.0769230769230769,0.2307692307692307,-0.1538461538461538,0.0452733755508746
88,6h9n_MALNETFQRTESLERPGEARELRY,0.25,3.766079311956759,1736.6720388105114,23.72623546630623,13,0.6481221792351194,5.677033841794967,0,25.055416666666677,23.000000000000004,24.621725403817926,0.0,0.0,0.495287537574768,0.789665699005127,0.8632602691650391,0.7807283401489258,0.7496467232704163,6.273799419403076,0.0,0.495287537574768,0.8954159021377563,0.6229658722877502,-4.028418174706376,2257.2740685690983,106.44935825996694,16.0,0.6342020802526618,6.226881040977848,21.0,0.4947140018145243,0.3899874898294608,18.017084919386672,5.593839953266489,0.0144587360003694,0.0135523906786716,25.277355,11.798398971557615,20.185915,52.293941497802734,24,2897.1831000000006,0.0833333333333333,45.68333333333334,5.062103462219238,-1.1791666666666667,0.4583333333333333,0.1666666666666666,0.2916666666666666,0.3333333333333333,0.2083333333333333,0.1666666666666666,0.2083333333333333,-0.0416666666666666,0.1374642987867269
89,6qto_FPERVIRE,0.69,-453.0240068884916,1517.8143595905235,-27.133639320476505,17,0.7105253620948148,6.508143402677023,24,52.19125,52.19125,16.918380062305292,0.0569624408274465,0.0439955993944579,0.924824595451355,0.9248831868171692,0.924897849559784,0.89324951171875,0.4532838463783264,1.381759524345398,0.0,0.924824595451355,0.9502336978912354,0.9456923007965088,-326.38329775125897,1508.1752396835711,16.93693378838418,8.0,0.7014836461773662,6.546132334202205,22.0,0.7780854403972626,0.7780854403972626,7.116805361821737,1.1962725595452146,0.6984519039626235,0.2979219272944849,1.3949583,5.580300331115723,4.9980273,4.387894630432129,8,1045.1923000000002,0.125,54.55,6.283857536315918,-0.7625000000000001,0.25,0.125,0.375,0.375,0.0,0.25,0.25,0.0,0.4978565072116918
90,1jgn_VNELKIYPVFNGKVSNNGVKAP,0.44,225.9470141363987,1351.2921698629507,-14.309232001734983,7,0.6292121314717697,6.414880775625193,16,44.95318181818182,35.86045454545454,17.7739810606061,0.2422589882034032,0.0859066579625941,0.8314177393913269,0.8047542572021484,0.7980883717536926,0.759046196937561,0.5171816945075989,1.3002532720565796,0.0,0.8314177393913269,0.8628991842269897,0.8162018060684204,48.40629688916064,1761.6811409150184,166.67599822299752,15.0,0.6251827539515061,6.027643972292085,17.0,0.6030747009949251,0.4717316045002503,6.981844612515785,1.5895542814876094,0.6046768860456576,0.2506654459137221,14.449228,1.7704746723175049,13.959855,13.527565002441406,22,2387.7310000000007,0.0909090909090909,2.2545454545454566,9.527540779113773,-0.2545454545454545,0.2727272727272727,0.4090909090909091,0.3636363636363637,0.4090909090909091,0.2272727272727273,0.1363636363636363,0.0454545454545454,0.0909090909090909,0.133623344754098
91,5zk5_LSQLYRERRQKF,0.37,-317.79907328140763,898.1664772131137,-13.76546625086786,3,0.7130080909289433,7.708091436587362,13,43.7325,24.13083333333333,19.54308848797253,0.0141977089973402,0.0,0.7583452463150024,0.8763172030448914,0.9058101773262024,0.8202880024909973,0.4084432423114776,4.044777870178223,0.0,0.7583452463150024,0.9724185466766356,0.961832582950592,-119.19585421281936,1457.0493797180718,149.56825703761388,17.0,0.6086046243227998,6.731556292132431,0.0,0.4996334115664164,0.4125621070464452,8.303330534819475,2.8049790820433307,0.3509762847571505,0.0302334710806989,5.3572807,2.186570882797241,22.05026,37.44874572753906,12,1623.8566,0.1666666666666666,74.90833333333333,10.903489494323727,-1.633333333333333,0.3333333333333333,0.0833333333333333,0.3333333333333333,0.3333333333333333,0.25,0.3333333333333333,0.0833333333333333,0.25,0.3434229246210298
92,4lnp_VPPREPPPPP,0.59,-74.45152883860489,877.3022218013372,-16.198566675271103,2,0.6448385644416104,6.986677404381731,16,72.542,66.583,8.819507042253507,0.1922946199618724,0.1073183424021555,0.9583408832550048,0.9608798027038574,0.9615145325660706,0.9572554230690002,0.2709028720855713,0.3723848760128021,0.0,0.9583408832550048,0.9675157070159912,0.9633716940879822,-126.91257963033834,935.0802296778884,-17.969124639944823,2.0,0.6133711194435254,6.86721914816802,16.0,0.9079525530338288,0.9079525530338288,1.9937774511290267,0.3659045753764434,0.8430132515142462,0.7769533041447015,0.95423734,0.6055830717086792,1.3189167,0.909337878227234,10,1082.2524,0.0,136.28000000000003,5.972209358215332,-1.4999999999999998,0.1,0.7,0.1,0.1,0.0,0.1,0.1,0.0,0.1237175000399836
93,2xhs_NTLRATSLL,0.46,-226.7173570749273,1050.437184812036,-23.32268570957595,12,0.3884111017673963,6.725487246904801,0,38.92444444444445,35.83888888888889,20.875358126721785,0.0142111896382686,0.0111355486048897,0.512665867805481,0.5989856719970703,0.6205655932426453,0.5437005758285522,1.5173137187957764,4.899364948272705,0.0,0.512665867805481,0.6970340013504028,0.8198952078819275,652.4620821510192,1811.796346645349,339.63412634246407,17.0,0.4999990416348542,6.415529461973936,2.0,0.3766295942995283,0.3766295942995283,17.793876258712828,4.535252228392933,0.0177356590233274,0.0122239945926977,18.472137,9.504915237426758,18.111032,27.608781814575195,9,988.1394,0.0,20.85555555555556,9.750021171569824,0.3333333333333332,0.4444444444444444,0.2222222222222222,0.5555555555555556,0.4444444444444444,0.4444444444444444,0.1111111111111111,0.0,0.1111111111111111,0.2706507187671524
94,5l7g_QLLEQSTLKL,0.7,-585.3151975528712,1065.0740666676024,-19.661305667443912,4,0.636446403608396,7.2073115037075235,14,63.115,63.115,14.924607003891063,0.2269397439838428,0.0614361833041795,0.9203264713287354,0.9500259757041932,0.957450807094574,0.9497541189193726,0.3177085518836975,1.10547137260437,0.0,0.9203264713287354,0.9771065711975098,0.960971176624298,-523.678607812899,951.0535295342536,-0.6835684524943417,0.0,0.5810435772421099,7.039895913897649,11.0,0.8715994596481323,0.7798962831497193,6.608015882957306,0.9823260252113936,0.7334805526671873,0.2725467774463327,2.7506735,0.7678779363632202,2.1084595,1.1305480003356934,10,1172.3716,0.0,55.22,6.001424598693848,-0.07,0.6,0.1,0.5,0.4,0.4,0.1,0.1,0.0,0.3936377238244465
95,3pkn_QNALWPEVIKN,0.31,177.60181899907232,754.6499300201931,-18.031684496877546,3,0.6260041339074686,6.646338317172624,14,38.75727272727273,26.275454545454544,18.21626262626264,0.0264944011455847,0.0124468016354465,0.9323234558105468,0.9398347735404968,0.9417126178741456,0.9301117062568665,0.2948051393032074,0.5202327966690063,0.0,0.9323234558105468,0.9591556191444396,0.9397569894790648,-126.02209203546325,941.1354361996628,-21.06053808692762,3.0,0.6014026929878279,6.171760232570062,15.0,0.8654297427697615,0.6179627938704058,3.5819046576516795,0.5699289711737874,0.7861790209891693,0.6169038946619098,7.7591043,1.3633484840393066,11.168864,15.083033561706545,11,1311.4851999999998,0.0909090909090909,38.7,6.001424598693848,-0.5545454545454546,0.3636363636363636,0.2727272727272727,0.3636363636363636,0.4545454545454546,0.2727272727272727,0.0909090909090909,0.0909090909090909,0.0,0.220176794960417
96,1n7t_GEVWWTT,0.32,15.637780668261318,1205.072875603562,21.38740177930483,12,0.6267659219523072,6.395417730601183,18,34.89142857142857,34.89142857142857,17.67164935064934,0.0219138460124577,0.012438742954174,0.9147100448608398,0.8819403052330017,0.8737478256225586,0.8310297727584839,0.3718713223934173,0.7934041023254395,0.0,0.9147100448608398,0.9219967126846312,0.94637930393219,222.2817701189812,1190.449871054804,395.26042860373775,17.0,0.6375792484002062,5.819293541667151,19.0,0.5212885779993874,0.5212885779993874,5.27186296779614,0.9250143297306904,0.6352649132910598,0.4671451139132503,2.5542977,1.820020318031311,4.2913585,6.030795574188232,7,877.9391999999999,0.2857142857142857,-23.67142857142857,4.0500284194946286,-0.4142857142857142,0.1428571428571428,0.1428571428571428,0.7142857142857142,0.4285714285714285,0.2857142857142857,0.0,0.1428571428571428,-0.1428571428571428,0.5340846906882958
97,2pon_MENLSGGDDTMVLRGTLKFGSIR,0.76,-180.10396640127652,1875.6001153999389,-35.666240172857016,10,0.5175103976951054,6.308769129732857,31,63.739565217391295,57.86608695652172,13.433570561088157,0.7115301887023663,0.1765071623886576,0.8636378049850464,0.8604426383972168,0.8596438765525818,0.8572515845298767,0.5997676253318787,1.541152000427246,0.0,0.8636378049850464,0.9229185581207277,0.8813464641571045,-253.45892627011608,2005.441914819257,-18.04100292982972,14.0,0.6468306399874922,6.4091257115205735,26.0,0.7430850163750027,0.5832712183827939,7.5287898232237875,1.486375860792067,0.7376796340121063,0.294449789519093,10.624019,2.527130603790283,7.3195105,3.8456294536590576,23,2497.8452000000007,0.0434782608695652,5.695652173913042,5.87689037322998,-0.208695652173913,0.3043478260869565,0.391304347826087,0.3478260869565217,0.3478260869565217,0.217391304347826,0.1304347826086956,0.1304347826086956,0.0,0.1749524265909302
98,2l1l_IGELSENNGAEGACLDAKLETKGNLLS,0.3,12.112936065112546,2038.0580383470904,-33.07202308287387,9,0.4421425639438158,6.914404670196001,24,37.067037037037046,34.20148148148149,19.95863155363157,0.0184283962799367,0.0121028577307389,0.6782158613204956,0.7902879118919373,0.8183058500289917,0.7215499877929688,0.6796835064888,3.545066595077514,0.0,0.6782158613204956,0.9292894005775452,0.8199475407600403,-1.1832487432122605,2053.795920436929,107.64398869599611,5.0,0.511877164753009,6.689758392184477,22.0,0.4711787855183637,0.2852120984483648,9.928539196327652,2.951108171611293,0.2174513452280823,0.0252897983442607,4.6732836,16.234107971191406,14.02814,21.142793655395508,27,2746.9970000000003,0.0,16.088888888888885,4.251693153381347,-0.3074074074074074,0.5185185185185185,0.3703703703703703,0.2592592592592592,0.3333333333333333,0.2592592592592592,0.074074074074074,0.1851851851851851,-0.1111111111111111,0.1920308394448422
99,5inb_KVFSVTPRLDDNPTLSGEAGRTEVPLKCREFGP,0.32,-152.65746916860166,2139.112602037562,-20.43546148466692,17,0.7255312498612331,6.034582661848355,25,24.57545454545454,23.156969696969693,23.935491727086816,0.0116233600522468,0.0,0.5297428369522095,0.8219488263130188,0.8950003385543823,0.7416303157806396,0.5999468564987183,6.08915901184082,0.0,0.5297428369522095,0.9838792085647584,0.5178623199462891,-267.6043098876116,3262.9959644871537,284.205014810861,26.0,0.6264725148820822,5.857201654835314,24.0,0.3635643955433007,0.3232537246111667,18.186727054714936,5.287549814951422,0.0110767292797183,0.0,9.576236,22.19203186035156,17.990541,25.12298393249512,33,3617.0516000000007,0.0606060606060606,8.20909090909091,6.272944450378417,-0.5969696969696969,0.2727272727272727,0.3636363636363636,0.3333333333333333,0.2727272727272727,0.2121212121212121,0.1515151515151515,0.1515151515151515,0.0,0.240928860449393
100,6bhi_GKPTGASR,0.49,-219.0762909078645,930.200909650824,-1.9839862053721904,10,0.7376085138424926,6.63152936809914,10,34.535000000000004,34.535000000000004,21.24743303571432,0.0234470145789142,0.0133696889543874,0.9363903403282166,0.9503957629203796,0.9538971781730652,0.946220874786377,0.361624002456665,0.8600991368293762,0.0,0.9363903403282166,0.9558247923851012,0.947955310344696,422.8280765246521,1263.478798645848,205.22366808310812,11.0,0.6539852801116058,5.940554130541119,10.0,0.8767580762505531,0.8767580762505531,7.167128244464818,0.898153710794369,0.6882861210815717,0.4093473021405394,1.9727576,3.0231282711029053,6.979585,10.771676063537598,8,772.8502000000001,0.0,-8.437500000000004,11.000836753845212,-1.3125,0.25,0.5,0.125,0.125,0.25,0.25,0.0,0.25,0.2912980915292238
101,3c3q_EEDEEKDWEKNASLMMDG,0.6,-677.2110000663292,1244.8587884275314,5.868233718761303,0,0.6067902189884689,6.4066154405443285,17,48.176666666666655,34.34444444444445,21.23641629629632,0.02594511801267,0.0118405089914159,0.8935593962669373,0.9290022253990172,0.9378629326820374,0.9171636700630188,0.3787402212619781,1.6326875686645508,0.0,0.8935593962669373,0.957922339439392,0.9598506689071656,-358.0041989925441,1549.0043008948735,12.3323416883116,6.0,0.726411146185325,6.239654581298341,18.0,0.8055882785055373,0.4801708857218424,8.80770693034596,1.5519977934669564,0.5886405895642681,0.1612392594370101,1.3286121,0.791131317615509,1.7654746,2.0890839099884038,18,2156.2607000000003,0.0555555555555555,54.76666666666667,4.0500284194946286,-1.7777777777777777,0.6111111111111112,0.3333333333333333,0.1111111111111111,0.2777777777777778,0.1111111111111111,0.1111111111111111,0.4444444444444444,-0.3333333333333333,0.1629708385657549
102,5ly3_IWEIGGLNSERKGKVR,0.37,-457.2949870670291,2289.518444723276,-15.35426122985649,22,0.6873832767693521,6.573025400629489,0,21.064375,21.064375,25.930174943566453,0.0122413825310839,0.0,0.3886481523513794,0.8196446299552917,0.9273937940597534,0.8408821225166321,0.517253041267395,10.384810447692873,0.0,0.3886481523513794,0.9520986676216124,0.7076525688171387,-636.7844393426055,2078.4193280478016,305.37758798620644,29.0,0.6765228825117027,6.364529450855084,1.0,0.3706529289484024,0.3449377864599228,23.990139722521363,9.034172559867594,0.0,0.0,24.37856,20.239185333251957,23.288292,18.760677337646484,16,1842.1068,0.0625,25.243749999999995,9.98616886138916,-0.825,0.3125,0.3125,0.3125,0.3125,0.125,0.25,0.125,0.125,0.2456718344479478
103,4gxl_PGNAYGYSLPN,0.24,-177.4952770173783,1008.5444035992854,13.488059198805049,4,0.7148527889242198,7.013003230226383,0,32.708181818181814,30.223636363636363,20.004870129870135,0.0,0.0,0.5353041291236877,0.8414131999015808,0.9179404377937316,0.849209189414978,0.5965684652328491,4.274778366088867,0.0,0.5353041291236877,0.9571195244789124,0.7685368657112122,-194.14090043064405,874.8205265023981,19.65278301596726,8.0,0.6382221044408224,7.68276636304249,0.0,0.4121479771353982,0.2918425879695199,14.085847124246245,3.5858269270329157,0.0351822532901339,0.0177970753065584,13.790419,3.824438571929932,12.098105,12.620762825012209,11,1152.2126999999998,0.1818181818181818,3.445454545454548,5.945210838317871,-0.8,0.1818181818181818,0.6363636363636364,0.2727272727272727,0.3636363636363636,0.2727272727272727,0.0,0.0,0.0,0.3801789733611084
104,6erv_DAIATRNSTRRGFYATIG,0.53,-319.94194576878056,1319.275175203723,-18.48265907751949,6,0.6111740170500014,6.527016393809147,21,42.07555555555555,28.685,20.444049175225658,0.0191447058813858,0.0114563377405585,0.8668432831764221,0.8762082457542419,0.8785494565963745,0.8395874500274658,0.6653794646263123,2.126559257507324,0.0,0.8668432831764221,0.9139291048049928,0.8801261186599731,-102.70226618548789,1777.2592439296,76.0348085704943,13.0,0.6385599320058948,6.491847702537404,25.0,0.6484112723006142,0.5682404289642969,10.719711749929523,2.1655308165089795,0.6547666218856556,0.1636193005902569,12.148485,5.893124103546143,10.888137,6.485330104827881,18,1970.1499000000003,0.1111111111111111,74.67277777777778,10.737290000915529,-0.4611111111111112,0.1666666666666666,0.2777777777777778,0.3888888888888888,0.3888888888888889,0.2777777777777778,0.1666666666666666,0.0555555555555555,0.1111111111111111,0.1566599269046257
105,4piq_KSRGCYRVRLK,0.77,-437.9198806852136,1365.8614182707474,-40.07233281166072,2,0.6548598091790419,5.605017349727357,20,72.79727272727273,72.79727272727273,11.670583509513744,0.4546756962131611,0.1063988009518948,0.8202531933784485,0.9155389666557312,0.9393603801727296,0.8817192316055298,0.3846773207187652,2.2690229415893555,0.0,0.8202531933784485,0.980483889579773,0.9160199165344238,-176.05500268598664,1810.4461909640816,133.55356885607006,19.0,0.7453816422176824,5.887144785722774,26.0,0.6138879954814911,0.6138879954814911,8.670075771004655,1.826531771562568,0.4703238412041085,0.0926108232206527,9.324556,6.260843276977539,12.874435,23.349077224731445,11,1365.6503,0.0909090909090909,-4.209090909090908,11.008766365051269,-1.209090909090909,0.2727272727272727,0.1818181818181818,0.2727272727272727,0.2727272727272727,0.1818181818181818,0.4545454545454545,0.0,0.4545454545454545,0.1621273051890649
106,1ej4_RIFEYINRDLMRKC,0.47,-310.760841592869,1097.4901211640251,1.924338490921116,12,0.6062171194825918,6.637872746071,0,48.309285714285714,41.45214285714286,18.131021465581,0.0175020672286784,0.0110017882547126,0.7556685209274292,0.8565751314163208,0.8818017244338989,0.7799789905548096,0.5033920407295227,3.887819766998291,0.0,0.7556685209274292,0.9479669332504272,0.9551855325698853,95.21084553936252,2120.02056170528,279.13655708139873,26.0,0.6763699518363053,6.779815215889118,0.0,0.5140861123800278,0.5140861123800278,8.345361092349144,3.096693260957805,0.3402592571102146,0.0284049860397382,14.034337,3.680851459503174,22.451992,25.4616813659668,14,1857.2074,0.1428571428571428,3.9,9.308992958068847,-0.6571428571428573,0.2857142857142857,0.1428571428571428,0.3571428571428571,0.4285714285714285,0.1428571428571428,0.2857142857142857,0.1428571428571428,0.1428571428571428,0.5058797112242912
107,5w89_RWLQGLDIREAYEINRA,0.33,-73.43353664071088,1368.379253520731,17.190813019610644,1,0.6237105317889927,7.078014946847492,24,35.290000000000006,29.587058823529414,18.51741995532392,0.0168259659752767,0.0112946966327003,0.6916099190711975,0.7853769659996033,0.8088186979293823,0.7510836124420166,0.657958447933197,2.878244161605835,0.0,0.6916099190711975,0.908799946308136,0.847796618938446,95.60921567265252,1763.1396156081746,62.23509340643873,6.0,0.5796261010261606,6.739153630661898,22.0,0.537687682053622,0.4042151447604684,9.279196810640244,2.408204369396748,0.2693006171183305,0.0429621931843651,9.8134,13.807851791381836,12.340606,18.142528533935547,17,2103.3402,0.1176470588235294,76.43529411764706,6.182058906555175,-0.788235294117647,0.3529411764705882,0.1764705882352941,0.3529411764705882,0.4705882352941176,0.1176470588235294,0.1764705882352941,0.1764705882352941,2.775557561562892e-17,0.301093047516678
108,2n2h_NKLLTMSLDDYIARQTNLSLKQEENLA,0.18,-120.1970035697116,1471.579928358588,-3.049926953018428,6,0.5718292306608854,6.740858785158474,15,39.00555555555556,24.287777777777777,19.66046296296293,0.0,0.0,0.3750902116298675,0.6617348790168762,0.733396053314209,0.6858021020889282,1.0517092943191528,7.357319355010986,0.0,0.3750902116298675,0.839851975440979,0.8058724403381348,-99.04703476547051,1485.0977361258508,13.653312632767935,8.0,0.571879701084415,6.664100589857307,0.0,0.4945849345790015,0.3144498699241214,15.926604545727866,6.349687662607397,0.0127676888639236,0.0,13.51124,21.549362182617188,17.324352,36.467552185058594,27,3122.5052,0.037037037037037,57.91481481481481,4.782910346984862,-0.5666666666666665,0.4814814814814814,0.2592592592592592,0.3703703703703703,0.4074074074074074,0.3333333333333333,0.1111111111111111,0.1481481481481481,-0.037037037037037,0.1561141003822371
109,5q11_QKRLLHDLDDYL,0.48,-336.8997342097618,1015.7805774631486,-3.842312217125652,2,0.516438408694763,6.950361186303335,15,38.5225,38.5225,20.48105150214587,0.0185782735501529,0.0111521471136388,0.900723397731781,0.9132643938064576,0.9163996577262878,0.8510295748710632,0.3842227756977081,1.080562949180603,0.0,0.900723397731781,0.9475259780883788,0.9321514368057252,24.018324550529897,1386.963922760949,81.1629570507616,8.0,0.4854465314100747,6.265942189874537,12.0,0.6007365882396698,0.5444017797708511,6.917785729269613,0.9729549188449318,0.6113247841381197,0.2857053695281808,1.6991651,5.491809368133545,7.1053953,6.572179794311523,12,1528.7075999999995,0.0833333333333333,36.333333333333336,5.297360038757325,-0.9750000000000002,0.4166666666666666,0.25,0.4166666666666666,0.4166666666666666,0.0833333333333333,0.25,0.25,0.0,0.4913821368026292
110,5h17_NQLRIEQEEWSRKTSNIQRKRSFLMIQ,0.82,-772.3274535585119,2342.964048947168,-34.76629048140592,16,0.6553592963533389,6.441832869990746,23,73.96703703703703,66.65666666666668,9.855122492283968,0.544609372751813,0.0998573510086844,0.3194856643676758,0.7979590892791748,0.9175774455070496,0.8319334387779236,0.7222539186477661,10.679800987243652,0.0,0.3194856643676758,0.94887512922287,0.8391270637512207,-303.6684942498878,1888.1116438906909,124.13865871301384,15.0,0.5773927980530481,6.730048592601302,20.0,0.5788991462301325,0.4143391030806082,21.67622608238728,8.008605642201102,0.0,0.0,2.7041254,25.9742374420166,15.1240225,5.383868217468262,27,3419.8702,0.074074074074074,102.77407407407406,10.834572792053224,-1.3148148148148149,0.2962962962962963,0.1851851851851851,0.2962962962962963,0.2962962962962963,0.3703703703703703,0.2222222222222222,0.1111111111111111,0.1111111111111111,0.1243052409725643
111,4h3q_NPKLRTVALPRI,0.56,-713.7356632980767,1117.015709039522,-16.24544594254246,3,0.6190581470712345,6.576961822722605,16,42.16416666666667,33.79666666666666,21.94947344322346,0.0185240941237784,0.0130628601636312,0.6872610449790955,0.8613635301589966,0.9048891067504884,0.8613872528076172,0.4381566643714905,4.243983268737793,0.0,0.6872610449790955,0.9679651856422424,0.8283153772354126,-436.3412383874592,1080.4445918564802,60.81263403166184,10.0,0.6842095758244224,6.205484654888991,15.0,0.4813431377212206,0.2861820583542188,16.039405276964764,3.794487669579549,0.2321769489254251,0.0232118880544441,2.5705113,2.475475788116455,9.071701,16.293718338012695,12,1377.6776,0.0,25.50833333333334,11.999967765808105,-0.1833333333333332,0.3333333333333333,0.25,0.4166666666666666,0.4166666666666666,0.1666666666666666,0.25,0.0,0.25,0.1285763769780796
112,4os1_CRGLGNCLEGARH,0.54,-335.60773401988405,1724.037988206269,-8.368017898260575,19,0.6782499317279785,6.412991186096119,31,37.33,37.33,20.728682170542648,0.0327899282842572,0.0131178848442571,0.8527761101722717,0.9181685447692872,0.9345166087150574,0.8619539737701416,0.3423348069190979,1.566369891166687,0.0,0.8527761101722717,0.9857644438743592,0.844474732875824,-129.43893251901653,1470.0552552661582,124.18122780018072,35.0,0.790023682124024,6.052505001455131,33.0,0.5375841512129858,0.5375841512129858,8.924992509821589,1.4558764145480214,0.6492851263320615,0.1923095028738292,6.784967,4.208036422729492,6.976529,9.07756805419922,13,1385.5754,0.0,17.053846153846155,8.081772804260254,-0.4615384615384615,0.3076923076923077,0.3076923076923077,0.1538461538461538,0.2307692307692307,0.2307692307692307,0.2307692307692307,0.0769230769230769,0.1538461538461538,0.69961462315629
113,5swf_KLDIEIP,0.23,-404.770788676286,1303.169734530434,-9.68426439754569,15,0.6229437855382245,6.040854437317782,0,20.747142857142855,20.747142857142855,26.738125541125484,0.0,0.0,0.8653029203414917,0.9095619320869446,0.9206266403198242,0.912063479423523,0.4960898756980896,2.21491813659668,0.0,0.8653029203414917,0.8957217931747437,0.9129047393798828,-86.41008108305127,1005.9977510240964,-11.40240717613412,2.0,0.4733786542089896,6.603730886171224,4.0,0.7127545007637569,0.6200771118913379,13.256626293282489,2.215568209803981,0.4760453484509721,0.1392620694746196,30.198105,2.294936418533325,27.264242,42.81561279296875,7,826.977,0.0,82.6142857142857,4.3702592849731445,0.0428571428571428,0.4285714285714285,0.2857142857142857,0.4285714285714285,0.4285714285714285,0.0,0.1428571428571428,0.2857142857142857,-0.1428571428571428,0.210435902058275
114,2jqi_IQPSQTNTQ,0.2,-111.55920069480236,591.7170991050643,2.637314541708093,8,0.6517957781394903,5.451787938115464,0,24.835555555555555,22.40333333333333,22.487354166666684,0.0,0.0,0.5409553050994873,0.822849452495575,0.8933229446411133,0.8177303075790405,0.5793130397796631,4.900980949401856,0.0,0.5409553050994873,0.9247503280639648,0.7840068340301514,-192.37016381166495,821.9703432920793,25.344040719713405,12.0,0.506912495534935,6.298583332245331,2.0,0.5643515255716112,0.5643515255716112,15.521073995841046,4.037219865951273,0.0150066831344369,0.0115543325515783,15.949738,10.946148872375488,17.173277,26.343753814697266,9,1016.0633999999998,0.0,38.577777777777776,5.525000190734862,-1.477777777777778,0.0,0.3333333333333333,0.3333333333333333,0.1111111111111111,0.7777777777777778,0.0,0.0,0.0,0.3059357494789539
115,5q12_KLHYLLDLQRD,0.49,-371.933950983505,1332.2905686139973,-5.713425295675904,4,0.4964994847646503,6.949926578485548,16,43.199090909090906,40.142727272727264,20.48941042221381,0.0224549031350244,0.0116714760133556,0.8710408806800842,0.9039114117622375,0.912129044532776,0.8636564016342163,0.3477141559123993,1.4596909284591677,0.0,0.8710408806800842,0.9642687439918518,0.9556307792663574,-17.080140962408798,1208.2747558080252,60.73929325037504,7.0,0.4693349398444388,7.192962784304184,13.0,0.6742892644622109,0.5614111477678473,7.94171341179033,1.3189887625833754,0.5663246709700701,0.1461375390968716,4.156732,2.4161856174468994,4.4803014,4.673316478729248,11,1413.6202,0.0909090909090909,70.95454545454545,6.755450630187989,-0.7454545454545456,0.4545454545454546,0.1818181818181818,0.4545454545454546,0.4545454545454546,0.0909090909090909,0.2727272727272727,0.1818181818181818,0.0909090909090908,0.3656676206027223
116,2ks9_RMLPFQKGFQP,0.27,572.6827177840902,1299.9294182973322,-20.291908577923778,17,0.4819547465534032,6.052461546771656,12,25.65818181818182,23.728181818181817,25.333334953816237,0.0,0.0,0.9256191253662108,0.8091816306114197,0.7800721526145935,0.7326516509056091,0.7572684288024902,1.5225764513015747,0.0,0.9256191253662108,0.8678863048553467,0.9386886954307556,1011.3287801323444,2457.9499238112853,240.1700236886029,49.0,0.5035761363510036,6.424045335865198,4.0,0.5179970074783672,0.5179970074783672,8.465903373492187,1.9078242399548235,0.6583779143600147,0.2829576750209746,4.7218056,4.931973457336426,9.238922,13.414473533630373,11,1348.6146,0.1818181818181818,53.900000000000006,11.000836753845212,-0.7000000000000001,0.2727272727272727,0.2727272727272727,0.2727272727272727,0.3636363636363636,0.1818181818181818,0.1818181818181818,0.0,0.1818181818181818,0.3101833350333243
117,5m9d_SPSTPSYPTPYT,0.33,-21.74774567084617,1183.60589982343,19.179065451441385,12,0.6352965282437198,6.526036204888135,14,32.475,25.94833333333333,21.1994722222222,0.0202886592764018,0.0,0.8209373950958252,0.9002876281738281,0.920125126838684,0.8860538601875305,0.3969229459762573,1.457630634307861,0.0,0.8209373950958252,0.9457489252090454,0.8877017498016357,188.71112194658224,1065.1079648401856,301.1168589491609,11.0,0.6264374082853701,6.305438595033768,14.0,0.7356558591127396,0.6229151586691538,7.562978282140361,1.5155646540721257,0.4475165921658409,0.1365803080742842,7.4575257,10.978381156921388,10.240023,12.462808609008787,12,1297.3661,0.1666666666666666,81.09166666666668,5.239611625671387,-1.1249999999999998,0.0,0.5833333333333333,0.4166666666666666,0.1666666666666666,0.5,0.0,0.0,0.0,0.0751600304650319
118,6k5t_GDEVITDACI,0.36,-54.32687179657385,958.535942206007,-22.65031567489534,6,0.6322365110328577,5.817904285740669,15,44.175,41.587,16.69657471264368,0.0348116545248238,0.0170267297339645,0.8068807721138,0.8886938095092773,0.909147083759308,0.8890714645385742,0.3843837082386017,1.0014852285385132,0.0,0.8068807721138,0.9399759769439696,0.8289145231246948,-119.26747203277812,1051.616686077553,-2.6428613531241467,8.0,0.6488657589277014,6.10451355602183,12.0,0.758633267879486,0.6859760403633117,7.632484806166298,1.1037811018269637,0.5508454970435026,0.2830799699772384,10.276297,3.49122953414917,8.0985155,16.564067840576172,10,1035.1263,0.0,52.94,4.0500284194946286,0.59,0.2,0.3,0.4,0.4,0.2,0.0,0.3,-0.3,0.3116705802457942
119,5ky9_NCQLIDYGEYTGNQGCPIVQCCEPNCIMFESTGC,0.65,-401.4324458151294,2521.5957751751557,-19.50712724204726,19,0.6816870282940044,6.5279242564526045,32,50.31735294117647,41.33147058823529,17.95074218750005,0.0525774210022655,0.0241569528698339,0.7520673274993896,0.8650789260864258,0.8933318257331848,0.7572517395019531,0.5532410740852356,2.9113709926605225,0.0,0.7520673274993896,0.9591305255889891,0.7424455285072327,-109.13313964274847,2961.6697405382,208.37024184154336,41.0,0.66911192975724,6.622478743272886,30.0,0.4301732384106692,0.3692817100707222,12.747508650157126,2.661317022907657,0.1600406820982722,0.0880121166926674,5.118888,11.519563674926758,10.412096,14.734018325805664,34,3734.1958,0.088235294117647,1.1529411764705904,4.0500284194946286,-0.1,0.1470588235294117,0.3235294117647059,0.2941176470588235,0.2647058823529412,0.4411764705882353,0.0,0.1176470588235294,-0.1176470588235294,0.2366049383293173
120,1ntv_NTFKYVRPDN,0.36,-273.4057980746056,1328.4315292825545,-12.281869610648757,5,0.6683191469206848,6.569101650812354,19,37.893,37.893,18.638604938271573,0.0157349259702087,0.0110239143404759,0.8804455995559692,0.9115774035453796,0.9193603992462158,0.8694695830345154,0.3627491891384125,1.1425927877426147,0.0,0.8804455995559692,0.9581907987594604,0.9198613166809082,-26.533681226488262,1365.8980934560966,110.32597844959508,5.0,0.6795903249589147,6.188182702216052,20.0,0.5984015345573426,0.5408153176307678,6.831894446412722,1.1240975948947447,0.6124963843128451,0.2624280684095708,3.4180908,10.403804779052734,7.3322325,6.482743263244629,10,1253.3629999999998,0.2,9.540000000000004,8.58978366851807,-1.55,0.1,0.4,0.4,0.3,0.3,0.2,0.1,0.1,0.3285132044047603
121,1oqp_HKWRRSKFLEKKLEDKILH,0.45,-6.572992165194545,1880.0929652314792,-27.26707225929418,4,0.5500999630550675,6.687691050498749,25,50.056842105263165,42.7621052631579,13.253640350877196,0.1720709088193412,0.0477100132668155,0.8606770038604736,0.8735186457633972,0.8767290711402893,0.852469801902771,0.4266744256019592,0.9888907074928284,0.0,0.8606770038604736,0.9243180751800536,0.9175427556037904,11.176827262470862,1866.3700386135035,42.45681407072341,3.0,0.6461310294286778,6.772593582509503,24.0,0.7813009149149844,0.6253785804698342,3.8848353461117338,0.8677562140255121,0.7178352092572033,0.3168456105020524,0.91804427,0.6086665391921997,1.5038648,2.365638017654419,19,2491.9336000000003,0.1052631578947368,82.07894736842103,10.166486930847167,-1.4947368421052627,0.5263157894736842,0.1052631578947368,0.3157894736842105,0.3157894736842105,0.0526315789473684,0.4736842105263157,0.1578947368421052,0.3157894736842105,0.2478280944082577
122,4dzv_RKYENWTQAEAIQAQIWADAEIL,0.35,-355.13475446188176,1589.135020965867,-18.22571730079068,5,0.6362368591488642,6.815300160372522,24,42.54608695652173,30.165652173913045,18.728626895854443,0.0194608984195877,0.0129712055052503,0.792716383934021,0.8593897223472595,0.876058042049408,0.8286335468292236,0.4035287201404571,2.2536864280700684,0.0,0.792716383934021,0.9661348462104796,0.9530959725379944,-235.7319181277778,1550.715592347944,32.23460647700179,6.0,0.5920244035400227,6.372271101075477,18.0,0.6248445575651915,0.3798729142417078,7.2946037993513055,1.9433405858501265,0.4706416713260324,0.0507121738963217,13.922633,15.645959854125977,14.946208,8.385354042053223,23,2748.0097,0.1304347826086956,-1.5130434782608682,4.407318305969238,-0.6043478260869563,0.4347826086956521,0.0869565217391304,0.3478260869565217,0.5217391304347826,0.217391304347826,0.0869565217391304,0.1739130434782608,-0.0869565217391304,0.0670344298790558
123,3uxg_NPSLLLSPIGYPTTLP,0.49,-298.74149399061656,1630.8631051533798,-17.63287345984861,6,0.6493744784593418,6.981050850270946,25,44.29499999999999,40.5225,18.68006634078205,0.0313342635722487,0.0139276812923827,0.8610125780105591,0.8984451293945312,0.907803237438202,0.8433223366737366,0.376327633857727,1.3319547176361084,0.0,0.8610125780105591,0.9662736654281616,0.8427872657775879,-245.3697644201073,1755.0348107681407,47.029573104782486,12.0,0.6333777634110108,6.975518233505474,24.0,0.5821084529161453,0.5594034306704998,6.729934758282989,1.149077652958768,0.5774840631063486,0.2145406716867906,9.047262,2.125509023666382,7.1842604,4.585077285766602,16,1682.9536000000005,0.0625,61.51875,5.524318122863768,0.3187499999999998,0.25,0.5,0.5,0.375,0.3125,0.0,0.0,0.0,0.082247445530115
124,2lpb_PDTDETVTFNEEKTTLSDPSNEDFSNLMYDDSIW,0.48,271.5552508924854,2110.422429886183,-34.96606158358162,11,0.5974337438632457,6.758379859326546,17,45.97558823529413,36.48941176470588,17.037820971867017,0.2301139411987505,0.0657564623147309,0.753349781036377,0.7252100110054016,0.7181750535964966,0.6660955548286438,0.6030983328819275,1.8929853439331052,0.0,0.753349781036377,0.909578502178192,0.7637479901313782,731.4472243074946,3043.598350209769,360.6145104474367,17.0,0.4886054123775025,6.787828255116344,20.0,0.5183508448741015,0.4414152038447997,7.036000226990646,1.837020534528491,0.4406772866775766,0.1704690788318819,15.642351,15.05763816833496,17.884407,11.198348999023438,34,3957.0654,0.1176470588235294,42.49411764705882,4.0500284194946286,-1.1088235294117643,0.2352941176470588,0.4411764705882353,0.3823529411764705,0.2647058823529412,0.3529411764705882,0.0294117647058823,0.2941176470588235,-0.2647058823529412,0.1192452975632518
125,3v30_KSTDSVMPLLLPLGPG,0.78,-400.0725994807692,1749.34587516468,-58.28406839017413,6,0.6282365041734685,6.925869197880574,28,75.783125,75.783125,10.95651483050846,0.5867910431918782,0.2056442953211236,0.8504460453987122,0.906664788722992,0.9207194447517396,0.8800208568572998,0.3571619689464569,1.268207550048828,0.0,0.8504460453987122,0.9734798669815063,0.8501139283180237,-259.59794030949416,1826.0121775151456,-24.46840415719933,15.0,0.6680396866742778,6.786497092443538,24.0,0.6693441495299339,0.6316693089902401,7.89680564899187,1.385962210679795,0.708053779928621,0.2442878874639326,1.8636506,5.0861639976501465,5.498801,10.496413230895996,16,1624.9391,0.0,60.91250000000001,5.835682106018066,0.3749999999999999,0.375,0.5,0.375,0.375,0.1875,0.0625,0.0625,0.0,0.533776730641519
126,5ixd_KAPRWFMTNDQLAPGKMFLRS,0.44,-430.2819504784739,1709.0385122593468,-5.510649809990071,10,0.6326764748493797,6.6800210036587,21,29.78761904761905,25.02857142857143,24.886390238635077,0.0149602497511102,0.0,0.152971863746643,0.4386565387248993,0.510077714920044,0.5191764235496521,3.418540477752685,14.88057804107666,0.0,0.152971863746643,0.3963992297649383,0.5163419246673584,3100.6393776881428,2173.6114626501453,574.9186270463365,39.0,0.4874364290656351,6.059292682528616,1.0,0.2687392823752902,0.2294968089887074,28.424979429367408,14.440132676531746,0.0,0.0,35.54639,30.872879028320312,36.36096,35.904903411865234,21,2494.9339,0.1428571428571428,84.6,11.00038547515869,-0.6047619047619047,0.3809523809523809,0.2857142857142857,0.2857142857142857,0.4285714285714285,0.1904761904761904,0.1904761904761904,0.0476190476190476,0.1428571428571428,0.0458865009375549
127,3o1d_QHKLKRLILH,0.87,-515.8346453697612,1167.165177522324,-34.85489789061563,2,0.4820784067796331,7.163958501947058,16,79.31700000000001,70.548,10.344091999999977,0.5621972481107728,0.1974211497242819,0.9344243407249452,0.9532930254936218,0.9580102562904358,0.9532288312911988,0.4420894086360931,1.4889341592788696,0.0,0.9344243407249452,0.949289858341217,0.9702616930007936,-150.7058968509238,998.798011877996,-18.800606436164458,3.0,0.5724874276522717,7.224981434778366,12.0,0.9170275568962096,0.8209239959716796,6.565061252295971,1.1698097171545028,0.7418655385032193,0.3123333327078564,0.8984326,0.7023433446884155,1.2015553,1.769421100616455,10,1285.5838,0.0,67.56,11.166327095031736,-0.6299999999999999,0.5,0.0,0.4,0.4,0.1,0.5,0.0,0.5,0.3896228664848895
128,2ndg_TKPQAKGAAGRL,0.62,-185.18384673991,887.9508634186996,-27.77535253048404,9,0.6135988364184974,5.65742312098548,14,64.47416666666666,47.40916666666666,15.4737745098039,0.4619944393185002,0.1751721941543223,0.800853967666626,0.8753105998039246,0.8939247727394104,0.8033137321472168,0.4941079616546631,1.592907428741455,0.0,0.800853967666626,0.9142237305641174,0.8235469460487366,147.057778599467,1630.7717895269163,323.25805596016585,26.0,0.7015994546062637,6.095267360990533,13.0,0.5141945580641428,0.5141945580641428,9.546749268335844,1.5799811363122822,0.2976615361008468,0.132395733082115,9.976287,8.499590873718262,11.735316,12.581472396850586,12,1197.3878,0.0,4.783333333333335,11.165940284729004,-0.8083333333333332,0.5,0.25,0.1666666666666666,0.3333333333333333,0.1666666666666666,0.25,0.0,0.25,0.3925637020730464
129,3cs8_APKKPLLALLLS,0.82,-562.620099755361,957.3988563198232,-38.619236234883374,4,0.4383506638790377,7.267082530407767,15,77.59833333333334,65.30166666666666,11.14867734282324,0.6464032955113873,0.1834546281505852,0.879206120967865,0.9016372561454772,0.9072450399398804,0.9177631735801696,0.4124587774276733,1.2638953924179075,0.0,0.879206120967865,0.946979522705078,0.916772484779358,-459.366679390739,962.0040510560598,-34.68758403062941,1.0,0.5414088633745822,7.323516268576176,14.0,0.7663425281643867,0.6162776748339335,9.5318091934633,1.608572947738575,0.7703464980809356,0.2482648739979369,2.5687103,5.4723334312438965,5.2438493,1.99213981628418,12,1263.6114,0.0,18.933333333333337,10.003317451477052,0.8999999999999999,0.75,0.25,0.4166666666666667,0.5833333333333334,0.0833333333333333,0.1666666666666666,0.0,0.1666666666666666,0.1105405306672728
130,1q8t_DIGTRNYIFDRTASATGARH,0.39,-338.61702601058033,2041.0322888319995,-5.5893002915175884,25,0.6507594027390226,6.473709085774922,30,25.640500000000003,22.706000000000003,23.94770949720671,0.0128378406908853,0.0,0.8774957060813904,0.896960437297821,0.9018266797065736,0.7976823449134827,0.4120758175849914,1.6836973428726196,0.0,0.8774957060813904,0.968144714832306,0.8601112961769104,-293.8408465681324,2563.205913890328,256.4751490963168,49.0,0.6880147888331696,6.245534002934668,26.0,0.4103571593761444,0.3483529761433601,9.034593231443251,1.5607283901943507,0.5480148123001296,0.1485049068024056,4.5292416,7.983196258544922,11.4177,9.932026863098145,20,2222.3766,0.1,14.965,8.750245475769042,-0.75,0.15,0.3,0.35,0.35,0.25,0.2,0.1,0.1,0.03969323508474
131,4zdu_EKRYQMTSEQGS,0.57,-737.8711799434204,1351.4174302041115,-22.977333749064883,8,0.6660847640270235,6.680487492985319,0,37.47083333333334,37.47083333333334,21.896528426791303,0.1610345227912508,0.0340644627376268,0.8532499074935913,0.9421948790550232,0.9644310474395752,0.9242026805877686,0.3219069540500641,2.3509132862091064,0.0,0.8532499074935913,0.9632327556610109,0.8467033505439758,-544.6631088925942,1644.5263570249765,197.9300613942347,29.0,0.6425674991717263,6.345367253283706,0.0,0.6934686129291853,0.6934686129291853,13.089200845417622,2.246641851137639,0.4861601437156335,0.096299838173259,27.046291,5.113585948944092,17.767124,7.624966144561768,12,1443.5387000000003,0.0833333333333333,59.75000000000001,6.240603065490721,-2.0416666666666665,0.3333333333333333,0.25,0.1666666666666666,0.1666666666666666,0.4166666666666666,0.1666666666666666,0.1666666666666666,0.0,0.1751199441586338
132,4abi_CGIKRTCIFS,0.76,-457.64828735856895,1357.7022444852598,-35.03295426301844,11,0.7441412687502671,6.064879622340081,27,64.15899999999999,64.15899999999999,13.473467811158784,0.4584159925173616,0.1323590745902194,0.9093933701515198,0.9591771960258484,0.9716231226921082,0.9386833310127258,0.2939492464065552,0.8910191655158997,0.0,0.9093933701515198,0.987645387649536,0.9138053059577942,-318.11030360165864,1420.565017034383,127.2554737810148,15.0,0.7761012772608326,6.170315037991986,27.0,0.712503868341446,0.663282710313797,7.068158351300612,0.9090732846521,0.7395134586999546,0.3450865900070449,1.7943823,12.653145790100098,8.566287,6.461258888244629,10,1127.3806,0.1,24.62,8.956479835510255,0.65,0.1,0.2,0.4,0.3,0.4,0.2,0.0,0.2,0.1339574251783589
133,5c3f_NLDIAHRIRIEVADSDRGI,0.61,-338.0324985455979,1741.7558493697582,-47.25550849127888,5,0.6102544587021754,6.674740254848157,26,60.58789473684213,53.20263157894737,13.335052631578955,0.3667954751211479,0.0772791000976959,0.8274710774421692,0.9163380861282348,0.93855482339859,0.9058844447135924,0.4617459177970886,2.0514636039733887,0.0,0.8274710774421692,0.9676218628883362,0.8759493231773376,-246.59253707076803,1763.9462990314264,8.457729423037733,12.0,0.6014718312549239,6.458593327515087,22.0,0.806026838327709,0.6709170655200356,7.914551409377771,1.4755278660786042,0.5844175626583846,0.1826440026820445,0.9064171,0.6832607388496399,1.5585473,2.339194059371948,19,2163.3939000000005,0.0,20.89473684210526,5.429510688781736,-0.3052631578947369,0.2105263157894736,0.3157894736842105,0.3157894736842105,0.4210526315789473,0.1052631578947368,0.2105263157894736,0.2105263157894736,0.0,0.2804173929381786
134,2kvm_AAPARPTKAKRASQL,0.59,101.06683169206168,1588.610553404152,-36.3917408651362,6,0.6722885338245473,5.949993553128853,21,63.09866666666666,51.27533333333333,13.047410852713169,0.4706731723575973,0.1356555554945419,0.7390496730804443,0.810550332069397,0.828425407409668,0.773526668548584,0.5933685898780823,1.8918818235397337,0.0,0.7390496730804443,0.8585824370384216,0.7918621301651001,65.71491093651531,1924.058584791106,66.22596195731846,15.0,0.6399264098749824,6.08085111481112,22.0,0.6073485096295674,0.5692855715751648,6.842966327394626,1.7176472893981047,0.2531322891810884,0.1121285525050235,8.74695,10.041736602783203,10.934554,19.512022018432617,15,1565.8192,0.0,82.42666666666666,11.999967765808105,-0.8133333333333332,0.5333333333333333,0.2,0.1333333333333333,0.3999999999999999,0.2,0.2666666666666666,0.0,0.2666666666666666,0.2798409553222317
135,4rme_HDLLILQHKRK,0.44,-226.37611739439063,1122.2645967179317,-32.68943017173592,3,0.574501884270335,6.717993139623713,15,35.74999999999999,33.196363636363635,23.69403232323231,0.020332217198474,0.0,0.6977548599243164,0.8750818371772766,0.9194136261940002,0.8995606899261475,0.6345978379249573,3.732391357421875,0.0,0.6977548599243164,0.8893909454345703,0.9043592214584352,-130.87185117602758,999.550233271568,47.03899493462862,6.0,0.5921084025581684,6.934938721406084,14.0,0.7966358499093489,0.649297681721774,13.747935722632842,3.2378121856366744,0.0969887093504143,0.0339177964856236,15.732443,7.580655574798584,12.80801,4.994157314300537,11,1400.6712,0.0,107.39999999999998,9.99442081451416,-0.890909090909091,0.4545454545454545,0.0909090909090909,0.3636363636363636,0.3636363636363636,0.0909090909090909,0.4545454545454545,0.0909090909090909,0.3636363636363636,0.0558868040792641
136,3v3v_TLLTNRFPKP,0.88,-682.2618437067686,1207.083549200992,-38.98794627642894,5,0.6767871311572642,6.7018044276936015,17,77.009,77.009,12.564612188365617,0.2354842172263227,0.1306037570230462,0.9040624499320984,0.902006447315216,0.901492476463318,0.8820586204528809,0.3254742622375488,1.4085612297058103,0.0,0.9040624499320984,0.9715456366539,0.9332287311553956,-290.8803833000638,1210.5616646054227,117.78307452925378,6.0,0.4961144726714132,6.4712724428749935,17.0,0.6991480469703675,0.6991480469703675,9.3894328747925,1.348338458074097,0.6803911271781095,0.17881998493044,0.63261425,0.9873948097229004,1.6691533,2.271093368530273,10,1186.4031,0.1,5.690000000000002,11.000192070007325,-0.6100000000000001,0.3,0.3,0.5,0.3,0.3,0.2,0.0,0.2,0.3776767011967026
137,1s5q_AQRMYLIRNDEMLALE,0.45,-27.89163347255377,1904.5686404174448,-33.38959171118246,6,0.559022329389572,6.76550998999482,26,51.2125,49.1675,14.679416666666674,0.081351790517562,0.0455810462777337,0.8400942087173462,0.874250054359436,0.8827889561653137,0.8681042194366455,0.4769729971885681,1.1736600399017334,0.0,0.8400942087173462,0.8981413245201111,0.8544743657112122,355.73864971684446,1822.2826261001624,142.01145361354935,14.0,0.6061200011099577,6.691960114203396,24.0,0.7997519336640835,0.7087980173528194,5.337174381847892,1.0661087411677554,0.5534242667232285,0.290574499769998,7.236041,3.023689031600952,7.329473,8.939156532287598,16,1966.2853,0.0625,31.8875,4.935864067077636,-0.28125,0.5625,0.125,0.3125,0.5625,0.125,0.125,0.1875,-0.0625,0.1378730782069868
138,3m57_SKRSKDKY,0.91,-475.0310011133643,1480.6413365261108,-46.98020321482022,13,0.7478857330792836,6.259116032275437,23,81.4925,81.4925,8.548308531746033,0.7135916618201887,0.2977641825726409,0.9548631310462952,0.9700164198875428,0.9738047122955322,0.9715255498886108,0.3485423028469085,1.056119084358215,0.0,0.9548631310462952,0.965263307094574,0.9615619778633118,-327.1514099938938,1506.4005190869736,-1.7444911537189114,16.0,0.7016898297492967,6.250598566048139,23.0,0.9516582936048508,0.9516582936048508,6.649181793029937,0.8434209291571899,0.8431041267714883,0.5479368586952746,1.8583481,2.276174545288086,2.1905897,1.2790240049362185,8,1011.1331,0.125,93.8125,9.996096992492678,-2.825,0.375,0.375,0.125,0.125,0.25,0.5,0.125,0.375,0.2145335252560536
139,5vtb_LKQHRESKQRKPRG,0.49,-280.0862937659072,1526.5087366518806,8.448802605330684,21,0.6953372629984892,7.444306885919267,15,25.236428571428576,20.24857142857143,23.6986717827627,0.0210211012899889,0.0,0.7825583219528198,0.8837490081787109,0.909046709537506,0.8402827978134155,0.401077926158905,2.4743502140045166,0.0,0.7825583219528198,0.9608834385871888,0.8357378840446472,-82.46711458496179,1533.0392545066152,296.42173685869284,22.0,0.5827215587871823,6.6050611993510895,17.0,0.4363135929618563,0.3405510080712182,13.225837036028992,2.4205391322625807,0.3724314104542682,0.0666541245763076,2.354548,3.632777452468872,9.513612,14.269414901733398,14,1748.0024,0.0,33.91428571428571,11.733971214294431,-2.707142857142857,0.3571428571428571,0.2142857142857142,0.0714285714285714,0.0714285714285714,0.2142857142857142,0.5,0.0714285714285714,0.4285714285714286,0.2049824603292363
140,1c5z_CKQKLGTQF,0.44,-327.86408221292817,814.0263802388909,9.285221309906603,8,0.672087352805241,6.098284439618358,16,32.18666666666666,24.327777777777776,22.51376202974625,0.023189065676845,0.0129307211489676,0.8466065526008606,0.9078969955444336,0.923219621181488,0.8568943738937378,0.3357681035995483,3.20343279838562,0.0,0.8466065526008606,0.9850196242332458,0.919563889503479,265.22651943827253,1165.2030085640615,595.7677326874015,11.0,0.7106930126730393,5.775007130597183,0.0,0.2979914612240261,0.2979914612240261,8.16273030934632,1.851684717733612,0.6197585357013372,0.0787914936717183,4.5774946,25.43612289428711,18.373854,38.88482666015625,9,1052.2478,0.1111111111111111,-0.4666666666666685,9.314085960388184,-0.7555555555555558,0.3333333333333333,0.1111111111111111,0.3333333333333333,0.2222222222222222,0.4444444444444444,0.2222222222222222,0.0,0.2222222222222222,0.3662529527834943
141,2gph_SVRANDMELGRRLQCL,0.47,-574.2344464345537,1235.334138848454,-12.825358814581476,7,0.6539454028285577,6.489643446566117,19,33.96187499999999,30.384375,24.53433691135735,0.0157665436386803,0.0,0.589711606502533,0.8257257342338562,0.884729266166687,0.8069165349006653,0.5358186960220337,8.11605167388916,0.0,0.589711606502533,0.9652379155158995,0.8852935433387756,-464.0707497263421,1502.098018742165,103.59531639471815,6.0,0.5805787267510777,6.635665748531365,22.0,0.3968707490712404,0.3443054500967264,15.92272864574685,6.065369568357548,0.0116299205027214,0.0,18.49517,20.756977081298828,18.912872,6.524435997009277,16,1861.1548,0.0,72.875,7.965536308288574,-0.4312499999999999,0.375,0.25,0.25,0.375,0.25,0.1875,0.125,0.0625,0.2579790581333525
142,2ll7_TKVAVNILKFEKAKSSA,0.32,-90.5427148226846,2450.011662166986,-6.123963959304746,14,0.4791813156747691,7.053507020185144,39,36.84176470588236,36.84176470588236,18.64464527629233,0.0213177483397845,0.0,0.6841795444488525,0.7855108976364136,0.8108437061309814,0.7364770770072937,0.7010571360588074,3.217458486557007,0.0,0.6841795444488525,0.7889434695243835,0.8622297048568726,108.27840370745282,2477.118634518353,239.54469929003943,14.0,0.5492457344114731,6.7740114412002095,29.0,0.4718396418234881,0.4508049119921291,10.221511829196876,2.7392825586804306,0.2772484915553805,0.0484906568967249,6.710162,2.764057874679565,11.602725,17.41175651550293,17,1834.1643,0.0588235294117647,47.92941176470588,10.000287437438963,6.530723674265627e-17,0.5294117647058824,0.1764705882352941,0.3529411764705882,0.4705882352941177,0.2352941176470588,0.2352941176470588,0.0588235294117647,0.1764705882352941,0.1960892061717512
143,4abj_TCPCRKISF,0.87,-499.3661763798983,1110.345564844628,-43.351632035447096,9,0.7765232871082254,6.178361439941803,22,78.52555555555556,71.32444444444444,10.007658045977006,0.5416405625175355,0.2269938238650444,0.9714058041572572,0.9789037108421326,0.980778157711029,0.97357577085495,0.2642945647239685,0.3667590022087097,0.0,0.9714058041572572,0.989701509475708,0.9653726816177368,-455.90113378016594,1223.6514943690402,-15.251172341672827,12.0,0.7544169777233893,6.042193869150226,22.0,0.8789818485577902,0.7113904820548164,4.353609662231815,0.4546346351275955,0.938042208082454,0.7008869343198315,10.347059,0.4278064668178558,7.6839437,1.512280821800232,9,1054.2869,0.1111111111111111,12.47777777777778,8.936623573303226,0.0888888888888889,0.1111111111111111,0.2222222222222222,0.3333333333333333,0.2222222222222222,0.4444444444444444,0.2222222222222222,0.0,0.2222222222222222,0.2347993035804508
144,5kxh_NQKDDEQCQSNKCFGPEGLTVLCFDLCGNCHKSCRSAY,0.4,-180.85429414815837,1840.797800208076,1.6925586351288189,19,0.671017969248055,6.115538879247093,27,30.03684210526316,17.002368421052637,24.625841020075907,0.014775486571915,0.0,0.7736233472824097,0.8543106317520142,0.8744823932647705,0.7587615847587585,0.6319295763969421,3.123647451400757,0.0,0.7736233472824097,0.9433013200759888,0.771482527256012,306.6449058858681,3771.794208402201,214.6128450223121,63.0,0.6792509514027222,6.235835628809157,29.0,0.4768992238923123,0.3987050762301997,13.325958109213666,2.8239629377393185,0.2897574716899551,0.1365347584716517,4.843852,11.397912979125977,11.873793,16.426315307617188,38,4242.7076,0.0789473684210526,66.42894736842105,5.516019630432127,-0.7131578947368419,0.2368421052631578,0.3421052631578947,0.2105263157894736,0.2105263157894736,0.4210526315789473,0.131578947368421,0.131578947368421,0.0,0.1865135723387098
145,1xj7_LLKQLKTHL,0.65,-468.81800962995294,991.1989181279832,4.658732987088001,3,0.4802227594203673,7.175140280177821,16,50.81333333333334,44.84111111111112,18.48326205450733,0.0412106312553067,0.0125731019515229,0.8495925068855286,0.9257152676582336,0.9447458982467652,0.9219236969947816,0.3913899958133697,1.867064118385315,0.0,0.8495925068855286,0.9567619562149048,0.941556990146637,119.65860297372568,1104.045965685461,204.08205666923843,2.0,0.6131592125235686,6.643439293023495,16.0,0.7692890895737542,0.6823762456576029,10.907908917360588,1.548320185125999,0.3710249603609663,0.128745042375277,1.321307,2.727419137954712,2.1317842,1.375285029411316,9,1093.3627,0.0,16.288888888888888,10.00280170440674,-9.868649107779167e-17,0.6666666666666666,0.0,0.5555555555555556,0.4444444444444444,0.2222222222222222,0.3333333333333333,0.0,0.3333333333333333,0.5325347624057583
146,3kv4_ARSTKATGTGRQ,0.62,-755.4733632324773,1338.8580952058928,-14.911630205594406,10,0.6277930283241691,6.080515586390868,13,39.60583333333334,39.60583333333334,25.98188063063061,0.0232980469824648,0.0224818451980241,0.8646778464317322,0.8888360261917114,0.8948755264282227,0.7926371693611145,0.5643215179443359,2.370519161224365,0.0,0.8646778464317322,0.8813424706459045,0.8742665648460388,-208.83666430226288,1980.736787014296,93.78093387382472,28.0,0.6311242917197377,6.363173316735141,24.0,0.3354265292485555,0.3354265292485555,12.102332057056572,3.053526974470542,0.4102865433508362,0.105827868764823,22.227957,6.915301322937012,18.837847,42.7503776550293,12,1233.3355999999997,0.0,40.60833333333333,11.999967765808105,-1.375,0.25,0.25,0.25,0.1666666666666666,0.4166666666666666,0.25,0.0,0.25,0.2297704553507507
147,2l2l_FRKVGRKLVAIQSLISVREKQITLADEKDQEEEAMD,0.57,-20.410797629493302,1720.5277199585066,-39.23188855849412,1,0.5635692372174413,6.79110128307321,15,79.5786111111111,51.11666666666666,7.371680731364283,0.2176831346471741,0.2133193510397348,0.3586574196815491,0.6878502368927002,0.7701484560966492,0.7567030787467957,1.204872965812683,9.192172050476074,0.0,0.3586574196815491,0.8640277981758118,0.896562933921814,-118.4430481369978,1795.0892483152943,-20.32362607911442,3.0,0.4468894156328812,6.806428998155705,14.0,0.7899447414610121,0.3664059970113966,9.855157738978518,5.310078293933898,0.0257650685303239,0.0241400858598368,4.984134,2.80143666267395,6.8949122,9.941652297973633,36,4174.7333,0.0277777777777777,42.52222222222222,5.261039924621582,-0.6305555555555555,0.4444444444444444,0.1666666666666666,0.3055555555555555,0.3888888888888889,0.1666666666666666,0.1944444444444444,0.2222222222222222,-0.0277777777777777,0.1016007728225745
148,1rkc_SVSAEEYAVIKKHERVTAALQKLKSL,0.32,-19.0962231915872,1813.640345177723,-13.543590478392137,7,0.5456725310032658,6.211425490168331,9,37.40884615384615,24.285384615384608,22.65233071505963,0.0143624477338885,0.0,0.5445970296859741,0.7653980255126953,0.820598304271698,0.8080136775970459,0.8915324807167053,10.104796409606934,0.0,0.5445970296859741,0.8323903679847717,0.9159035086631776,468.8635413828461,1215.5404994279263,1.266587049330269,1.0,0.51016206977717,6.473150473099707,0.0,0.5786599860741541,0.2239228383852885,15.468293395894351,8.530276457334134,0.0116180223702632,0.0,12.508433,22.852880477905277,32.160557,50.53256607055664,26,2899.3447,0.0384615384615384,30.738461538461543,9.398668479919433,-0.2307692307692307,0.5384615384615385,0.1153846153846153,0.3461538461538461,0.4615384615384615,0.1923076923076923,0.2307692307692307,0.1153846153846153,0.1153846153846153,0.2563173527632852
149,5jeo_FLSELEENI,0.38,-291.82616682087155,955.6959967462942,-7.298249161781428,12,0.6806693317820423,6.525082417583604,15,33.946666666666665,26.14444444444445,24.7875674439872,0.0130244690615332,0.0,0.675930380821228,0.8915929198265076,0.9455085396766664,0.9317439198493958,0.4260006844997406,4.537890911102295,0.0,0.675930380821228,0.9686505794525146,0.9440104961395264,-368.1014155681311,881.6660336235135,-2.654332460217063,6.0,0.5954554867837418,5.957141187810636,14.0,0.8191990918583341,0.6287923322783576,13.494899544696258,3.7994770690165103,0.0349268768000425,0.0182433518351025,3.0963411,7.5014801025390625,7.774295,9.665159225463867,9,1093.1838,0.1111111111111111,115.33333333333331,4.0500284194946286,0.011111111111111,0.5555555555555556,0.2222222222222222,0.4444444444444444,0.4444444444444444,0.2222222222222222,0.0,0.3333333333333333,-0.3333333333333333,0.5719111583401237
150,5ei3_KELFRFQRLDYKFG,0.31,-235.4800591958651,974.6435083024736,19.44269203153081,6,0.6392372213826796,6.94106508086398,16,29.437857142857144,17.984285714285715,23.41032752613237,0.0122992761732776,0.0,0.7839675545692444,0.8901076316833496,0.9166426658630372,0.8230051398277283,0.4225132465362549,2.565464973449707,0.0,0.7839675545692444,0.9616587162017822,0.9174532890319824,97.5059125740365,1737.963791896497,353.864093219811,25.0,0.6074640933588198,7.150743033656582,0.0,0.5731469392776489,0.4919256440230778,8.828255018373815,2.0439054359230844,0.3898051324453899,0.0622137510809944,4.9047256,2.9869866371154785,21.664303,35.738670349121094,14,1847.1230000000005,0.2857142857142857,9.285714285714286,9.696641349792484,-0.9285714285714288,0.3571428571428571,0.1428571428571428,0.4285714285714285,0.4285714285714285,0.0714285714285714,0.2857142857142857,0.1428571428571428,0.1428571428571428,0.3245652662725221
151,1q5l_NRLTLGL,0.56,-123.220289686057,1205.1266317445231,-29.17181421235065,6,0.63922375473953,6.184611719812966,21,53.58857142857143,53.58857142857143,15.038524590163966,0.1148944419969704,0.0671370251604623,0.9003390669822693,0.9474266171455384,0.9591984748840332,0.9610924124717712,0.3678587675094604,0.9454243183135986,0.0,0.9003390669822693,0.9592809677124025,0.9524624943733216,-156.55867591331787,1163.5197199492115,-13.311552608656626,9.0,0.6918726307769805,5.971146421291587,19.0,0.8869965161596026,0.7772936735834394,5.146646773403367,0.8744802015726684,0.6683764424705568,0.3216744157115468,3.5703907,3.291856050491333,3.8422961,2.161431312561035,7,785.9316,0.0,8.571428571428571,9.750021171569824,0.3285714285714284,0.4285714285714285,0.2857142857142857,0.5714285714285714,0.4285714285714285,0.2857142857142857,0.1428571428571428,0.0,0.1428571428571428,0.3997121838035368
152,4zgm_ARFSTVGEFTVRISWYLLEKASGQDGGA,0.24,-10.259673517170626,1282.2582388735705,-10.404723471388088,7,0.6260661438372046,6.889472475410604,18,42.02499999999999,28.63821428571428,19.771132812499957,0.015271908574876,0.0,0.6636640429496765,0.7890424132347107,0.8203870058059692,0.7367501854896545,0.5784581303596497,2.9580929279327397,0.0,0.6636640429496765,0.9317122101783752,0.8418581485748291,88.41864499290982,1647.8818029325585,133.13858499178608,19.0,0.643887141423819,6.159311177479323,13.0,0.6109611434595925,0.3451323189905712,9.511051377156816,2.339181733858173,0.2438638452560232,0.0475979832787398,3.7014465,2.843414306640625,9.869472,15.667384147644045,28,3046.3477000000003,0.1428571428571428,12.17142857142857,6.225370216369629,-0.1071428571428571,0.2857142857142857,0.2857142857142857,0.3928571428571428,0.4285714285714285,0.2142857142857142,0.1071428571428571,0.1071428571428571,0.0,0.3137079417616283
153,2xn3_QIPPFLDVKLVTGAIRLSNLLFSRTHMEEILSIIR,0.4,-275.9921819766425,3928.0241915307615,-42.33888571376593,28,0.6023656094968817,6.319163853687964,58,27.11314285714285,25.22714285714285,23.196680491551536,0.0175903744487482,0.0120974242265785,0.7351372838020325,0.8575984835624695,0.8882137537002563,0.7941038608551025,0.670200765132904,3.581824779510498,0.0,0.7351372838020325,0.9483999609947203,0.6778581738471985,-151.13487886218985,4411.952889868293,188.97673921150937,45.0,0.5748240629126908,6.13132110496995,58.0,0.5213903180190496,0.4445582773004259,13.433675151218742,3.3255922712007977,0.2525905110344292,0.0764621764029114,13.532492,16.706279754638672,14.679196,23.186424255371094,35,4021.7697,0.0571428571428571,35.19428571428571,8.750567817687987,0.5,0.3142857142857143,0.2285714285714286,0.4857142857142857,0.4857142857142857,0.1999999999999999,0.1428571428571428,0.0857142857142857,0.0571428571428571,0.0656336853183499
154,4o36_EQSAMHTDAHHEFA,0.3,26.124779204041687,1342.2430100282672,3.8378643663068353,18,0.7766562617278363,5.872294404173512,20,33.302142857142854,31.53071428571428,17.904347826086944,0.021581899465319,0.013877656005431,0.8906024098396301,0.8996409773826599,0.901900589466095,0.8484169244766235,0.3158891499042511,0.6740911602973938,0.0,0.8906024098396301,0.9530442357063292,0.9022583961486816,52.80265963639081,1614.9360371296457,141.5866892892233,18.0,0.7483865771675448,5.893081932822463,18.0,0.6020696418625968,0.5422368603093284,4.142240207350772,0.6844306314768999,0.8158348899546746,0.4144657482881247,2.618614,9.374343872070312,9.059429,14.465502738952637,14,1610.6625,0.0714285714285714,83.89285714285715,5.175383567810058,-1.0714285714285712,0.4285714285714285,0.1428571428571428,0.1428571428571428,0.3571428571428571,0.2142857142857142,0.2142857142857142,0.2142857142857142,0.0,0.1022803685291363
155,4os7_LRGCAGCRHGENL,0.66,-397.474704164597,1487.8528585839165,-19.963662589517355,20,0.7448793486370288,6.018345413866012,29,50.52153846153847,47.38923076923077,16.95084973166369,0.1582877678152057,0.0615531750497263,0.9133883118629456,0.9359936714172364,0.9416449666023254,0.8796108365058899,0.3129326403141022,0.9716989398002625,0.0,0.9133883118629456,0.9845737218856812,0.9209213256835938,208.87683308354343,1751.5843025939666,375.9371158187886,30.0,0.8198094313379841,5.9726017774351154,27.0,0.6057696044445038,0.5569988741324499,6.276525433460161,0.946498576736052,0.7345766554249912,0.3074520323765347,6.1481833,9.167945861816406,7.689583,11.5030517578125,13,1385.5754000000002,0.0,18.55384615384616,8.081772804260254,-0.4615384615384614,0.3076923076923077,0.3076923076923077,0.1538461538461538,0.2307692307692307,0.2307692307692307,0.2307692307692307,0.0769230769230769,0.1538461538461538,0.1491351363490323
156,1j4p_PTLQPDKKTMEF,0.21,-9.807931205712082,889.3342889540189,9.700745944378918,10,0.669373700085325,5.948766852884496,0,23.7375,22.30916666666667,22.51384969325147,0.0,0.0,0.8158817291259766,0.8823060989379883,0.8989121913909912,0.8320947289466858,0.4242598712444305,1.7277593612670898,0.0,0.8158817291259766,0.9323703050613404,0.8455460667610168,-11.530307709147213,1035.238035441666,131.09111840275867,6.0,0.6301491881586886,6.330166190928172,2.0,0.6610320508480072,0.5967345635096232,8.909028476656458,1.5999325918517473,0.3541426444901486,0.122609539784509,24.672974,10.940665245056152,21.003565,33.56935501098633,12,1434.6561000000002,0.0833333333333333,39.025,6.488023185729981,-1.2,0.4166666666666666,0.25,0.3333333333333333,0.25,0.25,0.1666666666666666,0.1666666666666666,0.0,0.2989532540203455
157,2kwk_QAKAKSLARRPKRGQGTTTK,0.4,-16.47637132819353,1753.7424526346804,-20.72757773196276,12,0.6195501365602548,5.955013051935776,25,51.233,43.866,15.037231343283574,0.0556612001410546,0.0315869992433469,0.8523473739624023,0.8327795267105103,0.8278874754905701,0.7682608366012573,0.3755972981452942,0.9952337741851808,0.0,0.8523473739624023,0.9167391657829284,0.8240488171577454,80.0358595704979,2191.341897941267,112.467383001311,28.0,0.6037527926240353,5.902603582303456,23.0,0.55940982401371,0.5409369975328445,6.653388269434669,1.135916411031538,0.6644146496083707,0.2615085867124139,11.060957,15.460856437683104,15.003321,23.6788330078125,20,2183.5181000000007,0.0,55.58000000000001,11.999967765808105,-1.61,0.4,0.2,0.2,0.2,0.3,0.35,0.0,0.35,0.292225162255895
158,4mnx_CDGCNLKWCRSRE,0.45,-421.7409162284872,1079.1093141374588,-4.677156191405743,9,0.7315546440978702,6.415137692700819,23,38.37769230769231,32.946923076923085,20.269472271914115,0.0187238725492153,0.0111130870130124,0.8955894708633423,0.9309792518615724,0.939826726913452,0.8655422925949097,0.3016610741615295,0.9388018250465392,0.0,0.8955894708633423,0.986477792263031,0.9055862426757812,-366.7480332789637,1448.6062137137185,57.69478120239768,18.0,0.7182908898048347,6.572865421027924,27.0,0.4801530287815974,0.3071945149164933,8.059673156653691,1.000660968248021,0.8005493320143575,0.3122444579353555,15.366404,1.6126890182495115,11.7347,10.57534408569336,13,1569.7878,0.0769230769230769,66.13076923076925,7.958573722839356,-1.0923076923076922,0.2307692307692307,0.3076923076923077,0.1538461538461538,0.1538461538461538,0.3846153846153846,0.2307692307692307,0.1538461538461538,0.0769230769230769,0.1055107921514422
159,5b76_AQKRKLKATARKGRTSQATPAGAT,0.25,225.8342679175369,1835.449607173737,-7.764440196920475,14,0.6352091197054945,6.21873203943261,26,32.367916666666666,26.338333333333328,20.961180555555625,0.0168627586290586,0.0,0.7858006358146667,0.8567752242088318,0.8745188117027283,0.8466618657112122,0.4979013800621032,1.8422510623931885,0.0,0.7858006358146667,0.945422351360321,0.8201308250427246,207.7440613509408,1702.7946084958658,60.814643529699936,11.0,0.674875900375829,6.500548833048536,27.0,0.6733826696872711,0.381926159063975,7.744409736935739,1.691605781894867,0.3958836097341021,0.1167814342677541,6.054305,11.337691307067873,10.608513,13.214810371398926,24,2497.8557,0.0,25.06666666666667,11.999967765808105,-1.145833333333333,0.4583333333333333,0.1666666666666666,0.2083333333333333,0.2916666666666667,0.2916666666666666,0.2916666666666666,0.0,0.2916666666666666,0.0901066649371118
160,3tg5_LKGHQKKS,0.73,-848.1554487526828,1833.400474276612,-13.98183181465447,11,0.7169945313177949,6.292991449682174,36,50.603750000000005,50.603750000000005,17.759719976905266,0.3575115758327939,0.0618764328785856,0.9543266892433168,0.97100830078125,0.9751787185668944,0.9618386030197144,0.3083808124065399,0.9815521836280824,0.0,0.9543266892433168,0.9669811129570008,0.951186180114746,-723.2716127470848,2095.5838810533137,14.4090707336411,19.0,0.6530287530075802,6.483637879608447,32.0,0.8339229077100754,0.8339229077100754,6.872897396289999,0.9779380098088508,0.8409059250359052,0.428176923336439,16.354877,2.3923490047454834,10.70736,2.9562275409698486,8,925.0869,0.0,-12.475,10.302063941955566,-1.975,0.5,0.25,0.125,0.125,0.25,0.5,0.0,0.5,0.2211946803714771
161,4csj_DNLYLKDALLRDE,0.86,-620.5630242699336,1263.9630383075596,-39.46885863381942,5,0.7001758528958099,7.05274282684977,15,80.34692307692308,73.34230769230768,11.129553254437862,0.6916239191375817,0.1974124112423309,0.9536856412887572,0.9418208003044128,0.9388546347618104,0.920792281627655,0.3431379497051239,0.8321042060852051,0.0,0.9536856412887572,0.9666025042533876,0.9677560925483704,-502.7419004245941,1282.9988867949464,11.845265158429925,7.0,0.5081922041420639,6.705387846068592,14.0,0.7977675474607028,0.728506115766672,6.654014190431883,0.7907537944041766,0.8709718859230687,0.5178353782707409,0.36025828,0.7218703031539917,0.6946607,0.8570699095726013,13,1577.7336,0.0769230769230769,17.51538461538462,4.457791328430175,-0.7846153846153846,0.5384615384615385,0.3076923076923077,0.3846153846153846,0.4615384615384615,0.0769230769230769,0.1538461538461538,0.3076923076923077,-0.1538461538461538,0.0949637956166083
162,1ta2_DEEEAPFAIL,0.46,-421.90423214210784,1176.6081456924085,-28.72826958509563,10,0.6541662615905655,6.344707890421254,0,39.093,33.402,20.21729370629378,0.0260525389524527,0.012952382562876,0.814595103263855,0.9322013854980468,0.9616029262542723,0.9589988589286804,0.4578301906585693,2.091773509979248,0.0,0.814595103263855,0.964756190776825,0.8840699195861816,464.2531565228828,995.5085782012344,453.44907765004206,6.0,0.6268029994389301,5.782811350885715,0.0,0.8156396150588989,0.5283368587493896,10.54042289800994,2.021687083779932,0.6629266343866391,0.1003277578644424,15.141034,4.162211418151856,13.274275,8.50732421875,10,1133.2047,0.1,131.98000000000002,4.0500284194946286,-0.0899999999999999,0.6,0.2,0.3,0.5,0.0,0.0,0.4,-0.4,0.090220058761231
163,2m04_NERIMQAGRLARDEERQALEDAYQW,0.73,-160.0447951636109,1793.787574002138,-40.28920110296201,2,0.6434820227320566,6.590172244764356,26,68.6,52.19799999999999,9.458703517587947,0.4282644362656419,0.080599911783137,0.346031129360199,0.6452392935752869,0.7200412750244141,0.6925349831581116,1.2296161651611328,8.218338966369629,0.0,0.346031129360199,0.8135601282119751,0.8766881823539734,-187.72204716005373,2249.116252261918,25.178311208325734,15.0,0.6382599295320439,6.303925356987997,25.0,0.6045024633407593,0.4777670097351074,17.925376319178383,6.491940515562518,0.0,0.0,13.806494,15.03406810760498,17.572163,6.25780200958252,25,3049.293899999999,0.08,35.032000000000004,4.656898307800293,-1.376,0.44,0.16,0.2,0.3999999999999999,0.16,0.16,0.24,-0.0799999999999999,0.3865664599224805
164,1g37_YEIFAPAEL,0.39,-370.29773175479465,848.1913554870575,3.5269832277093656,5,0.6665507835145945,6.31211983720422,12,30.54777777777777,30.54777777777777,24.699215229215216,0.0122209869103084,0.0,0.833258330821991,0.9162628054618835,0.9370139837265016,0.8956103920936584,0.5141706466674805,1.873752474784851,0.0,0.833258330821991,0.9608724117279052,0.8835395574569702,20.130907324441058,1187.1897821805323,-4.817126874025227,15.0,0.7390238103834497,6.101443413086457,0.0,0.5953206022580465,0.490224089887407,10.615616310714934,1.9464716612598,0.5613918821101644,0.1275195253065775,20.046795,5.076085090637207,15.441738,29.24077033996582,9,1052.1765000000005,0.2222222222222222,64.71111111111112,4.0500284194946286,0.5333333333333333,0.5555555555555556,0.1111111111111111,0.4444444444444444,0.6666666666666667,0.0,0.0,0.2222222222222222,-0.2222222222222222,0.240438690946015
165,5ax3_LVKALNYLKEWI,0.36,-187.0617128302546,1056.1425342674845,-12.088279667283786,9,0.4406279954596948,6.677718892454671,14,28.89333333333333,21.254166666666663,23.724912023460373,0.0,0.0,0.64361971616745,0.8497047424316406,0.9012259840965272,0.8173257112503052,0.594060480594635,5.694350719451904,0.0,0.64361971616745,0.9387391805648804,0.9438667893409728,308.9195411647148,1626.7749002126418,221.6989815889287,8.0,0.5588453621398352,7.129221220965546,0.0,0.6087061911821365,0.6087061911821365,15.690418771853196,4.146510168662402,0.0433752964253053,0.0158391320847434,22.331795,22.69809341430664,22.482786,46.06587600708008,12,1489.7989,0.1666666666666666,-12.833333333333332,8.497593879699707,0.4083333333333332,0.5833333333333333,0.0833333333333333,0.5833333333333333,0.6666666666666667,0.0833333333333333,0.1666666666666666,0.0833333333333333,0.0833333333333333,0.6291285372388911
166,4m8e_KRKLQLHDLHI,0.69,-142.797996062026,1167.870949886736,-23.512368845949453,7,0.5977954378111392,7.211658785375889,17,50.06818181818182,43.02818181818181,15.088743434343469,0.1730386210237322,0.060892260463732,0.6804214715957642,0.8475415110588074,0.8893215656280518,0.8631909489631653,0.6524233222007751,3.9419119358062735,0.0,0.6804214715957642,0.8872550129890442,0.7884061336517334,-241.32241122773212,1503.9808333971027,49.44194756854918,19.0,0.5620945840605501,6.507773073988693,0.0,0.5300679911266674,0.452192181890661,13.932200356264309,3.809339730342229,0.2112115801906927,0.0279642842557019,13.991109,14.317609786987305,15.290347,33.35150909423828,11,1400.6712,0.0,100.5909090909091,9.99442081451416,-0.8909090909090907,0.4545454545454545,0.0909090909090909,0.3636363636363636,0.3636363636363636,0.0909090909090909,0.4545454545454545,0.0909090909090909,0.3636363636363636,0.0702703085855733
167,2xxn_GSITWVSPGAEVSNM,0.29,-59.89916474769929,936.3238271905568,-21.76828055220285,13,0.7864168472226696,6.4697983680318,15,28.092,24.555333333333337,20.81693670886078,0.0155353209527881,0.0110795970026297,0.7835243344306946,0.8942632675170898,0.92194801568985,0.860560953617096,0.4007289409637451,2.211414337158203,0.0,0.7835243344306946,0.9764003157615662,0.8168804049491882,-65.89049511370398,1466.4848778789574,144.3681073264582,12.0,0.7477569320492552,6.165148485527976,14.0,0.6128890156745911,0.5035601476828258,8.318915832910356,1.7684948383755823,0.3647354309168159,0.0734081176904414,17.138746,5.909298419952393,15.848902,18.709007263183597,15,1534.6888999999996,0.0666666666666666,17.286666666666665,4.0500284194946286,0.2133333333333333,0.2,0.4666666666666667,0.3333333333333333,0.3999999999999999,0.3333333333333333,0.0,0.0666666666666666,-0.0666666666666666,0.2507303545656468
168,5q1g_QRLYLHLDL,0.53,-366.0794573884304,899.72783324791,-12.905320440065625,2,0.5711387085979617,7.0784041081069375,13,39.92777777777778,37.42444444444445,21.10177396280402,0.0397430464281602,0.0141985424737273,0.7639273405075073,0.8531873822212219,0.8755024075508118,0.8599909543991089,0.4625872373580932,2.2805163860321045,0.0,0.7639273405075073,0.9460328817367554,0.8358719348907471,299.90731475954806,1148.1090444305191,169.63415160670516,2.0,0.5974451837927394,7.073812797937846,14.0,0.7042606539196439,0.7042606539196439,13.172776938436938,2.1963745383177136,0.2518905375230039,0.0646340922135474,3.8733144,7.974603176116943,6.453008,4.048769474029541,9,1170.3605,0.1111111111111111,8.88888888888889,6.743628120422364,-0.0888888888888889,0.4444444444444444,0.1111111111111111,0.5555555555555556,0.5555555555555556,0.1111111111111111,0.2222222222222222,0.1111111111111111,0.1111111111111111,0.212355545048955
169,1xh6_AIHRAFTRTYDASRGGTDNI,0.43,-423.593417997418,1493.82700425821,-0.3049453265842885,9,0.5781844902821381,6.572086229639648,28,27.929,23.6615,23.67346581196591,0.0168869992299132,0.0,0.7667502760887146,0.8774306178092957,0.9051007628440856,0.8203021287918091,0.4841630756855011,3.277372121810913,0.0,0.7667502760887146,0.9615756273269652,0.7420438528060913,-261.7304594966325,2622.0936641614467,142.7023636495394,46.0,0.64750973286288,6.668294677309178,18.0,0.4848460271954536,0.4581992760300636,13.665812955652378,2.8982090552223374,0.4254284130999541,0.0804380710952819,6.2604523,5.998944282531738,16.489803,24.710124969482425,20,2222.3766,0.1,56.79,8.79382610321045,-0.75,0.15,0.3,0.35,0.35,0.25,0.2,0.1,0.1,0.5597036051628215
170,4qk4_LPLLALPASKKL,0.54,-499.5298062884092,1582.5185010426133,-35.30500641933088,7,0.4552131940309538,6.453064530119061,0,43.17916666666667,43.17916666666667,20.95031901041667,0.0222761557651375,0.0125293510674375,0.6988654136657715,0.8564506769180298,0.895846962928772,0.8154598474502563,0.4707343578338623,3.375235319137573,0.0,0.6988654136657715,0.9647579789161682,0.7653369307518005,-63.18287724065205,1781.6933576140466,248.1048452776872,13.0,0.4841382769729978,6.535851827513318,0.0,0.3492566098769505,0.3275923604766528,14.057404865239128,3.1102640641232333,0.3344422288828249,0.0428540218275357,20.875658,11.429875373840332,18.575493,11.590124130249023,12,1263.6114,0.0,50.24166666666667,10.002737236022949,0.9,0.75,0.25,0.4166666666666667,0.5833333333333334,0.0833333333333333,0.1666666666666666,0.0,0.1666666666666666,0.300635638056094
171,1jd5_AYAFDIPI,0.87,-186.4716956424973,1142.1809832054976,-48.92349627176526,4,0.6534825103921206,5.823085142723381,18,86.80375000000001,78.3425,6.067168141592919,0.6115660436865461,0.3479154662287352,0.905637800693512,0.9409443140029908,0.9497709274291992,0.9335849285125732,0.3385190367698669,0.8095411062240601,0.0,0.905637800693512,0.96059250831604,0.9075239896774292,39.13366044155113,1044.4021232683392,1.4508715166253765,8.0,0.7179521352015849,5.919996348390328,15.0,0.7400299459695816,0.7400299459695816,5.019647491288133,0.8697609914285419,0.7646016302220008,0.5497811761939744,0.44923124,1.8901666402816768,4.4659743,8.243593215942383,8,909.0359,0.25,50.17499999999999,4.0500284194946286,1.125,0.25,0.25,0.5,0.75,0.0,0.0,0.125,-0.125,0.17814733203165
172,4fhi_KKLHLQLIRH,0.73,-514.2525090403014,1143.9181132885171,-26.002896917797614,4,0.4142709517045032,7.29057596422034,17,64.24699999999999,57.27199999999999,15.15363709677421,0.1417712706741851,0.066198073877053,0.8663466572761536,0.9366464614868164,0.9542214274406432,0.9427867531776428,0.5289769768714905,1.860811948776245,0.0,0.8663466572761536,0.9369767904281616,0.9315861463546752,-180.75272911496072,1053.8039559672088,84.7573118218447,7.0,0.4994640842737272,7.369586448112085,15.0,0.827125507593155,0.6712653338909149,8.743035458989683,1.7074965769845631,0.4434687897124881,0.1323942086143966,3.1454842,1.691460371017456,2.73866,3.673150777816773,10,1285.5838,0.0,52.370000000000005,11.166327095031736,-0.6300000000000001,0.5,0.0,0.4,0.4,0.1,0.5,0.0,0.5,0.3045208780463914
173,4x8p_EFEIEEEDSERY,0.44,-280.6820151009791,1109.642585007019,0.977085839169149,15,0.7292478372726461,6.418500177158849,15,41.907500000000006,36.33083333333334,20.951688829787194,0.0220846887087788,0.0142850186839289,0.8686794638633728,0.919223427772522,0.9318594336509703,0.8489203453063965,0.3031904399394989,1.1354525089263916,0.0,0.8686794638633728,0.9850367903709412,0.8734605312347412,-180.6052679898054,1379.9284307329908,164.60794666300637,13.0,0.7987728378624059,6.133576615669736,14.0,0.4832365761200587,0.4388477951288223,7.087182274854458,1.0955576694418565,0.6014117063078793,0.2088061523067176,2.94778,4.459969520568848,11.592885,18.54133033752441,12,1574.5543,0.1666666666666666,158.03333333333333,4.0500284194946286,-1.9833333333333332,0.5,0.1666666666666666,0.25,0.25,0.0833333333333333,0.0833333333333333,0.5833333333333334,-0.5,0.0855560828081655
174,5iza_LEGAGWA,0.48,-684.2476009018164,992.0189281097024,-10.368991831422022,10,0.6347577205456947,6.915446751231718,12,32.61714285714286,32.61714285714286,23.426465517241333,0.0149858385756643,0.0,0.8973546028137207,0.9407663345336914,0.951619267463684,0.929627537727356,0.3208179175853729,1.846431255340576,0.0,0.8973546028137207,0.9711033701896667,0.9575499296188354,-467.52657698259554,1148.2538679733402,151.15737304567222,9.0,0.6048421293245491,6.633624363495755,16.0,0.6814960709639958,0.6814960709639958,9.147334716051866,1.718034376186886,0.6459784056717748,0.1519162267392887,12.661753,0.7471655607223511,10.694272,4.305331230163574,7,702.7552,0.1428571428571428,-7.399999999999999,4.0500284194946286,0.3142857142857142,0.5714285714285714,0.2857142857142857,0.2857142857142857,0.5714285714285714,0.0,0.0,0.1428571428571428,-0.1428571428571428,0.7074206429978335
175,5wuk_SFRKKMILEWSRIQVRQNQITEEQPNLR,0.85,-796.9803308358789,2727.136274164651,-25.49888437545667,21,0.6215263117564436,6.810959009277266,31,76.54178571428574,59.586785714285725,9.537089376359717,0.6176216740974254,0.1340207860464289,0.681513786315918,0.878639817237854,0.9279213547706604,0.8263320326805115,0.4135538637638092,5.145703315734863,0.0,0.681513786315918,0.9775969386100768,0.916555643081665,-418.7250320342823,2733.4070559986126,112.90904354346247,19.0,0.5669352139384054,6.550492989193677,26.0,0.5698614471725055,0.4529945499130657,12.404442808603662,3.8922827704346985,0.2414538401126617,0.0176221581471989,4.087684,20.91106986999512,14.903425,7.211769104003906,28,3529.039100000001,0.0714285714285714,70.32499999999999,10.834250450134276,-1.1464285714285716,0.2857142857142857,0.1785714285714285,0.3214285714285714,0.3214285714285714,0.3214285714285714,0.2142857142857142,0.1071428571428571,0.1071428571428571,0.0984950690371138
176,1t63_LYLLEDDLKKRDNA,0.53,-450.1909154949136,1150.1071826854104,-10.208492088093069,2,0.6594160206792661,6.917019494633407,19,45.028571428571446,36.70285714285715,20.088349567099574,0.0291044724321736,0.0123937906203782,0.8279008269309998,0.927046000957489,0.951832354068756,0.9087425470352172,0.3320235013961792,1.6907411813735962,0.0,0.8279008269309998,0.9733421206474304,0.9445515871047974,-495.5128686545911,1030.5984305695993,-12.518661193981018,6.0,0.5554044684065728,7.322871516823363,13.0,0.6878852759088788,0.3916069652353014,8.556185504590923,1.563911101631659,0.5136100192713753,0.1163952607081393,4.326003,4.061107158660889,5.4167733,4.889873504638672,14,1705.9059,0.0714285714285714,40.26428571428572,4.684465217590332,-1.0071428571428571,0.5714285714285714,0.2857142857142857,0.3571428571428571,0.4285714285714285,0.0714285714285714,0.2142857142857142,0.2857142857142857,-0.0714285714285714,0.3168559705655651
177,6fo9_LLRIKLHHQ,0.3,-314.1521585162111,866.7747525761769,-15.867336184792409,12,0.620418345795675,6.428627523914586,0,24.495555555555555,19.945555555555558,23.439520609319004,0.0,0.0,0.9379045367240906,0.9582989811897278,0.9633976221084596,0.9539598822593688,0.3997962474822998,1.104203462600708,0.0,0.9379045367240906,0.9596351385116576,0.9683523774147034,-291.3822988720629,1068.0356732117075,-17.122419775987282,4.0,0.5104155847382077,7.21424546949225,15.0,0.8709151479932997,0.6752084228727553,6.4162591297086,1.0823179538425152,0.7432273849671077,0.3673724899480206,5.7489862,4.463280200958252,20.19345,32.37862777709961,9,1157.4115,0.0,11.422222222222224,11.000901222229004,-0.2666666666666667,0.4444444444444444,0.0,0.4444444444444444,0.4444444444444444,0.1111111111111111,0.4444444444444444,0.0,0.4444444444444444,0.0712167071821271
178,3h8k_LQREVRLRNAREMQQDKAKWDRKLSQLF,0.31,-208.91063052987064,1849.7613380681653,4.384869192876664,14,0.5639446338188076,7.148364483918591,28,43.580357142857146,25.38964285714286,17.701605282738115,0.0157243718037557,0.011941510741516,0.5749515295028687,0.8561621904373169,0.9264647960662842,0.9122838973999025,0.5893107652664185,4.569796085357666,0.0,0.5749515295028687,0.9387606382369996,0.8889285326004028,-89.24304269786693,1891.7782160692427,96.39673203666804,10.0,0.6418768642014264,7.106737722748721,22.0,0.872285687497684,0.4947536310979298,11.42218695812127,3.404022139369599,0.0500387025362713,0.0194245490062209,1.7693802,16.05337905883789,12.422324,3.258004903793335,28,3544.0571,0.0714285714285714,41.75714285714287,10.87815341949463,-1.417857142857143,0.4285714285714285,0.1428571428571428,0.25,0.3571428571428571,0.2142857142857142,0.2857142857142857,0.1428571428571428,0.1428571428571428,0.1564679675173906
179,4zsh_HILQLLKKDHR,0.79,-400.4479762955609,1094.7803307243976,-41.89896602081643,2,0.390702665001084,7.194988496797564,15,74.20454545454545,62.56545454545455,11.586047077922071,0.5134071698297537,0.1323419829102832,0.8511847257614136,0.889276921749115,0.8987998962402344,0.8566694855690002,0.7958594560623169,2.9153406620025635,0.0,0.8511847257614136,0.9024977684020996,0.907101273536682,-103.8697047259561,1153.1823364721406,18.131017489949897,9.0,0.5663844175395649,7.155630091625758,14.0,0.6005883948369459,0.5462238002907146,11.291432893822911,2.8029198868974268,0.4744084689691502,0.1406997734954849,0.702752,2.9347548484802246,2.4506128,1.9088413715362549,11,1400.6712,0.0,88.46363636363638,9.99442081451416,-0.890909090909091,0.4545454545454545,0.0909090909090909,0.3636363636363636,0.3636363636363636,0.0909090909090909,0.4545454545454545,0.0909090909090909,0.3636363636363636,0.4593361420935462
180,6hm4_NMGTVPVP,0.62,-322.2052045898426,824.5071677243245,-18.000818105700205,2,0.7374265532185379,6.042145223198992,10,59.6925,59.6925,17.501779100529124,0.1062937530505673,0.0353942886495082,0.7146356105804443,0.9100902676582336,0.9589539170265198,0.9164415001869202,0.4031845927238464,3.2550177574157715,0.0,0.7146356105804443,0.948653757572174,0.8964470028877258,-227.6617407012054,1010.056743031667,91.69165576778512,8.0,0.6652394702547274,6.48093469199647,0.0,0.6678819954395294,0.6678819954395294,12.808165887163746,2.864629233876864,0.180049659791598,0.0293886589153705,20.139355,7.615694999694824,17.339739,25.105453491210938,8,813.9614999999999,0.0,70.36250000000001,5.525000190734862,0.3124999999999999,0.125,0.5,0.375,0.375,0.25,0.0,0.0,0.0,0.1765978908785297
181,6e3i_RQRHVVDLQAAIGGERGYTAL,0.36,-216.33569700443985,1640.936920642344,-32.4845801063841,6,0.7126061441304155,6.706356000551418,31,39.67285714285714,34.79190476190475,19.19194329755017,0.0227259881161949,0.0126998471398364,0.7398160099983215,0.870910108089447,0.9036835432052612,0.8378227353096008,0.5561806559562683,2.186899423599243,0.0,0.7398160099983215,0.9503317475318908,0.780083417892456,-110.20278257377404,1737.8285094869204,8.311094168411344,13.0,0.6034312458662925,6.541851807795966,19.0,0.652900945572626,0.4923841470763797,10.615244868592129,2.093336508379408,0.5507945545238119,0.0942084860474904,11.045664,4.078835964202881,11.2501335,7.797455787658691,21,2310.5710000000004,0.0476190476190476,26.39047619047619,8.750374412536619,-0.3809523809523809,0.2857142857142857,0.1904761904761904,0.3333333333333333,0.4285714285714285,0.1428571428571428,0.1904761904761904,0.0952380952380952,0.0952380952380952,0.0793172514037213
182,6f55_PGNPIAKPLWPKVPT,0.25,110.85480931508718,932.8978544671568,-13.575997940661225,7,0.6065609546069473,6.478775578878888,15,42.20333333333333,34.568,17.66686991869919,0.018786958731479,0.0,0.7799525260925293,0.8503101468086243,0.867899477481842,0.8949318528175354,0.3539222180843353,1.0026934146881104,0.0,0.7799525260925293,0.9460113644599916,0.8363548517227173,127.11473423732508,979.5643206236218,153.39966976928994,5.0,0.6801589718116293,6.848222073429412,14.0,0.799392028649648,0.555020256837209,5.889320822169141,1.0337023117435655,0.575860763373604,0.1922468494167255,5.183873,15.853236198425291,12.405055,12.598503112792969,15,1614.9276999999995,0.0666666666666666,19.69333333333333,10.01866092681885,-0.4666666666666666,0.2666666666666666,0.4666666666666666,0.3333333333333333,0.3333333333333333,0.1333333333333333,0.1333333333333333,0.0,0.1333333333333333,0.5411669354161095
183,1q0w_SADELKNKRSSRELPIAEEILEYE,0.17,198.7448236223163,926.70866871498,-2.0345206025744744,8,0.5750168916754608,6.293925705619467,11,32.63416666666667,16.413333333333334,20.994420833333304,0.0137538026032465,0.0,0.4654242694377899,0.7469510436058044,0.8173327445983887,0.7197426557540894,0.681671679019928,3.5372562408447266,0.0,0.4654242694377899,0.9300782084465028,0.5898364186286926,243.92319194905943,1664.8271736120955,304.52169205895825,18.0,0.5468406042703986,6.194647268380693,16.0,0.5488139539957047,0.409042440354824,12.332685847568015,3.550239014426867,0.0252483231034023,0.0178984030312307,11.057678,15.429754257202148,15.974169,16.609907150268555,24,2820.0694,0.0416666666666666,94.83333333333331,4.667584037780761,-1.0875,0.5416666666666666,0.2499999999999999,0.25,0.3333333333333333,0.1666666666666666,0.1666666666666666,0.2916666666666667,-0.125,0.199946641605601
184,6uyy_DIVILAEERE,0.51,-49.40777874747489,1128.9715014253825,-24.24897896993893,10,0.6645769373082968,5.9231855244354765,15,58.448000000000015,55.32800000000001,13.398852272727265,0.1796583054175607,0.0782064067471271,0.7767395973205566,0.8901150822639465,0.9184589385986328,0.9013749957084656,0.4084907472133636,1.2615352869033811,0.0,0.7767395973205566,0.9397355318069458,0.8407176733016968,-65.94744291346417,978.4293213755216,-1.5853853390050432,8.0,0.6084731673988726,6.0158551400907925,11.0,0.8213314533233642,0.6710316419601441,7.266819289597598,1.2338317302817647,0.4861849068949014,0.2184587607238301,7.890157,8.217674255371094,7.8199944,2.211482524871826,10,1186.3121,0.0,52.370000000000005,4.244417762756348,0.03,0.5,0.1,0.4,0.5,0.0,0.1,0.4,-0.3,0.1101811902145479
185,3fii_LNVTQMQVRIQQDVEDVEDKVLADRV,0.36,-671.5865634336361,1921.7866315261429,-4.906967387045484,9,0.6594740710711384,6.698254182687973,21,29.310769230769235,24.85461538461539,25.144424421732065,0.0115517399253148,0.0,0.3308621346950531,0.7015872597694397,0.7942685484886169,0.667826235294342,1.4061287641525269,10.99115753173828,0.0,0.3308621346950531,0.8493594527244568,0.6742787957191467,321.9795299954864,2874.98276603524,365.1076250350012,42.0,0.6165898589752631,6.5543599571103455,22.0,0.3524850927866422,0.2943204274544349,24.42659216677018,9.438369450369615,0.0,0.0,16.034735,9.30655288696289,24.392445,24.56737899780273,26,3041.392599999999,0.0,14.584615384615386,4.233220481872559,-0.4269230769230768,0.2692307692307693,0.1923076923076923,0.3846153846153847,0.4230769230769231,0.2307692307692307,0.1153846153846153,0.2307692307692307,-0.1153846153846153,0.1997158457196986
186,2kwj_RTAAGGTQLTASRKQKPKR,0.23,226.7633710146711,1679.8958344105677,-11.062462482746357,17,0.6050822158623724,5.843065421754596,25,32.42052631578948,26.675789473684205,20.658725761772843,0.0200355929074193,0.011866946621902,0.7798330783843994,0.8649166226387024,0.8861874341964722,0.8609249591827393,0.516011655330658,1.739875555038452,0.0,0.7798330783843994,0.8744066953659058,0.8202311992645264,433.6994684330679,1971.385879144491,397.9107344706949,21.0,0.6308681374906284,6.394302728870744,24.0,0.7565049121254369,0.6306185408642417,7.332885024749954,1.6240982132841109,0.3556946977501568,0.1197415231157442,10.046525,18.22431755065918,15.063785,19.67109489440918,19,2055.3458,0.0,43.3,11.999967765808105,-1.4894736842105265,0.3684210526315789,0.2105263157894736,0.2105263157894736,0.2105263157894736,0.3157894736842105,0.3157894736842105,0.0,0.3157894736842105,0.1915641415940061
187,3al3_YYFPEIDSL,0.53,-407.50046232777214,1271.5959216318915,-26.44715608286367,4,0.6438823435510116,6.779913568185128,17,44.80111111111111,44.80111111111111,19.373822809593744,0.0368522524351233,0.0150820532587283,0.8711419701576233,0.919782280921936,0.9319422841072084,0.8605028986930847,0.3576443493366241,1.4354618787765503,0.0,0.8711419701576233,0.9663536548614502,0.925669014453888,-155.16289101117584,1323.1589516684303,226.10636574462973,18.0,0.7216255316523971,6.2324045433070205,16.0,0.5009208222230276,0.5009208222230276,7.876300874639829,1.3641748906232187,0.4816838047056823,0.1739140656895842,6.7604356,9.760557174682615,10.385953,13.580026626586914,9,1146.2446,0.3333333333333333,106.11111111111111,4.0500284194946286,-0.1,0.2222222222222222,0.3333333333333333,0.5555555555555556,0.5555555555555556,0.1111111111111111,0.0,0.2222222222222222,-0.2222222222222222,0.4884558277724707
188,2l11_KGSTAARTRAGTQK,0.38,8.36667802073926,1316.8288363969195,-30.24375470548829,8,0.6835698241501089,5.992008136752922,19,53.45928571428572,48.43357142857143,13.810777310924362,0.0606946121155592,0.0460287045128466,0.8989853262901306,0.9080832600593568,0.9103577733039856,0.8985657095909119,0.3102529346942901,0.5274922251701355,0.0,0.8989853262901306,0.9639403223991394,0.9129253625869752,-39.89973424964841,1340.7847137465465,15.268281170655136,4.0,0.6547729619322942,6.043845318241339,15.0,0.7923704300607953,0.6967607992036002,2.9917475584299624,0.5581357873224911,0.7245630309022784,0.4947852178491466,9.39061,11.366521835327148,10.922184,17.44437026977539,14,1432.5857999999998,0.0,-8.228571428571428,11.999967765808105,-1.3285714285714283,0.3571428571428571,0.2142857142857142,0.2142857142857142,0.2142857142857142,0.3571428571428571,0.2857142857142857,0.0,0.2857142857142857,0.0739353793528708
189,3ajb_AEPAPRSELDKFPKDLLSEPDDELSA,0.52,-485.0633484831649,2080.0308254527527,-22.893645699421427,11,0.5459909441166468,6.540701203627204,21,39.55961538461539,33.99346153846154,22.36229322401738,0.0216890845579696,0.0132135537685697,0.3678680956363678,0.6589387059211731,0.7317063212394714,0.613703191280365,1.4210387468338013,10.775550842285156,0.0,0.3678680956363678,0.8277194499969482,0.4743302166461944,35.72618817347966,2653.663776961977,171.7272185466545,19.0,0.5198743114740614,6.180691863543871,15.0,0.3899764475914148,0.3433409252992043,23.517599058540757,8.84631581744617,0.0,0.0,2.9927192,35.17123794555664,28.798525,12.18703842163086,26,2870.0817999999995,0.0384615384615384,69.30384615384615,4.071911430358887,-0.9884615384615386,0.5,0.4230769230769231,0.1923076923076923,0.3076923076923077,0.1153846153846153,0.1153846153846153,0.3076923076923077,-0.1923076923076923,0.1998464784364164
190,3m53_SKKDSYKR,0.71,-425.0622113047347,1217.8859271758886,-18.04045887347252,10,0.7304571313945538,6.260996002306319,22,56.73000000000001,56.73000000000001,15.74247047244092,0.3863421463653184,0.0745448409703213,0.8558847308158875,0.943730354309082,0.9656917452812196,0.9509034752845764,0.426648885011673,1.7302356958389282,0.0,0.8558847308158875,0.9368134140968324,0.8984692096710205,-146.04062339144974,1277.807626009928,114.02822509796248,21.0,0.6630353916541071,6.203413411304638,20.0,0.8544224798679352,0.7660089731216431,10.46648367928473,1.5599237571023112,0.4724571651309838,0.1869051215111081,7.1472216,1.9806092977523804,6.7334127,10.444071769714355,8,1011.1331,0.125,73.575,9.996096992492678,-2.825,0.375,0.375,0.125,0.125,0.25,0.5,0.125,0.375,0.181073614266818
191,3dvm_AMYYYKAMSQRAIIKKMMEGHK,0.3,-5.479825795253307,3220.9671484339924,20.624838669064943,18,0.5591030811630168,6.530130215144287,35,39.579545454545446,37.92454545454545,17.043639169472524,0.0172743677179852,0.0,0.7947810888290405,0.7707716226577759,0.7647691965103149,0.6873608827590942,0.4936807155609131,1.8419023752212524,0.0,0.7947810888290405,0.8445354700088501,0.949950397014618,55.4950829330128,3511.699293636509,135.17076595476476,11.0,0.5909531193248466,6.81363346302001,29.0,0.5119569111954082,0.491979875347831,5.852732034435644,1.5590474093217908,0.485098796121249,0.1019214496930198,13.742708,13.633023262023926,13.187632,2.220603704452514,22,2679.2538000000004,0.1363636363636363,80.66818181818182,9.874509620666505,-0.6090909090909091,0.5454545454545454,0.0909090909090909,0.2272727272727272,0.5454545454545454,0.0909090909090909,0.2727272727272727,0.0454545454545454,0.2272727272727273,0.1367725635059848
192,3upv_TVPEDEV,0.4,-256.0785100110471,813.424513142614,-6.616152676320695,7,0.710468061665266,7.103603140863713,11,40.62857142857143,40.62857142857143,19.027002164502186,0.0289691103469903,0.0127878784626074,0.8823038339614868,0.9342803359031676,0.947274386882782,0.8762683272361755,0.2906121611595154,0.8847084045410156,0.0,0.8823038339614868,0.9766520261764526,0.9297301769256592,-87.05905178757683,880.5388844785379,156.4093375663211,16.0,0.7065770438575109,6.814946653952685,10.0,0.5008696871144431,0.441028675862721,5.874933119008552,0.9099180146535754,0.5277419095184486,0.3316736412154566,4.666603,9.050957679748535,8.159449,6.521039962768555,7,787.8118,0.0,88.42857142857144,4.0500284194946286,-0.6285714285714284,0.2857142857142857,0.2857142857142857,0.4285714285714285,0.2857142857142857,0.1428571428571428,0.0,0.4285714285714285,-0.4285714285714285,0.1792149620179031
193,5q0i_PASKALLLPKLL,0.69,-456.7434025894415,935.183359244134,-35.02881292108168,0,0.5863423343922308,7.0299779967346,14,64.65416666666668,56.565,15.6986331938633,0.4060021702936176,0.1208487907178377,0.8125051259994507,0.8822467923164368,0.8996822237968445,0.8290279507637024,0.4336962699890136,1.9025194644927976,0.0,0.8125051259994507,0.94823956489563,0.8765463829040527,-240.52173225609008,1219.2194285375824,-10.977012367089088,5.0,0.6260333084571109,6.728131056679662,12.0,0.6202270289262136,0.5625699857870737,10.411899763004882,1.7878301434083796,0.578953248059484,0.1113850965492756,0.8374317,2.139425754547119,4.3056636,6.85015344619751,12,1263.6114000000002,0.0,34.19166666666667,10.01866092681885,0.9,0.75,0.25,0.4166666666666667,0.5833333333333334,0.0833333333333333,0.1666666666666666,0.0,0.1666666666666666,0.1423941642873807
194,2o9v_PPVVPPPPPS,0.42,-125.75972114389556,722.7489493356002,-15.594472226137512,0,0.6916003456465862,6.95172953697376,9,56.891,48.222,12.114727272727272,0.0466435432893199,0.0279089671183315,0.8872419595718384,0.9036635756492616,0.907768964767456,0.8384881019592285,0.3082621693611145,0.8478796482086182,0.0,0.8872419595718384,0.9737632274627686,0.9500822424888612,-141.4079412344697,828.933260651231,1.392453312885607,5.0,0.709687054859152,6.937520135113036,12.0,0.6398002684116364,0.5841862857341766,3.6384694986916206,0.7014939597674779,0.6202940053799704,0.3458696622096612,12.270475,9.985148429870604,10.8631115,3.8335466384887695,10,983.1609999999998,0.0,163.08,5.954987144470215,-0.36,0.0,0.7999999999999999,0.2,0.2,0.1,0.0,0.0,0.0,0.4409953052100713
195,2l1b_GAPKQTAASTALAR,0.28,6.115063724932145,1141.1998832123286,-15.377526450361213,17,0.6349853005498127,5.791404719552087,18,44.82214285714286,36.99857142857143,15.33298979591838,0.031113147246498,0.0154305511084088,0.8286798596382141,0.8480036854743958,0.8528346419334412,0.7806801199913025,0.3803268373012543,0.9217929840087892,0.0,0.8286798596382141,0.9398794770240784,0.9190006852149964,98.90674499034044,1076.523139550986,42.98106308942848,11.0,0.6137481287741792,6.792838173560939,9.0,0.7057743413107735,0.5487703212669918,3.8595717237920177,0.7902082605629551,0.4349825405538219,0.2752571666519098,7.071058,9.38967990875244,11.471583,12.738433837890623,14,1342.5012000000002,0.0,33.86428571428572,11.000836753845212,-0.2357142857142857,0.5,0.2142857142857142,0.2142857142857142,0.4285714285714286,0.2857142857142857,0.1428571428571428,0.0,0.1428571428571428,0.2081107418854793
196,4c5g_VISRTAEAAEGHGLKGKMMFWERQMVSSWT,0.41,-515.9010268403895,2338.050683364161,-28.54957868069971,18,0.6718857945447736,6.051234930636063,0,30.323,23.619000000000007,25.340892427459323,0.0187281083931173,0.0,0.4143514633178711,0.797159731388092,0.8928617835044861,0.7692103385925293,0.7794835567474365,9.335319519042969,0.0,0.4143514633178711,0.9187405705451964,0.4673043489456177,361.5566411509419,3175.891724423644,700.1667791265431,35.0,0.6654568288954651,6.216380917885062,0.0,0.3346172293027242,0.2897136638561884,24.34549932119826,8.328532490030891,0.0,0.0,24.279947,28.00729751586914,28.080141,31.39067840576172,30,3424.9279,0.1,21.87666666666667,8.56818675994873,-0.34,0.4,0.2,0.3,0.4333333333333333,0.2,0.1666666666666666,0.1,0.0666666666666666,0.1107337754047069
197,4pp5_KDLHQKRHLLI,0.42,-168.41630779748544,945.1340165440574,4.90990374327356,2,0.6753217484511561,6.87709402947818,15,33.09909090909091,21.79,23.03656565656573,0.0169290804836962,0.0,0.4822783172130584,0.8320280313491821,0.9194654822349548,0.9165713787078856,1.0035549402236938,6.550787448883057,0.0,0.4822783172130584,0.878057599067688,0.8882728219032288,-16.347677792032368,949.7436793231792,114.07672627813253,5.0,0.6497979544966995,7.145878849461838,14.0,0.8211632641878995,0.6144829121502963,17.89098647875015,5.460057356899435,0.0,0.0,15.477193,11.252331733703612,13.288174,4.319869995117188,11,1400.6712,0.0,56.23636363636364,9.99442081451416,-0.890909090909091,0.4545454545454545,0.0909090909090909,0.3636363636363636,0.3636363636363636,0.0909090909090909,0.4545454545454545,0.0909090909090909,0.3636363636363636,0.2771935186502599
198,4f14_KPLKPPPPTPL,0.15,33.902843335216616,544.6405659015882,0.8270138532642903,1,0.61251972681642,6.210793327930901,5,41.263636363636365,32.65090909090909,17.125902306648573,0.0188509836427028,0.013502380636254,0.8644590973854065,0.9522594809532166,0.9742095470428468,0.9724612832069396,0.3380363881587982,1.1303044557571411,0.0,0.8644590973854065,0.9761971235275269,0.928795337677002,-90.14750504747671,965.1805580517084,11.814283499638393,2.0,0.6876593191366134,6.601202131587095,15.0,0.9400686621665956,0.690278638492931,4.143398366150733,0.8576386788887764,0.4839209220008924,0.3218754253407898,9.627925,7.398777008056641,11.533877,18.24966049194336,11,1184.4702,0.0,40.190909090909095,10.002737236022949,-0.9545454545454544,0.3636363636363636,0.5454545454545454,0.2727272727272727,0.1818181818181818,0.0909090909090909,0.1818181818181818,0.0,0.1818181818181818,0.338873505633492
199,1u0i_EEKKIEIEEIAKAAEALAALL,0.25,40.956080553257145,910.5196461630684,-29.233799300515493,0,0.5810398923284052,6.661192448531762,10,77.85428571428572,44.11,6.6571428571428655,0.0227287720498084,0.0211919819891587,0.6352989673614502,0.8689395785331726,0.9273498058319092,0.9281654357910156,0.5731058716773987,2.2983100414276123,0.0,0.6352989673614502,0.9523906111717224,0.9522727727890016,75.22459652508364,1071.1484640541298,74.27298728123576,1.0,0.5643558613935111,6.917690243771698,10.0,0.9169621637889316,0.4789392948150635,3.169748993146987,1.0237020568039412,0.0745631072463295,0.0636926618324238,1.1683661,0.395311027765274,1.3109286,2.0799808502197266,21,2282.6292,0.0,96.7190476190476,4.480242729187012,0.1428571428571428,0.857142857142857,0.0,0.2857142857142857,0.5714285714285714,0.0,0.1428571428571428,0.2857142857142857,-0.1428571428571428,0.2844605413950791
200,4i2z_EDRMAVSE,0.35,-335.38476272773266,520.9758715273449,-3.272169603716065,4,0.4393107585852707,5.448980494420717,0,18.80375,14.37125,27.733611111111045,0.0,0.0,0.2597664594650268,0.6668737530708313,0.7686505913734436,0.7236401438713074,1.179674744606018,17.023862838745117,0.0,0.2597664594650268,0.507317066192627,0.814759373664856,1627.2893693307376,929.2102917954676,155.02279929135943,15.0,0.5733035842054942,6.541156730296012,0.0,0.3345484733581543,0.2952299155294895,30.074532422171632,16.665058818402912,0.0,0.0,8.4682665,42.95835113525391,37.357452,44.40516662597656,8,935.9986,0.0,62.900000000000006,4.426700401306152,-0.9875,0.5,0.25,0.125,0.375,0.125,0.125,0.375,-0.25,0.1384702225259612
201,4lsj_SLSRLWLEME,0.83,-510.58862958886505,1142.4885334907551,-25.545178020818184,4,0.575467206866909,7.348193061076377,16,78.377,70.15799999999999,9.567669291338602,0.412273067895404,0.1256542515887405,0.9627994894981384,0.9046186804771424,0.8900734186172485,0.9105708599090576,0.4437099695205688,0.7227357029914856,0.0,0.9627994894981384,0.9418007135391236,0.9874650835990906,-260.1998878063737,1170.172845244644,11.751201322000952,6.0,0.580402953907921,6.938006408017582,15.0,0.9201705157756804,0.8262989282608032,4.628520139031053,0.835304145514965,0.8160543255312515,0.5053528441116935,0.4320077,0.5126686096191406,0.76590365,1.097363829612732,10,1263.4623,0.1,64.28,4.85259494781494,-0.07,0.6000000000000001,0.2,0.4,0.5,0.2,0.1,0.2,-0.1,0.35096099557115
202,5q0r_DHLLLDYQRKDL,0.48,-379.1356699716084,1113.907789604967,-3.763502181153513,7,0.5829252617003801,7.129355677694686,15,39.26500000000001,36.86416666666667,21.89177259887008,0.0252140058965887,0.0107200878592983,0.5005602836608887,0.7846022844314575,0.8556127548217773,0.7900603413581848,0.7355588674545288,6.468767166137695,0.0,0.5005602836608887,0.8994097113609314,0.692069947719574,3908.7232558497535,2204.017464110651,3860.959139532497,37.0,0.6757476227754163,6.494523312041093,0.0,0.4934888953963915,0.4934888953963915,17.6934109914648,6.014019375666976,0.0110108950314147,0.0,4.077963,23.04967498779297,20.928318,25.780611038208008,12,1528.7076,0.0833333333333333,9.166666666666668,5.297360038757325,-0.9750000000000002,0.4166666666666666,0.25,0.4166666666666666,0.4166666666666666,0.0833333333333333,0.25,0.25,0.0,0.1569404574600421
203,5ajj_GVSGDLVALPIRHGSINANDIRRIQPLDM,0.27,86.79703239532572,2037.128755240159,-44.9545772945967,15,0.644612655998068,6.587682607999171,33,28.86793103448276,24.142413793103444,20.34573404914308,0.0151378315372012,0.0,0.6637134552001953,0.7209717631340027,0.735286295413971,0.6183192729949951,0.7495682835578918,3.3526384830474854,0.0,0.6637134552001953,0.9448750019073486,0.6351073384284973,45.31729619206615,3345.9538297252066,216.46878130837388,42.0,0.5685403550673487,6.329303976621071,31.0,0.3326178789138794,0.3121623756556675,11.33441921046468,3.0184888278628192,0.2023141490669958,0.0330649960448129,11.268038,17.7733211517334,17.04543,25.613636016845703,29,3128.5642000000007,0.0,45.75517241379311,6.7513013839721685,-0.0137931034482758,0.2068965517241379,0.4137931034482758,0.3103448275862069,0.4137931034482758,0.1724137931034483,0.1379310344827586,0.1034482758620689,0.0344827586206896,0.1482149177795966
204,1eoj_EIPDEERPAY,0.61,-439.2108104716921,1233.5043511747008,-25.043607924128597,15,0.7382103753727708,6.4119231063133775,13,53.335,48.291,16.58307986111113,0.0594598858861326,0.043326309275816,0.6801649332046509,0.874478280544281,0.9230566024780272,0.8810144066810608,0.5508612394332886,4.551393985748291,0.0,0.6801649332046509,0.9660184383392334,0.8902052044868469,636.8035207235871,1343.5544271571591,319.67759042500825,17.0,0.6059242884551196,6.040793375489055,13.0,0.5463606357574463,0.4441024750471115,12.947543494537886,3.633736248707606,0.1882291002668634,0.0218669848250841,21.295002,0.5512963533401489,16.571903,3.357804775238037,10,1218.2695,0.1,88.96000000000001,4.0500284194946286,-1.67,0.4,0.3,0.2,0.3,0.0,0.1,0.4,-0.3,0.3401466334614643
205,4jmg_VGELMVN,0.47,-278.277933920871,1222.7779454428885,-19.83479098514431,10,0.6501957892221748,6.111386833611138,18,37.631428571428565,37.631428571428565,20.45151260504199,0.0210476322004313,0.0152554277992441,0.9133613109588624,0.9185883402824402,0.9198951125144958,0.8935712575912476,0.3883202075958252,1.0932395458221436,0.0,0.9133613109588624,0.913756787776947,0.930188775062561,-89.47316859745274,1097.033023311437,89.0355323944108,5.0,0.7147620358982136,6.112922099415313,13.0,0.7325541717665536,0.7325541717665536,7.860513514372147,1.0745370723620182,0.6703172001962031,0.3386300079283341,5.8968215,1.1409082412719729,6.823274,11.664631843566896,7,760.8987999999999,0.0,-14.328571428571433,4.0500284194946286,0.9571428571428572,0.4285714285714285,0.2857142857142857,0.4285714285714285,0.5714285714285714,0.1428571428571428,0.0,0.1428571428571428,-0.1428571428571428,0.4859661147466294
206,1mv0_PSGLPSPTSPRLRL,0.28,115.39200583203473,1303.270172411122,-13.382754964149656,12,0.6172606536508475,6.803824497626892,22,39.49285714285714,37.47357142857143,18.530691729323305,0.0178031943797517,0.0,0.8732174038887024,0.8914579749107361,0.8960180878639221,0.8656933307647705,0.3277972638607025,0.790355384349823,0.0,0.8732174038887024,0.965294063091278,0.8418498635292053,14.149283872144228,1259.763737342167,63.83720379437288,17.0,0.6708651657339264,6.653037345079944,18.0,0.7320174319403512,0.6326419753687722,5.17872524256993,0.7733971210574745,0.4711140821229056,0.3608924427856056,2.842547,4.229117393493652,6.538859,7.33564567565918,14,1477.7074,0.0,121.7,11.999967765808105,-0.5357142857142858,0.2142857142857142,0.5714285714285714,0.2857142857142857,0.2142857142857142,0.2857142857142857,0.1428571428571428,0.0,0.1428571428571428,0.216662533435729
207,1azg_AGSSKRPTPPPPLV,0.43,-53.183594719758446,1012.2448274083072,-8.292530565138378,3,0.6956398756839648,6.758444753104959,8,56.42142857142857,47.97285714285714,13.534771825396822,0.1083094940814794,0.0845719620442792,0.7238889336585999,0.8679262399673462,0.9039355516433716,0.8885750770568848,0.4072765707969665,1.1578209400177002,0.0,0.7238889336585999,0.9397302269935608,0.762847363948822,-86.95488630650826,931.6297758028468,24.67710593048484,0.0,0.7636732880683601,6.831016780778593,7.0,0.7498591925416674,0.5337926873138973,7.864863720707714,1.200193694334418,0.5162311271174406,0.3021978232020262,1.477215,3.959328174591065,3.37978,2.7864882946014404,14,1403.6256,0.0,101.35714285714286,11.00103015899658,-0.664285714285714,0.2142857142857142,0.5714285714285714,0.2142857142857142,0.2142857142857142,0.2142857142857142,0.1428571428571428,0.0,0.1428571428571428,0.144974510950177
208,4ux6_DKITQLASYVTNWLSHGHHIRKGE,0.84,-742.1812106547351,1631.948118171704,-53.04440040659199,3,0.65694204097163,6.3666174003502976,0,76.90124999999999,49.265833333333326,11.518997175141283,0.5405539349491686,0.102730359700967,0.8432204723358154,0.919188678264618,0.938180685043335,0.9045284986495972,0.3992739021778106,3.816275358200073,0.0,0.8432204723358154,0.9645878672599792,0.9276058077812196,-687.013052617051,1591.1438561498182,-13.540186593422732,6.0,0.6306385650054667,6.296545416929244,0.0,0.7380571986238161,0.4445766707261403,10.810655284110725,2.9326663205852617,0.5214663564613784,0.0531250356992827,27.268845,1.4702436923980713,28.761007,2.26840615272522,24,2791.0841,0.0833333333333333,-2.304166666666664,8.519061851501466,-0.8041666666666667,0.25,0.2499999999999999,0.3749999999999999,0.3333333333333333,0.25,0.25,0.0833333333333333,0.1666666666666666,0.3993968472046756
209,5svx_RTKTRQSAAT,0.51,45.48892722152063,1184.3223303318075,-30.61143695268345,5,0.5374112565179613,5.244625184608747,12,61.49199999999998,57.76699999999998,13.00577966101696,0.2869464296848457,0.2003236027520504,0.9095637202262878,0.9565852284431458,0.9683405756950378,0.9567511081695556,0.3283457159996032,0.5315623879432678,0.0,0.9095637202262878,0.9522552490234376,0.9027780294418336,-39.71629921313242,1193.4036042247278,-17.764300100347132,12.0,0.5799062126164518,5.836365602990352,15.0,0.9348768174648284,0.9348768174648284,3.4653760901952197,0.5350593690649937,0.8775720612698696,0.697875267853636,10.357059,0.5464006066322327,10.732824,5.8523125648498535,10,1119.2330000000002,0.0,72.2,11.999967765808105,-1.5699999999999996,0.3,0.1,0.3,0.2,0.5,0.3,0.0,0.3,0.1050993896784711
210,1oxg_PANVWVIPWSGGEE,0.42,-58.36431815505634,1378.7322518768435,-7.273629358354263,11,0.6910488629508621,5.868370829791786,19,30.48642857142857,28.972142857142853,21.658386554621863,0.0214546397402582,0.0153523350357772,0.8114013671875,0.9060356020927428,0.9296942353248596,0.8991369009017944,0.6308422088623047,1.9230124950408936,0.0,0.8114013671875,0.9560832381248474,0.852443516254425,-54.55553590160444,1677.2951309276991,184.6692682749469,27.0,0.7545114443185137,6.051759959828701,21.0,0.7695406377315521,0.7123705574444362,10.30034663238946,1.9459714550597995,0.5464712975815949,0.1033042596117663,8.559195,1.1423717737197876,8.880067,13.234028816223145,14,1540.6735,0.1428571428571428,39.57857142857144,4.240666389465332,-0.1714285714285715,0.2142857142857142,0.4285714285714285,0.3571428571428571,0.4285714285714285,0.1428571428571428,0.0,0.1428571428571428,-0.1428571428571428,0.1049274093207146
211,4u0c_FVFSGTSGP,0.53,-275.9679352264287,1035.1337500796053,-21.25563986299161,4,0.6026124414332501,6.48128545336832,13,40.36,34.47444444444445,21.436499238965013,0.0863346417222705,0.0315128837950545,0.761817216873169,0.8685594797134399,0.8952450156211853,0.8523125648498535,0.7806102633476257,2.913115262985229,0.0,0.761817216873169,0.7791667580604553,0.8369227647781372,-5.84901296199574,1090.0646527680003,19.6246407978495,12.0,0.6740048659890394,6.058144581939036,13.0,0.5875157250298394,0.5875157250298394,14.17463677761701,3.1820974633634425,0.2420125220431213,0.0596041852466708,9.54864,9.36306858062744,9.876818,6.834402084350586,9,897.9702,0.2222222222222222,-0.5444444444444447,5.525000190734862,0.5666666666666667,0.0,0.5555555555555556,0.4444444444444444,0.3333333333333333,0.3333333333333333,0.0,0.0,0.0,0.1800619119146967
212,2hsq_VISIKLSYAKADKDLASEVKEST,0.29,-65.84569039131694,1452.505760197845,-31.15879023718722,12,0.5833669556846308,6.577635581206987,0,23.41130434782609,13.878695652173912,25.05943508879361,0.0,0.0,0.7063165307044983,0.7888252139091492,0.8094524145126343,0.7479286789894104,0.7325105667114258,5.250015735626221,0.0,0.7063165307044983,0.830927848815918,0.8907570838928223,248.6137342039773,1346.9287458917197,139.0421868383015,7.0,0.5062983137289239,6.725515216123544,0.0,0.4059248514797376,0.2087674762891686,13.1427160920273,4.85853196677352,0.169550200224564,0.0201707414024668,29.474615,35.88327407836914,31.601292,24.98918914794922,23,2495.8197,0.0434782608695652,20.591304347826085,6.18325252532959,-0.1913043478260871,0.4782608695652174,0.2608695652173913,0.3478260869565217,0.4347826086956522,0.217391304347826,0.1739130434782608,0.1739130434782608,0.0,0.2757137584112332
213,6hy7_CSGDRRCCRCPY,0.52,-312.14950094612,550.2667937642792,-0.2748227701958399,4,0.631349341483671,5.808798719280579,1,49.642500000000005,41.31666666666667,22.261039789789773,0.0267008032983807,0.0192630318593621,0.5615055561065674,0.8302422761917114,0.897426426410675,0.817699134349823,0.5631346106529236,4.829366207122803,0.0,0.5615055561065674,0.9228947758674622,0.7762524485588074,-35.49088938374446,1013.2759834444232,91.08865404806244,12.0,0.717011732061305,6.497610061891413,7.0,0.5337779149413109,0.365363006790479,17.77929298871675,3.914533482321927,0.0179967539181903,0.0136785341094741,12.186824,9.123357772827148,13.804461,17.366731643676758,12,1418.6484,0.0833333333333333,66.66666666666667,8.549490928649902,-0.925,0.0,0.3333333333333333,0.0833333333333333,0.0833333333333333,0.4166666666666666,0.25,0.0833333333333333,0.1666666666666666,0.3222350888186025
214,2ndf_KKPGAQALRTGA,0.31,-51.37402804758599,985.9771955297532,10.855104911579197,21,0.7146891362935585,5.230620037105844,13,32.76,28.351666666666663,21.41764705882351,0.0175405727669418,0.0116233600522468,0.7872766256332397,0.8765209317207336,0.8988319635391235,0.8035975098609924,0.4826284050941467,2.058892250061035,0.0,0.7872766256332397,0.9300596714019777,0.8750169277191162,-78.68884452973289,1210.3441733095674,155.4989569414101,24.0,0.6805262954207478,6.073027020083173,10.0,0.5020870417356491,0.4242585822939873,9.388880026155435,1.8823660934802493,0.3552450379117637,0.0873597600780349,7.901249,13.535097122192385,11.793136,11.974319458007812,12,1197.3878,0.0,-2.291666666666667,11.16626262664795,-0.8083333333333331,0.5,0.25,0.1666666666666666,0.3333333333333333,0.1666666666666666,0.25,0.0,0.25,0.4312687069929648
215,1lcj_IYIPEEQEPL,0.59,-153.07050174133624,1096.515366412315,-24.761036426917254,5,0.590296523513667,6.343128424920056,13,65.084,60.962,11.880385964912282,0.1856827549877668,0.057994813891295,0.9216960668563844,0.9287077784538268,0.9304607510566713,0.9114722013473512,0.325102299451828,0.6813502311706543,0.0,0.9216960668563844,0.9650006890296936,0.919386386871338,-106.9764719476088,1050.9370005676938,50.303883183090136,13.0,0.6676498040178482,6.323701504015223,13.0,0.8360512673854827,0.8360512673854827,5.059424640421282,0.6908727788872886,0.8265171126317087,0.5674593909544983,8.02931,0.6751449108123779,6.7943807,3.0834715366363525,10,1230.3629,0.1,113.88,4.0500284194946286,-0.5700000000000001,0.4,0.2,0.4,0.4,0.1,0.0,0.3,-0.3,0.2162289840229351
216,6qts_PVVRDYA,0.6,-528.0223734388703,1181.093021308522,-24.10314374783212,9,0.8258154123333695,6.6974919237576325,20,41.33142857142857,41.33142857142857,18.368557377049207,0.0273786457239815,0.0153027100339691,0.8466324210166931,0.9364234209060668,0.9588711261749268,0.9369052648544312,0.3907672762870788,1.885168194770813,0.0,0.8466324210166931,0.96439927816391,0.9221400022506714,156.08054160046885,1031.4298743971735,220.2500234165324,6.0,0.7742556838675753,6.584420140238479,16.0,0.8244215079716274,0.6009269867624555,11.141421645921625,1.663708820443522,0.3933833444255727,0.1169316090879826,7.0268264,2.0782675743103027,7.053802,12.028557777404783,7,818.9167,0.1428571428571428,69.91428571428571,6.260269355773925,-0.0999999999999998,0.1428571428571428,0.2857142857142857,0.4285714285714285,0.5714285714285714,0.0,0.1428571428571428,0.1428571428571428,0.0,0.5346724977861937
217,5ajp_PTPTVSTTTASPATS,0.29,-703.9273257661284,680.2911778944126,2.2174564580699325,4,0.5440057261866613,6.426029177073502,8,20.16533333333333,17.338,26.57509281045747,0.0,0.0,0.8660104274749756,0.9321253895759584,0.9486541152000428,0.8778875470161438,0.3538840711116791,2.6120765209198,0.0,0.8660104274749756,0.9541727304458618,0.8896523118019104,-389.40890612342815,1827.804855610492,369.5910340579364,22.0,0.657570646340283,6.112619743741573,18.0,0.5724803686141968,0.5379641771316528,10.668122025136077,2.3129919561490517,0.5612327057962653,0.1146075401191307,14.527983,2.899679183959961,16.244581,18.0826358795166,15,1418.5030000000002,0.0,51.46666666666667,5.954987144470215,-0.2399999999999999,0.1333333333333333,0.4,0.4666666666666667,0.2,0.6000000000000001,0.0,0.0,0.0,0.2983919365000236
218,1jsp_HKKRSSFMLSSTLHKQGKK,0.25,179.91627292626708,1305.280977877873,4.268428609208399,13,0.5677606037621632,6.836214125479088,1,28.76894736842105,21.609473684210528,22.026120300751927,0.0136282113154138,0.0,0.7635840773582458,0.8615359663963318,0.8860238790512085,0.8239200711250305,0.4554243683815002,1.961215853691101,0.0,0.7635840773582458,0.9300691485404968,0.858136773109436,-63.10462697222932,1201.5518173425132,107.05846753383616,11.0,0.6580377617845939,6.756109390701057,1.0,0.6186278195757615,0.4525535373311293,8.351111113543348,1.8004506541261995,0.3443502517015157,0.0920272507914843,5.454959,4.695483207702637,10.167528,14.957194328308104,19,2228.6197000000006,0.0526315789473684,102.9315789473684,11.38842067718506,-1.363157894736842,0.4210526315789473,0.2631578947368421,0.2105263157894736,0.2105263157894736,0.3157894736842105,0.4210526315789473,0.0,0.4210526315789473,0.2444732940348601
219,5ua4_PRIMDESLLRYGQDIDGRRRLHVIVEAAAISG,0.29,107.68362344039215,1918.0103518293208,-25.919387605907787,8,0.6185455642826335,6.284045704118526,21,32.650937500000005,24.640625000000007,20.143308383233503,0.0181289685947267,0.0107413722280651,0.6290163993835449,0.8114248514175415,0.857026994228363,0.8039118647575378,0.7667772173881531,3.856899738311768,0.0,0.6290163993835449,0.953769028186798,0.7278197407722473,-77.25674806846044,2142.260555446649,51.35512521758072,21.0,0.6350975429526311,6.180920398963692,19.0,0.6270876545459032,0.3624859638512134,11.583506414164862,2.8871488996563914,0.2407945772379373,0.0484754738203338,9.866076,5.547032356262207,13.137139,16.6146297454834,32,3608.094299999999,0.03125,53.525,7.18702907562256,-0.2281249999999999,0.28125,0.28125,0.3125,0.4375,0.09375,0.1875,0.15625,0.03125,0.0923482166511674
220,3uvk_SIPEAKTRCLG,0.67,-596.2085189961485,1102.212602025996,-18.65813155674789,6,0.7893264126221701,6.893007245429013,21,52.02,40.59909090909091,16.412480938416405,0.2509487605525726,0.0560710011545316,0.9386166930198668,0.965059757232666,0.9716705083847046,0.9501372575759888,0.3196303844451904,0.8430243730545044,0.0,0.9386166930198668,0.9792221188545228,0.9513142108917236,-426.9559872372518,1229.5029162473522,153.02843510468347,17.0,0.6744498249370489,6.765585385805599,19.0,0.7746749140999534,0.7099469954317267,6.651906108934858,0.7943155062513267,0.8498053467901535,0.4033510201611295,5.746132,3.614140033721924,5.7954264,9.651128768920898,11,1174.371,0.0,39.78181818181819,7.9414251327514656,-0.2545454545454544,0.3636363636363636,0.2727272727272727,0.2727272727272727,0.2727272727272727,0.2727272727272727,0.1818181818181818,0.0909090909090909,0.0909090909090909,0.4500449271504537
221,1irs_RIAAVPGSLN,0.44,-146.77715854738454,1118.5809513407862,-11.726291299868166,8,0.6471022737456162,6.070926479950339,17,45.24400000000001,45.24400000000001,16.922721311475414,0.0252019837845321,0.0133118874391174,0.7390198111534119,0.8545693755149841,0.8834567070007324,0.8008726239204407,0.4668350517749786,2.2638986110687256,0.0,0.7390198111534119,0.921323299407959,0.8541619777679443,5.518143920447547,1161.1794118337216,102.42786189656664,4.0,0.670020169199661,6.138526434773616,19.0,0.4480374783277511,0.4480374783277511,9.034722265747726,1.8846435849295289,0.2351174141804221,0.0585320372276276,15.896602,10.22033977508545,16.05367,7.512092590332031,10,997.1494,0.0,28.26,9.750021171569824,0.53,0.3,0.4,0.3,0.5,0.2,0.1,0.0,0.1,0.3168571630240289
222,1g3f_IPSEAKQVA,0.7,116.14049248779916,1057.9145088793923,-25.86732841519752,2,0.6300922850940831,6.109317155224386,14,65.79222222222222,65.79222222222222,14.514347442680783,0.3886396281294661,0.179762189221172,0.8517735004425049,0.8012534379959106,0.7886233925819397,0.7932496070861816,0.5931869149208069,1.242150902748108,0.0,0.8517735004425049,0.8636356592178345,0.8862317800521851,191.83561927934875,1246.6035436601276,38.11916888605222,10.0,0.7081983458742126,6.225625627201561,12.0,0.7125228146711985,0.6392774350113339,7.789599835163071,1.732455304953577,0.5975711339743752,0.331217745806408,3.3565128,3.4069244861602783,6.4936137,9.233763694763184,9,942.0677,0.0,66.37777777777778,6.001424598693848,-0.111111111111111,0.4444444444444444,0.2222222222222222,0.2222222222222222,0.4444444444444444,0.2222222222222222,0.1111111111111111,0.1111111111111111,0.0,0.5719805585052812
223,6ezi_TKTKLKEL,0.78,-175.27088656417527,1312.8600430050924,-47.59268256541439,1,0.6354722725779385,5.742094654933966,18,83.72375,83.72375,7.889255319148939,0.5335835024612846,0.3046174387679324,0.9285207390785216,0.9502732157707214,0.9557113647460938,0.9334346652030944,0.3273587524890899,0.6297933459281921,0.0,0.9285207390785216,0.9649735689163208,0.9459102153778076,-109.15508553913736,1297.5915613998145,41.82312172565642,1.0,0.6959258278269541,5.842070518449751,17.0,0.8678094148635864,0.8678094148635864,3.7554610223370655,0.5801269445330539,0.8625682072137277,0.6038964625032452,6.4891,0.5004242658615112,7.806122,0.9547040462493896,8,960.1692,0.0,-12.475,9.699800300598143,-1.125,0.75,0.0,0.5,0.25,0.25,0.375,0.125,0.25,0.413594842645491
224,2ltv_MPPYDSYPSPRP,0.36,116.63553311797143,887.8089022158517,-16.014545526351185,0,0.6490906647414294,6.176566269964964,13,52.41166666666667,41.47416666666666,11.17043402777778,0.0748612725314014,0.0511743260553291,0.8136163949966431,0.7976174354553223,0.7936177253723145,0.7614654898643494,0.3304423391819,0.6721500754356384,0.0,0.8136163949966431,0.9454566240310668,0.8734681606292725,124.69703926518068,943.353866034231,138.42287813130363,3.0,0.6387690768067111,6.716202053015835,13.0,0.5788872316479683,0.3976239214340846,3.137371545450555,0.6746759791341093,0.382517980714211,0.3743258462672018,6.338656,6.933840274810791,7.2663064,6.764194011688232,12,1406.5613999999998,0.1666666666666666,170.33333333333334,5.587238883972168,-1.5250000000000004,0.0833333333333333,0.6666666666666667,0.1666666666666666,0.25,0.1666666666666666,0.0833333333333333,0.0833333333333333,0.0,0.100498381787024
225,5q10_QHYLRKLLLD,0.9,-499.312207168564,1242.6689664786584,-37.82727157398716,0,0.3954854628814006,7.145062565726314,15,86.807,77.657,7.542902953586492,0.6438513082679796,0.2195263913733363,0.9102157354354858,0.932623028755188,0.9382248520851136,0.9298603534698486,0.359948456287384,1.3115782737731934,0.0,0.9102157354354858,0.9551390409469604,0.966379702091217,-209.49190070521763,1117.697046794406,116.45719708013192,3.0,0.5181809926086489,6.91104353862567,14.0,0.8616751313209534,0.7698210120201111,7.432680021069219,1.0849343882582865,0.6571484699703638,0.2610046998527655,0.2227813,0.8498266935348511,0.9551472,1.1109232902526855,10,1298.5328,0.1,63.71,8.597390937805176,-0.4700000000000001,0.5,0.1,0.5,0.5,0.1,0.3,0.1,0.2,0.3830116515807438
226,5h9b_QQRTVAIEGDLADTDGE,0.64,-525.8619706174617,1782.491500559493,-40.32164263843174,2,0.6070151013963698,6.352913047135951,28,51.75235294117645,50.41294117647057,18.0147778691896,0.3429611656583022,0.0737912255725389,0.9226055145263672,0.9458397030830384,0.9516481757164,0.9273779392242432,0.3156983852386474,0.9261853098869324,0.0,0.9226055145263672,0.9709934592247008,0.8989349007606506,-205.85013805563815,2395.0746702187566,199.5356704450725,17.0,0.6673892980288457,6.379395426651457,23.0,0.8452927680576549,0.8452927680576549,6.555675253517243,0.9283757352659802,0.829874722029685,0.3893295652122528,9.255994,9.445603370666504,12.650237,21.041561126708984,17,1817.862,0.0,28.317647058823532,4.0500284194946286,-0.888235294117647,0.2941176470588235,0.2941176470588235,0.2941176470588235,0.2941176470588235,0.2352941176470588,0.0588235294117647,0.2941176470588235,-0.2352941176470588,0.1689917109006858
227,2yq6_YLADYNIGQIERAAWF,0.33,-164.81648891195118,1216.0813730846098,-18.339051610463,5,0.6036358469871136,6.564874610986639,20,35.00812500000001,29.1825,19.35667313664604,0.0192508799182068,0.0120723773189919,0.5575162768363953,0.7524160742759705,0.8011410236358643,0.7410148978233337,0.9885347485542296,4.870779514312744,0.0,0.5575162768363953,0.8698130249977112,0.8749006390571594,-56.05215885524776,1593.0195576184265,19.356175546138743,17.0,0.5889074547508049,6.606528814396319,17.0,0.5458267573267221,0.4765180815011263,11.904750556980046,3.8176686053528734,0.0557607176817324,0.0148838500331121,3.6118438,18.809080123901367,12.381194,3.804141998291016,16,1930.1221,0.25,58.99374999999999,4.3702592849731445,-0.0875,0.3125,0.1875,0.4375,0.625,0.125,0.0625,0.125,-0.0625,0.4122855335050877
228,3wdz_VDTEPGQKLE,0.54,-628.601971263155,971.4633089658296,-8.369118653895384,13,0.8127002639400362,6.788399899625012,15,39.257000000000005,33.415,20.861671186440685,0.0259798562768667,0.0137702741461858,0.9229304790496826,0.9564958810806274,0.9648872017860411,0.9213609099388124,0.2911962568759918,0.9344487190246582,0.0,0.9229304790496826,0.9827122688293456,0.9416881203651428,-285.13997703464423,1118.5127361165992,170.40938818780086,31.0,0.8273259706289567,6.504211712987023,16.0,0.6018484532833099,0.5481378734111786,6.604143029986802,0.9163546948311692,0.6741722710681168,0.3060216121219095,1.9333385,6.522848606109619,5.7186484,5.790888786315918,10,1115.1912,0.0,8.970000000000004,4.426529884338379,-1.2600000000000002,0.4,0.3,0.3,0.2,0.2,0.1,0.3,-0.2,0.2916508209734795
229,2khh_DFKGSSGFS,0.2,91.73331511415049,730.6086478925022,-13.101329432044068,6,0.6028400652108785,6.9770120778776565,18,33.69444444444444,33.69444444444444,16.906430976430975,0.015274497313684,0.0,0.905915915966034,0.8998197913169861,0.8982957601547241,0.8557599782943726,0.2913704216480255,0.5905895233154297,0.0,0.905915915966034,0.9702610969543456,0.896524965763092,-35.91904410860709,1171.8281232642544,22.866301285830644,7.0,0.5397465159352473,6.4870553392097845,8.0,0.7358290685547723,0.7358290685547723,2.949658075215841,0.5385886012805431,0.5539525223674184,0.4819069651113792,13.227655,6.307518005371094,13.217127,14.894708633422852,9,930.9571,0.2222222222222222,-4.222222222222223,5.835682106018066,-0.5555555555555556,0.1111111111111111,0.6666666666666667,0.2222222222222222,0.2222222222222222,0.3333333333333333,0.1111111111111111,0.1111111111111111,0.0,0.1826294713859967
230,5tdw_TRQRAKTAST,0.5,-8.140766618475935,1032.195251694796,-20.89257775553282,6,0.6450621823647364,6.111998638848633,16,57.96,49.98199999999999,13.20953164556962,0.1625811880886135,0.0813185729643674,0.8684813976287842,0.9171991348266602,0.929378628730774,0.8738001585006714,0.3311027288436889,0.8281244039535522,0.0,0.8684813976287842,0.9689770340919496,0.8906699419021606,-31.976706162075423,1177.0513507241506,2.8426161081257604,10.0,0.5457158298203817,6.137615456157855,15.0,0.7019371271133423,0.7019371271133423,4.625946253311785,0.7748730146809469,0.6133800275123833,0.3785903355612053,0.6180283,1.282528519630432,4.6954412,7.509705066680908,10,1119.233,0.0,28.26,11.999967765808105,-1.5699999999999998,0.3,0.1,0.3,0.2,0.5,0.3,0.0,0.3,0.3591449729861733
231,4i80_ARWFRPP,0.61,-837.6009513944576,940.5378432207992,-15.989323095804709,4,0.5503369906877758,6.943451754564755,6,35.31,35.31,24.847090485888888,0.021697145316798,0.0,0.8431493639945984,0.9208240509033204,0.9402427673339844,0.9205955862998962,0.5884661078453064,2.402903318405152,0.0,0.8431493639945984,0.926381289958954,0.9478521347045898,566.8069638341001,1229.97584617551,127.17609943722346,11.0,0.6219172010046176,6.404075603417633,7.0,0.623188282762255,0.623188282762255,12.873399617958457,2.616170980927207,0.3127299117877881,0.0815043715021025,3.2693584,8.599478721618652,8.144919,8.722796440124512,7,929.0787,0.2857142857142857,145.42857142857144,11.999967765808105,-1.2142857142857142,0.1428571428571428,0.2857142857142857,0.2857142857142857,0.4285714285714285,0.0,0.2857142857142857,0.0,0.2857142857142857,0.5481046672879709
232,4lg6_RRPPKTLLTPHVP,0.51,-277.8389821761321,1056.860322254169,-6.013025858244532,6,0.6417575517186717,6.711898673618064,14,39.79153846153846,33.150769230769235,17.561503496503473,0.0933911733240148,0.046062158414269,0.899142861366272,0.9422219395637512,0.9529916644096376,0.9294556379318236,0.3226072192192077,1.010911464691162,0.0,0.899142861366272,0.9770767092704772,0.8926153182983398,-342.69663179639394,1541.1360773742024,-18.466967192875472,6.0,0.5673119354199483,6.862967266094136,22.0,0.8324673359210675,0.8324673359210675,5.408950493729615,0.875715500082482,0.6981718467861077,0.320987997908203,12.582758,1.7387230396270752,10.609981,11.937067985534668,13,1511.8130999999998,0.0,97.73846153846156,11.999967765808105,-0.9307692307692303,0.2307692307692307,0.3076923076923077,0.3846153846153846,0.2307692307692307,0.1538461538461538,0.3076923076923077,0.0,0.3076923076923077,0.2174470952423182
233,2koh_LDQEIALILEPESGMY,0.35,478.1376542857578,1573.325751031113,-14.192945758012511,24,0.5095411525413074,6.025771057915234,25,29.346875000000004,29.346875000000004,18.053243110236235,0.0350228797504192,0.0151649537908733,0.7714099287986755,0.803698718547821,0.8117709159851074,0.762312114238739,0.7076793909072876,2.1689453125,0.0,0.7714099287986755,0.8729185461997986,0.7807478308677673,34.70415588448155,2176.7780329045863,58.76157593948805,11.0,0.6097272663140916,5.8533144655870215,20.0,0.6106960624456406,0.5805214866995811,8.087665257139468,2.0779038931235787,0.3989821552921612,0.1178002021526461,4.8770266,11.708375930786133,14.637069,20.986303329467773,16,1821.0528000000004,0.0625,95.225,4.0500284194946286,0.15625,0.5,0.25,0.375,0.5,0.125,0.0,0.25,-0.25,0.2739701401161089
234,3ul1_AKKKKASDKKPRAATGLAKQV,0.49,-702.2136431788449,1888.6479176351684,-9.553565193353052,18,0.6715679218960885,6.558570152649535,31,29.35047619047619,26.76047619047619,23.91340151273052,0.0208675929806037,0.0137240205540252,0.7395070791244507,0.8935059905052185,0.9320057034492492,0.8500040769577026,0.4229365885257721,4.091777324676514,0.0,0.7395070791244507,0.968141794204712,0.7041205167770386,-173.95595239792797,2914.007172314017,536.847238085807,42.0,0.6209122881568242,6.618986880852337,44.0,0.439631435133162,0.439631435133162,14.740624352560976,3.7369605105493706,0.3514858021176579,0.0322781717496439,15.688591,15.946325302124023,18.276268,12.260087013244627,21,2224.6495,0.0,1.923809523809523,10.751988792419432,-1.2047619047619045,0.6190476190476191,0.1904761904761904,0.1428571428571428,0.3333333333333333,0.1428571428571428,0.3809523809523809,0.0476190476190476,0.3333333333333333,0.3347959160325062
235,3obu_EPPPAETPE,0.65,-241.4824987706489,871.1974556858249,-22.26778999023739,1,0.6669575500679765,6.066187204536306,15,66.44444444444444,61.60111111111111,13.4381604120677,0.3036942356370614,0.0894341354757987,0.4477969706058502,0.8301540613174438,0.9257433414459229,0.8257893919944763,0.637127697467804,7.669987201690674,0.0,0.4477969706058502,0.9654043316841124,0.8413669466972351,-92.00596980096624,777.9839194077686,132.7152025991724,5.0,0.6160129291230576,6.69114797052388,0.0,0.3723867171340518,0.329676565196779,15.876242185007394,5.478818064208764,0.0112275948157755,0.0,6.685974,7.483498573303223,23.953362,39.19657897949219,9,965.9998999999998,0.0,113.8,4.0500284194946286,-1.7555555555555555,0.4444444444444444,0.4444444444444444,0.1111111111111111,0.1111111111111111,0.1111111111111111,0.0,0.3333333333333333,-0.3333333333333333,0.1565416057847592
236,6gg8_QSKLLLETLQ,0.84,-533.359351817517,1127.7954985753888,-43.37618758018925,5,0.4817763282335116,6.697527787716581,13,78.96399999999998,78.96399999999998,10.080226190476193,0.5348096959281986,0.1501228334034307,0.9604341983795166,0.9642837643623352,0.9652461409568788,0.958790123462677,0.3121821880340576,0.6929745078086853,0.0,0.9604341983795166,0.972681164741516,0.9800907373428344,-503.9434313192239,1083.9700095621497,-28.03473260379161,5.0,0.5109411575752605,6.63380737052392,13.0,0.9195705473423004,0.8235946238040924,4.959805084303731,0.6450985749089528,0.84275258942815,0.5304767287372183,0.23273468,0.525928258895874,0.4961238,0.5060493350028992,10,1172.3716000000002,0.0,77.05,6.001424598693848,-0.07,0.6,0.1,0.5,0.4,0.4,0.1,0.1,0.0,0.37959565454758
237,1pjm_RSGASECLKKPNKGPRGLPK,0.72,-895.584448772898,2326.213061404189,-37.94201718433487,18,0.6832113572157616,6.689416781201418,39,57.5345,52.8735,17.079098434004425,0.3799251147032015,0.0637152975814856,0.7064732313156128,0.8981047868728638,0.9460126757621764,0.8819778561592102,0.4646852910518646,4.99821138381958,0.0,0.7064732313156128,0.9622483849525452,0.76408451795578,-650.8641670103816,2464.0951893224624,103.69752145835696,32.0,0.6363352578722185,6.557097062871951,39.0,0.5517640933394432,0.5517640933394432,15.154699624188128,4.520512858656562,0.1626519626482676,0.0239810397033823,1.454985,16.405879974365234,13.866349,26.388517379760746,20,2123.4826000000003,0.0,69.64999999999999,10.464266395568847,-1.3649999999999998,0.4,0.4499999999999999,0.1,0.15,0.2,0.3,0.05,0.25,0.5019869585890764
238,6fbx_KRYSDEKKAAWDGGMQFQLLRQ,0.39,-127.5606330395332,1671.7903159247958,0.8413888325678442,7,0.5866512160316288,6.23660471943118,24,41.26,30.364090909090915,18.24866042780748,0.0257915105672262,0.0130064091243205,0.8882778882980347,0.929492175579071,0.9397957921028136,0.9216883778572084,0.4865292310714721,1.6067360639572144,0.0,0.8882778882980347,0.9472354054450988,0.934165894985199,-12.262147522913562,2072.954810758072,160.57509051053185,9.0,0.6630790457190323,6.650170212147216,26.0,0.8724271113222296,0.6820499057119543,5.668909848628835,1.1843979916789316,0.6779287023820862,0.2905781242687573,2.796142,1.2437998056411743,11.291946,20.20234680175781,22,2655.9837999999995,0.1363636363636363,37.20000000000001,9.524446296691895,-1.345454545454545,0.409090909090909,0.2272727272727272,0.2272727272727272,0.3636363636363637,0.1818181818181818,0.2272727272727272,0.1363636363636363,0.0909090909090909,0.1382140829952167
239,2mre_SGSRVNCNKLSHQDEKITCLHGSVEDCVVIRPP,0.18,163.93147407121364,1473.6688314916014,20.764255441895784,26,0.5514513166150998,4.999346410838236,12,38.29545454545454,22.49939393939394,18.93493235930733,0.0137892864743115,0.0,0.3390230238437652,0.6751433610916138,0.7591733932495117,0.6484414935112,1.0108689069747925,4.521834850311279,0.0,0.3390230238437652,0.9211338758468628,0.5582101345062256,-46.20028530074762,1496.8493327462463,76.64908174682108,22.0,0.611690739635299,6.040603678612645,15.0,0.5003606270660054,0.2702463224078669,14.367924725806173,3.689539015365692,0.0163011381637749,0.0132645131372238,9.183645,11.51377773284912,13.977726,12.984850883483888,33,3622.0763,0.0,40.44545454545455,6.659676933288576,-0.4454545454545453,0.1818181818181818,0.3636363636363636,0.2727272727272727,0.2424242424242424,0.3333333333333333,0.1818181818181818,0.1212121212121212,0.0606060606060606,0.1403893393859771
240,6k5r_AGIEDCDIVT,0.62,-132.8259730036544,940.602397132066,-35.421816733326295,6,0.7162681475439423,5.777006933095669,15,67.471,60.30499999999999,12.165103448275868,0.4008129624242393,0.2295328649881329,0.8956423997879028,0.8917289972305298,0.8907505869865417,0.8615360856056213,0.3347861766815185,0.7247850894927979,0.0,0.8956423997879028,0.9477278590202332,0.9176380038261414,-83.4496050452969,1115.3089631995251,10.95287042498623,3.0,0.5913546477578834,5.631749847327657,15.0,0.7184285521507263,0.7184285521507263,4.929763818198237,0.7107947683197329,0.6926938610239326,0.4503255545506683,2.8953295,7.6127777099609375,11.552737,19.00419807434082,10,1035.1263,0.0,65.99000000000001,4.0500284194946286,0.5900000000000001,0.2,0.3,0.4,0.4,0.2,0.0,0.3,-0.3,0.2137561370641358
241,1yvh_VSNFRQEA,0.55,-554.2706499096881,616.7500928277764,-4.748887171336605,3,0.6163850737846366,6.226509594048333,1,35.20125,27.52375,22.40211538461537,0.0204541796209578,0.0128641011972934,0.8404761552810669,0.9274274706840516,0.9491653442382812,0.8792831301689148,0.319413959980011,2.135262012481689,0.0,0.8404761552810669,0.9783108234405518,0.9227511882781982,-353.4406912661212,1152.25121495173,27.1285418377131,10.0,0.6144962122761365,6.154175329689811,11.0,0.5211188867688179,0.5211188867688179,11.74694613366125,1.832663038542542,0.3896132436630539,0.1044526163504097,14.154573,3.7056095600128174,21.262197,32.93012619018555,8,950.0068,0.125,38.1125,5.972209358215332,-0.8750000000000001,0.25,0.25,0.25,0.375,0.375,0.125,0.125,0.0,0.5133185553557879
242,1svh_RGRAIFAASDTNIHTYRGT,0.45,-629.8445160729955,1544.9524996438215,3.7212615769281,10,0.634485093017542,6.302856217038786,24,35.607894736842105,33.9621052631579,22.719455842997338,0.0138308180449134,0.0,0.7062079906463623,0.880881130695343,0.9245493412017822,0.8718984127044678,0.5068585872650146,4.192772388458252,0.0,0.7062079906463623,0.9635186791419984,0.7493070960044861,-229.51476005288856,2245.6710654027074,223.0127438461487,29.0,0.5895296102031159,5.895097959154995,20.0,0.7070920812456232,0.6345682363761099,14.26445252453416,3.537848601836092,0.3895062980051944,0.0400720868383828,5.3106556,3.824975490570069,13.756185,21.236970901489254,19,2107.2892000000006,0.1052631578947368,-3.0,10.737290000915529,-0.605263157894737,0.1578947368421052,0.2631578947368421,0.3684210526315789,0.3684210526315789,0.2631578947368421,0.2105263157894736,0.0526315789473684,0.1578947368421052,0.158760574297901
243,3ob1_TNEEPRNG,0.63,-638.7639981813733,1037.917767433065,-25.308719666180195,10,0.6630848980720292,6.359260601442836,11,52.09,52.09,17.7267228618421,0.0529129736530059,0.0299205502340053,0.872703492641449,0.9403632283210754,0.9572781920433044,0.8942667245864868,0.3222918212413788,1.6198757886886597,0.0,0.872703492641449,0.9710400700569152,0.8993477821350098,-457.8262094320741,897.7579925979579,37.24396612077061,9.0,0.6636655042737325,6.268667013345858,6.0,0.5951765775680542,0.5408234298229218,11.274995636942451,1.531266330042854,0.517769038279352,0.2074585834646259,3.120506,1.0223300457000732,3.3026245,4.044087886810303,8,915.9046,0.0,41.99999999999999,4.528385353088378,-2.6499999999999995,0.25,0.5,0.125,0.0,0.375,0.125,0.25,-0.125,0.2378501710283334
244,5lz6_PIIVLKHASSPTETFARDELDLSEKAEEPTS,0.38,20.549992130978055,1770.578022711721,-26.485247002042723,11,0.6657726161883467,5.872017291207433,17,35.159354838709675,27.26935483870968,20.088128210396565,0.0250608372002258,0.0156639948373562,0.7368130683898926,0.7739991545677185,0.7832956910133362,0.71989506483078,0.892331063747406,3.805083990097046,0.0,0.7368130683898926,0.9162911772727966,0.561314582824707,88.84014884295607,2578.788042797717,-0.8017437271654018,25.0,0.6417526913859354,6.032193845046242,18.0,0.5329967016173948,0.4694638127280819,14.59248617784992,3.2102851153448766,0.4271381860350242,0.0523194495623574,14.5511875,4.339970588684082,22.283443,31.18727302551269,31,3411.7227000000007,0.032258064516129,57.72258064516129,4.487347602844238,-0.5580645161290323,0.4193548387096774,0.2903225806451612,0.3225806451612903,0.3225806451612902,0.2258064516129032,0.1290322580645161,0.2258064516129032,-0.0967741935483871,0.285513272196775
245,3vtc_KNHKMPMLLLN,0.82,-535.8861610936522,1141.0187645780852,-32.065786224162366,4,0.5257117995979572,6.894131020153449,15,74.27909090909091,66.91545454545455,11.587022817819626,0.4259285110518869,0.1156718901212626,0.8388451337814331,0.9388470649719238,0.9638475775718688,0.9352421760559082,0.3619603514671325,1.5915871858596802,0.0,0.8388451337814331,0.967976689338684,0.905672252178192,-113.92722718956792,1053.3305063187845,284.1754070665632,6.0,0.5906565293295212,7.095397592100478,14.0,0.8034892949191007,0.7392641089179299,10.250953204430605,1.5588403014180798,0.5258846622922425,0.1262820523470303,3.671299,2.160902500152588,4.9812775,4.871179580688477,11,1338.6844,0.0,93.34545454545452,10.00280170440674,-0.4,0.6363636363636364,0.2727272727272727,0.2727272727272727,0.4545454545454545,0.1818181818181818,0.2727272727272727,0.0,0.2727272727272727,0.1581681334376395
246,2kwo_RKGKGKGAGKRHKGGRLGG,0.26,228.37367003741213,1304.41827326414,10.327333320965948,18,0.5456326683923003,6.464367187427846,22,34.42947368421053,24.395263157894743,20.50300356153545,0.0185948745777603,0.0133050420173633,0.7482767105102539,0.876276433467865,0.9082763195037842,0.8751867413520813,0.5348579287528992,1.9065213203430176,0.0,0.7482767105102539,0.9035345315933228,0.7366296052932739,184.23974782756156,2188.677982511401,208.1320721361556,33.0,0.5904168595732369,6.02972133079313,22.0,0.74725173649035,0.663943466387297,9.622185226563744,1.855405689193932,0.301647598522419,0.0937506711692263,9.850092,14.27898406982422,13.506788,20.129619598388672,19,1905.2191000000005,0.0,26.47368421052631,11.999967765808105,-1.7789473684210524,0.3684210526315789,0.4210526315789473,0.0526315789473684,0.1052631578947368,0.0,0.4736842105263157,0.0,0.4736842105263157,0.1646563903997346
247,2k8f_SLSEQLPVSKELNDWALVESMPNQQTSPEPPSFEPPLLD,0.16,411.828333999214,1796.8560334815593,-2.905804251370625,13,0.6235666312488284,6.485739898028503,15,31.086666666666662,22.296666666666663,21.409560723514293,0.0141823731290203,0.0115994131366157,0.729276716709137,0.7211925983428955,0.7191715836524963,0.6787867546081543,0.6717681288719177,2.504930019378662,0.0,0.729276716709137,0.9112713932991028,0.6890907883644104,392.9677101004158,2558.50782885279,396.77605295928805,15.0,0.5694987091457095,6.861330620259387,21.0,0.5087405924613659,0.3206088573504717,9.143087710420314,2.4958437647729004,0.4312368339420343,0.1420424578885337,16.79633,23.99286460876465,21.562138,13.504807472229004,39,4350.7645,0.0512820512820512,85.26923076923075,4.0500284194946286,-0.6615384615384617,0.358974358974359,0.4358974358974359,0.282051282051282,0.3076923076923077,0.3076923076923077,0.0256410256410256,0.1794871794871794,-0.1538461538461538,0.1341615968201775
248,5q1i_DDHDQLLYRKLL,0.71,-381.4336983725544,1248.9620730130082,-26.000434025845323,5,0.46136713274182,6.940994159281192,15,62.31833333333335,52.25833333333335,14.719599023709886,0.4139171600020866,0.0808693478227485,0.8506168723106384,0.8746708035469055,0.8806842565536499,0.859932541847229,0.4357438385486603,1.8170826435089111,0.0,0.8506168723106384,0.9422413110733032,0.933054506778717,-58.24734987342793,1174.5936478846622,106.88120801192784,1.0,0.4800860014668769,6.761128119610882,14.0,0.7984514236450195,0.5434542993704478,8.527125593404723,1.5372974775326302,0.4980448150145147,0.1450183668889065,7.5585723,1.8462330102920528,6.511979,2.0390985012054443,12,1528.7076000000002,0.0833333333333333,-12.0,5.297360038757325,-0.9749999999999996,0.4166666666666666,0.25,0.4166666666666666,0.4166666666666666,0.0833333333333333,0.25,0.25,0.0,0.2219366796127327
249,3o1e_QLRHLKKHIL,0.92,-502.6964580673821,1206.74534317705,-41.39604144236421,0,0.572503025804609,6.9994738013176,16,88.162,79.05,6.987706827309215,0.7018653814684891,0.2686377099031972,0.920512557029724,0.9573421478271484,0.966549515724182,0.942600965499878,0.474546879529953,1.8038252592086792,0.0,0.920512557029724,0.9478520154953004,0.9713741540908812,-348.2360610641152,1214.8665230839758,-20.99522689591413,7.0,0.5646178095631419,7.025306754169439,16.0,0.8564910352230072,0.7667600691318512,7.00362113115778,1.3266272807336716,0.7035750864942442,0.2241110852203932,0.1846899,0.3476611077785492,0.46356222,0.6674939393997192,10,1285.5838,0.0,102.23,11.166327095031736,-0.6300000000000001,0.5,0.0,0.4,0.4,0.1,0.5,0.0,0.5,0.4434246569414446
250,6o21_PCGQCIRNFPF,0.54,-345.5359706216272,1327.30458182007,-11.055050252520743,24,0.7554250244000502,5.802955018599442,24,38.57,38.57,20.12179456906731,0.0319748918197055,0.0127223658070045,0.9309547543525696,0.9513985514640808,0.956509530544281,0.9211328625679016,0.3278942704200744,0.7912262082099915,0.0,0.9309547543525696,0.9781811237335204,0.9308395385742188,-256.4000399246549,1562.415216941725,89.1856049284853,12.0,0.7348001695532099,5.910553919555025,22.0,0.7321724783290516,0.7321724783290516,6.523008939437348,0.8230943002953205,0.8450072337233913,0.441950091244132,3.3492668,1.0554559230804443,6.9794164,12.017364501953123,11,1281.5055,0.1818181818181818,27.954545454545457,8.456140708923343,-4.037174635000569e-17,0.0,0.3636363636363636,0.2727272727272727,0.2727272727272727,0.3636363636363636,0.0909090909090909,0.0,0.0909090909090909,0.5165614965093696
251,2rr4_KTQTSAARR,0.52,230.92193125223147,1158.0530462082286,-22.24118095274619,5,0.557114314190621,5.6802773853838575,18,52.90444444444445,52.90444444444445,12.736253561253568,0.1990036114505808,0.0991679931265546,0.8998755216598511,0.7850675582885742,0.7563655376434326,0.6918426156044006,0.5211181044578552,0.8827347755432129,0.0,0.8998755216598511,0.8718699812889099,0.9069617390632628,135.3574984157649,1586.9443535019336,63.27520443882726,21.0,0.5967404279332953,5.78446742364901,16.0,0.6874624192714691,0.6874624192714691,4.226855535198141,1.0463940343286238,0.680872760082636,0.5616211123339448,5.0567617,7.090945243835449,6.667143,3.230787992477417,9,1018.1291,0.0,64.15555555555557,11.999967765808105,-1.6666666666666667,0.3333333333333333,0.1111111111111111,0.2222222222222222,0.2222222222222222,0.4444444444444444,0.3333333333333333,0.0,0.3333333333333333,0.4120356736407223
252,3oiq_AKRSPDYPLTVVVKDNVLRDLLDNEQQSAL,0.32,-36.68157831751686,1919.108365611316,-11.48835341557966,12,0.5315392432063196,6.636161535814292,10,34.840999999999994,28.489333333333327,21.930873239436664,0.013003524731779,0.0,0.2148036211729049,0.3538130819797516,0.3885654509067535,0.3699395954608917,3.0765419006347656,8.665616989135742,0.0,0.2148036211729049,0.3990299701690674,0.5101966857910156,1471.44698254778,3671.246387485261,292.21656922009925,35.0,0.5559467836125548,6.389661598677965,4.0,0.347036725282669,0.3132814834515253,21.69355731946482,8.057293564370354,0.0,0.0,4.1083193,26.07681655883789,24.47666,26.62833023071289,30,3397.7883999999995,0.0333333333333333,84.3733333333333,4.780352592468262,-0.5233333333333333,0.3333333333333333,0.3333333333333333,0.3666666666666666,0.4,0.2333333333333333,0.1333333333333333,0.1666666666666666,-0.0333333333333333,0.121478990237301
253,2ltw_PDEMSYRYPPSPGP,0.35,170.99537605142768,919.5727775914272,-14.732665496117503,6,0.669239410802755,6.47727595403531,11,50.82928571428571,42.32071428571429,12.569685714285702,0.0675958759389854,0.0266711255739183,0.8775544166564941,0.890158474445343,0.893309473991394,0.8879468441009521,0.2996611893177032,0.4845212697982788,0.0,0.8775544166564941,0.9541358947753906,0.8957682251930237,85.5921376905128,863.1691738372177,101.2333873982111,3.0,0.6801171875838906,6.34045698873192,10.0,0.8315644689968654,0.6576290939535413,2.746985386950629,0.5274603021144867,0.5931024603665461,0.5443525994639843,8.195966,1.5731070041656494,7.630498,8.401629447937012,14,1592.7266999999997,0.1428571428571428,85.53571428571429,4.370713996887207,-1.585714285714286,0.1428571428571428,0.6428571428571428,0.1428571428571428,0.2142857142857142,0.1428571428571428,0.0714285714285714,0.1428571428571428,-0.0714285714285714,0.2296137740661665
254,4uu5_PAEIRMPNPLMLW,0.25,137.002685071689,1380.7705094334738,-17.509647255428774,8,0.7078207652007492,6.067055806701157,19,32.35923076923076,24.786153846153848,19.594824495892457,0.0277725716709278,0.0123250412802997,0.8572253584861755,0.8800674676895142,0.88577800989151,0.8323187828063965,0.3752475082874298,0.7411560416221619,0.0,0.8572253584861755,0.9227060079574584,0.8798630237579346,-135.35554121409783,1502.6584788715652,-7.356641323040023,5.0,0.6601268316755344,6.010985277607728,16.0,0.6150524983039269,0.5710322765203623,5.030115432419645,1.0687607516095745,0.7217159709693101,0.3148601022904335,5.1896534,4.9096503257751465,10.059396,15.97659683227539,13,1567.9158,0.0769230769230769,88.66153846153848,6.431184196472167,0.0384615384615384,0.4615384615384615,0.3076923076923077,0.3076923076923077,0.5384615384615385,0.0769230769230769,0.0769230769230769,0.0769230769230769,0.0,0.1308506552319926
255,2g6q_ARQTTAR,0.72,-35.464620110542086,985.8248942207148,-36.38610381871428,5,0.6210276301654222,5.574350012044126,18,83.74428571428572,83.74428571428572,6.155447941888622,0.4777041587959585,0.2981343064238851,0.9065451622009276,0.9496293067932128,0.9604003429412842,0.9562751054763794,0.3276927471160888,0.5780567526817322,0.0,0.9065451622009276,0.9473579525947572,0.9172503352165222,-9.891065908664007,951.4953848447074,3.3875359477962803,4.0,0.73175145665312,5.613100423838825,18.0,0.8978832534381321,0.7963348797389439,3.460128503186362,0.5836258458456174,0.7357496064915381,0.647526548304478,3.4736657,0.6590673923492432,2.4140692,1.1744754314422607,7,802.8795,0.0,36.08571428571429,11.999967765808105,-1.4714285714285715,0.2857142857142857,0.0,0.2857142857142857,0.2857142857142857,0.4285714285714285,0.2857142857142857,0.0,0.2857142857142857,0.3531208365339666
256,4ezz_KPVLLEI,0.38,-402.90852173533307,1116.1662921991615,-18.219131245332107,10,0.7155592058581066,5.906623355162746,20,33.03285714285714,33.03285714285714,20.92932063492065,0.0161446918958388,0.0,0.9374154806137084,0.9640396237373352,0.9706956744194032,0.9515148997306824,0.3283044397830963,0.9558923244476318,0.0,0.9374154806137084,0.9399434328079224,0.974000871181488,-119.0372556201057,1193.868645264667,316.3259020634225,15.0,0.7099818138989586,6.2564509905516665,21.0,0.8366055147988456,0.8366055147988456,5.599724552896288,1.0005315580632952,0.6919612648464575,0.4122083639602397,13.418376,0.6816068291664124,17.317625,5.348430156707764,7,811.0206,0.0,52.82857142857144,6.001424598693848,1.042857142857143,0.5714285714285714,0.1428571428571428,0.5714285714285714,0.5714285714285714,0.0,0.1428571428571428,0.1428571428571428,0.0,0.4060980427722725
257,5tq1_VPDSESV,0.52,-138.01273809308643,799.4278723558118,-19.924853877707505,3,0.7238286074236011,5.725479794614827,7,57.57,57.57,14.481838624338623,0.0510143841286725,0.016336611767278,0.9053551554679872,0.9238103032112122,0.928424060344696,0.8691034913063049,0.3158011436462402,0.8334502577781677,0.0,0.9053551554679872,0.9725330471992492,0.9414283633232116,2.6135668336054887,899.0037000197672,118.03173163401505,3.0,0.7632373957519637,6.22622617372894,9.0,0.5611963186945234,0.5611963186945234,4.468098289476186,0.7878236118211317,0.5508158758254063,0.380851881505101,8.485966,2.610112190246582,7.0666313,14.269871711730955,7,731.7484999999999,0.0,107.85714285714288,4.0500284194946286,-0.2571428571428571,0.1428571428571428,0.5714285714285714,0.2857142857142857,0.2857142857142857,0.2857142857142857,0.0,0.2857142857142857,-0.2857142857142857,0.369690617623685
258,5wrv_ELALNLKLPAFADFLPADFVAHP,0.46,-194.71400742269924,2212.14917804924,-37.03601687137433,9,0.646141577789773,6.927359110021861,33,45.80782608695652,40.805217391304346,16.560356177843282,0.0326746863030944,0.0321276222771972,0.8252328038215637,0.8457976579666138,0.8509387969970703,0.763248860836029,0.4395797848701477,1.6059889793395996,0.0,0.8252328038215637,0.9400929808616638,0.8065486550331116,-74.0767659335453,2378.5343555520217,177.51095356412736,15.0,0.6822389895606523,6.743558697196472,31.0,0.5105474306189496,0.4698624299920123,7.350538371910015,1.4841381641650662,0.4934873615289776,0.1537100244794537,3.4998825,6.422630310058594,5.1598883,6.934330940246582,23,2509.8937999999994,0.1304347826086956,16.795652173913048,4.536740684509279,0.6391304347826088,0.5217391304347826,0.2608695652173913,0.3913043478260869,0.6086956521739131,0.0434782608695652,0.0869565217391304,0.1304347826086956,-0.0434782608695652,0.0874295786594998
259,6maj_IVLSLFEEIIDIEMIHLRGP,0.56,-394.3376420853312,1580.6913972973985,-45.02496263791471,11,0.4798757410182908,5.920714814590729,16,47.5185,36.324,21.67566083916084,0.3375199442107011,0.0556380973341761,0.592972457408905,0.8370317816734314,0.898046612739563,0.8553445935249329,0.6589736938476562,5.92661714553833,0.0,0.592972457408905,0.932270884513855,0.6925379037857056,-291.07031461641134,1802.375772988822,-38.37673087269454,1.0,0.5587094384771593,5.541740192234767,14.0,0.6603622287511826,0.4599127262830734,17.958292635368718,4.810532241528268,0.1486456579825933,0.0223516305510539,10.892782,5.707521915435791,10.937626,8.325077056884766,20,2337.7751000000003,0.05,64.71,4.396973609924316,0.915,0.35,0.2,0.5,0.5499999999999999,0.05,0.1,0.2,-0.1,0.2342448220593897
260,2ruk_QDEPFMDEEDLGDDLIWPPD,0.7,-116.10434569407988,1932.8141104324336,-23.55031646331909,20,0.6782684872953484,6.287881351753746,21,67.636,66.35999999999999,11.54440624999999,0.5775450943241288,0.1734287334098936,0.7950500249862671,0.8465828895568848,0.8594660758972168,0.8364340662956238,0.5035527944564819,1.556661605834961,0.0,0.7950500249862671,0.9223491549491882,0.7589347958564758,-96.36861580667336,1882.6653711094084,33.926637979433266,11.0,0.5446154876332155,6.354282884036281,21.0,0.661179956793785,0.512871041893959,7.720384524494875,1.4273165472317486,0.4866513712404064,0.1380850520727365,4.654042,4.720719337463379,6.120606,4.983443737030029,20,2376.4603,0.1,70.18,4.0500284194946286,-1.215,0.3,0.5,0.25,0.3,0.05,0.0,0.4499999999999999,-0.4499999999999999,0.2055451135089941
261,6gvk_NGISSVLEISSLNHCLEFCGPTNL,0.71,-328.7533111581787,2896.531407710328,-97.5160905891188,28,0.6242562066221753,5.8492967780749705,48,62.28208333333333,59.58833333333335,13.493195058997015,0.2831551544360365,0.06931008390858,0.8284374475479126,0.8496168255805969,0.8549116253852844,0.7814299464225769,0.5964940190315247,2.330693483352661,0.0,0.8284374475479126,0.909113347530365,0.8371894955635071,-165.22997460226944,3154.31097644734,61.98445181644908,28.0,0.5993862459179515,5.953014818494581,44.0,0.5604355620841185,0.5459842669467131,7.921359062321199,1.891519645624588,0.5849082060842125,0.1000886559748473,16.967676,14.15883445739746,16.062212,20.606979370117188,24,2547.8575000000005,0.0416666666666666,25.620833333333337,4.507184410095214,0.3833333333333333,0.25,0.4166666666666666,0.375,0.3333333333333333,0.4166666666666667,0.0416666666666666,0.0833333333333333,-0.0416666666666666,0.0692929195694786
262,5q1e_LQLHDLLKDRY,0.68,-405.8485149483956,1157.2362941744464,-29.962748032219334,4,0.5250116724793363,6.98281752296966,13,59.75909090909092,46.20727272727273,14.741690522243712,0.2352405685536794,0.0756406674326103,0.8061557412147522,0.9024906158447266,0.9265742897987366,0.9037524461746216,0.4788243472576141,2.7908291816711426,0.0,0.8061557412147522,0.9373035430908204,0.9062658548355104,-173.15398802128306,1294.349305911988,97.29609166741278,8.0,0.386997162001283,6.930363568902534,14.0,0.8330314376137473,0.6702571240338412,11.353042234742665,2.173504284006945,0.4340685258214733,0.0806566951711726,5.8692446,1.2440285682678225,7.7259164,13.920886993408203,11,1413.6202,0.0909090909090909,17.3,6.7460721969604505,-0.7454545454545456,0.4545454545454546,0.1818181818181818,0.4545454545454546,0.4545454545454546,0.0909090909090909,0.2727272727272727,0.1818181818181818,0.0909090909090908,0.2629257744783436
